// Generated from IDA libauro.so preset cstr data. Do not edit by hand.

namespace {

alignas(4) constexpr std::array<std::uint8_t, 7568> kXinnSpreset_2in6_1 = {{
    0x11, 0x00, 0x00, 0x00, 0x20, 0x00, 0x00, 0x00, 0x00, 0xA0, 0x0C, 0x46, 0x70, 0x03, 0x06, 0xC0,
    0x66, 0x66, 0x86, 0x3F, 0x70, 0x1C, 0x47, 0x3E, 0xC8, 0x71, 0x9C, 0xBE, 0x4A, 0x00, 0x00, 0x00,
    0x10, 0x22, 0x0F, 0x3F, 0xCC, 0x00, 0x00, 0x00, 0x89, 0x91, 0x66, 0x3E, 0x25, 0x02, 0x00, 0x00,
    0xE8, 0xDE, 0x61, 0x3D, 0x34, 0x06, 0x00, 0x00, 0x23, 0xCE, 0x65, 0x3D, 0x3B, 0x06, 0x00, 0x00,
    0xFB, 0xAA, 0xE2, 0x3C, 0x48, 0x06, 0x00, 0x00, 0x1C, 0x1C, 0xF7, 0xBC, 0xA4, 0x06, 0x00, 0x00,
    0x01, 0x96, 0xA9, 0xBC, 0xFE, 0x06, 0x00, 0x00, 0x26, 0x59, 0x80, 0x3C, 0x4E, 0x07, 0x00, 0x00,
    0x57, 0x88, 0x39, 0xBC, 0xA0, 0x07, 0x00, 0x00, 0xDE, 0x65, 0xB2, 0x3C, 0xE0, 0x07, 0x00, 0x00,
    0x04, 0x77, 0x3B, 0xBC, 0x2A, 0x08, 0x00, 0x00, 0xEE, 0x63, 0x3F, 0x3C, 0xAA, 0x08, 0x00, 0x00,
    0x94, 0x29, 0x8A, 0xBC, 0x2A, 0x09, 0x00, 0x00, 0x39, 0x91, 0x49, 0x3C, 0x5B, 0x09, 0x00, 0x00,
    0x17, 0xA9, 0x45, 0x3C, 0x9B, 0x09, 0x00, 0x00, 0xA8, 0x54, 0xC6, 0xBC, 0xD9, 0x09, 0x00, 0x00,
    0x9A, 0x49, 0x6F, 0x3C, 0xFD, 0x09, 0x00, 0x00, 0x83, 0x88, 0x93, 0x3C, 0x34, 0x0A, 0x00, 0x00,
    0xEA, 0xD7, 0x8F, 0x3C, 0x85, 0x0A, 0x00, 0x00, 0x54, 0x56, 0x72, 0x3C, 0xA9, 0x0A, 0x00, 0x00,
    0x85, 0xD1, 0x28, 0xBC, 0xEF, 0x0A, 0x00, 0x00, 0xC6, 0x43, 0x4A, 0xBC, 0x50, 0x0B, 0x00, 0x00,
    0x9C, 0x83, 0xCE, 0xBB, 0x76, 0x0B, 0x00, 0x00, 0x92, 0x7D, 0x0A, 0xBC, 0x93, 0x0B, 0x00, 0x00,
    0x59, 0xBC, 0x5A, 0x3C, 0xB6, 0x0B, 0x00, 0x00, 0xAB, 0xC3, 0x3C, 0xBC, 0xD9, 0x0B, 0x00, 0x00,
    0x98, 0xDA, 0x33, 0x3C, 0xED, 0x0B, 0x00, 0x00, 0x5B, 0x8C, 0x6C, 0xBC, 0x28, 0x0C, 0x00, 0x00,
    0x39, 0xCD, 0x46, 0xBC, 0x3C, 0x0C, 0x00, 0x00, 0xEE, 0x8C, 0x1D, 0xBC, 0x4E, 0x0C, 0x00, 0x00,
    0x14, 0xFD, 0x29, 0x3C, 0x59, 0x0C, 0x00, 0x00, 0x35, 0xE2, 0x13, 0xBC, 0x00, 0x00, 0x00, 0x00,
    0x00, 0x00, 0x00, 0x00, 0x00, 0x00, 0x00, 0x00, 0x00, 0x00, 0x00, 0x00, 0x00, 0x00, 0x00, 0x00,
    0x00, 0x00, 0x00, 0x00, 0x00, 0x00, 0x00, 0x00, 0x00, 0x00, 0x00, 0x00, 0x00, 0x00, 0x00, 0x00,
    0x00, 0x00, 0x00, 0x00, 0x00, 0x00, 0x00, 0x00, 0x00, 0x00, 0x00, 0x00, 0x00, 0x00, 0x00, 0x00,
    0x00, 0x00, 0x00, 0x00, 0x00, 0x00, 0x00, 0x00, 0x00, 0x00, 0x00, 0x00, 0x00, 0x00, 0x00, 0x00,
    0x00, 0x00, 0x00, 0x00, 0x00, 0x00, 0x00, 0x00, 0x00, 0x00, 0x00, 0x00, 0x00, 0x00, 0x00, 0x00,
    0x00, 0x00, 0x00, 0x00, 0x00, 0x00, 0x00, 0x00, 0x00, 0x00, 0x00, 0x00, 0x00, 0x00, 0x00, 0x00,
    0x00, 0x00, 0x00, 0x00, 0x00, 0x00, 0x00, 0x00, 0x00, 0x00, 0x00, 0x00, 0x00, 0x00, 0x00, 0x00,
    0x00, 0x00, 0x00, 0x00, 0x00, 0x00, 0x00, 0x00, 0x00, 0x00, 0x00, 0x00, 0xB0, 0x00, 0x00, 0x00,
    0x95, 0xF4, 0xEB, 0x3D, 0x23, 0x01, 0x00, 0x00, 0x15, 0xB5, 0x02, 0x3E, 0xA6, 0x04, 0x00, 0x00,
    0x1C, 0x3C, 0xD6, 0x3C, 0xDC, 0x04, 0x00, 0x00, 0xE4, 0x9F, 0x1C, 0x3D, 0x0A, 0x05, 0x00, 0x00,
    0x10, 0x61, 0x29, 0x3D, 0x49, 0x05, 0x00, 0x00, 0x82, 0x9A, 0xB2, 0xBC, 0x4B, 0x05, 0x00, 0x00,
    0x21, 0x15, 0xD2, 0x3C, 0x4D, 0x05, 0x00, 0x00, 0x7A, 0x65, 0xC8, 0xBC, 0x7B, 0x05, 0x00, 0x00,
    0x11, 0xC4, 0x19, 0x3D, 0xF8, 0x05, 0x00, 0x00, 0x91, 0xBA, 0x08, 0x3D, 0xFA, 0x05, 0x00, 0x00,
    0x05, 0xF9, 0xDA, 0xBC, 0x3B, 0x06, 0x00, 0x00, 0x40, 0x9B, 0x41, 0xBC, 0xB7, 0x06, 0x00, 0x00,
    0x68, 0x06, 0x4E, 0xBC, 0x28, 0x07, 0x00, 0x00, 0xA2, 0x53, 0xA2, 0xBC, 0x44, 0x07, 0x00, 0x00,
    0xD7, 0x70, 0x8B, 0x3C, 0x4A, 0x07, 0x00, 0x00, 0x0B, 0xAA, 0x9A, 0x3C, 0x58, 0x07, 0x00, 0x00,
    0x8B, 0x41, 0xB4, 0x3C, 0x5B, 0x07, 0x00, 0x00, 0xF0, 0x1F, 0x02, 0xBD, 0x5F, 0x07, 0x00, 0x00,
    0x5B, 0xC4, 0xA1, 0x3C, 0x6B, 0x07, 0x00, 0x00, 0x36, 0x0E, 0x8D, 0x3C, 0x84, 0x07, 0x00, 0x00,
    0x59, 0xBC, 0x5A, 0x3C, 0xC9, 0x07, 0x00, 0x00, 0xC3, 0x34, 0x63, 0xBC, 0x1C, 0x08, 0x00, 0x00,
    0xFC, 0x17, 0x6D, 0xBC, 0x69, 0x08, 0x00, 0x00, 0x9B, 0x7F, 0x68, 0x3C, 0x26, 0x09, 0x00, 0x00,
    0xA5, 0xFF, 0x5B, 0xBC, 0x43, 0x09, 0x00, 0x00, 0xD8, 0x94, 0x52, 0xBC, 0x4B, 0x09, 0x00, 0x00,
    0x38, 0x4D, 0x7C, 0x3C, 0x8C, 0x09, 0x00, 0x00, 0x25, 0xB8, 0x47, 0xBC, 0xC8, 0x09, 0x00, 0x00,
    0xE1, 0x90, 0x36, 0xBC, 0x09, 0x0A, 0x00, 0x00, 0xC7, 0x6A, 0x0C, 0xBC, 0x0C, 0x0A, 0x00, 0x00,
    0xFC, 0xC5, 0x2A, 0x3C, 0x1A, 0x0A, 0x00, 0x00, 0xA1, 0xDA, 0x3D, 0x3C, 0x00, 0x00, 0x00, 0x00,
    0x00, 0x00, 0x00, 0x00, 0x00, 0x00, 0x00, 0x00, 0x00, 0x00, 0x00, 0x00, 0x00, 0x00, 0x00, 0x00,
    0x00, 0x00, 0x00, 0x00, 0x00, 0x00, 0x00, 0x00, 0x00, 0x00, 0x00, 0x00, 0x00, 0x00, 0x00, 0x00,
    0x00, 0x00, 0x00, 0x00, 0x00, 0x00, 0x00, 0x00, 0x00, 0x00, 0x00, 0x00, 0x00, 0x00, 0x00, 0x00,
    0x00, 0x00, 0x00, 0x00, 0x00, 0x00, 0x00, 0x00, 0x00, 0x00, 0x00, 0x00, 0x00, 0x00, 0x00, 0x00,
    0x00, 0x00, 0x00, 0x00, 0x00, 0x00, 0x00, 0x00, 0x00, 0x00, 0x00, 0x00, 0x00, 0x00, 0x00, 0x00,
    0x00, 0x00, 0x00, 0x00, 0x00, 0x00, 0x00, 0x00, 0x00, 0x00, 0x00, 0x00, 0x00, 0x00, 0x00, 0x00,
    0x00, 0x00, 0x00, 0x00, 0x00, 0x00, 0x00, 0x00, 0x00, 0x00, 0x00, 0x00, 0x00, 0x00, 0x00, 0x00,
    0x00, 0x00, 0x00, 0x00, 0x00, 0x00, 0x00, 0x00, 0x00, 0x00, 0x00, 0x00, 0xAB, 0x00, 0x00, 0x00,
    0x95, 0xF4, 0xEB, 0x3D, 0x1E, 0x01, 0x00, 0x00, 0xA7, 0x86, 0xAB, 0x3D, 0x57, 0x02, 0x00, 0x00,
    0x57, 0xB2, 0x04, 0xBD, 0x14, 0x05, 0x00, 0x00, 0x8B, 0x08, 0xC4, 0x3D, 0x17, 0x05, 0x00, 0x00,
    0xBC, 0x19, 0xBC, 0xBC, 0xB5, 0x05, 0x00, 0x00, 0x06, 0xED, 0x2C, 0x3D, 0xC7, 0x05, 0x00, 0x00,
    0x3B, 0x1A, 0xC6, 0xBC, 0xDE, 0x05, 0x00, 0x00, 0xE5, 0xD7, 0x0E, 0x3D, 0x63, 0x06, 0x00, 0x00,
    0xCC, 0x37, 0x8D, 0xBC, 0x38, 0x07, 0x00, 0x00, 0x50, 0x0B, 0x00, 0x3D, 0x3E, 0x07, 0x00, 0x00,
    0x33, 0xAD, 0x09, 0x3D, 0x62, 0x07, 0x00, 0x00, 0x54, 0xFF, 0x9E, 0x3C, 0xE8, 0x07, 0x00, 0x00,
    0xC8, 0xF5, 0x8A, 0x3C, 0x0D, 0x08, 0x00, 0x00, 0xE0, 0x01, 0x91, 0xBC, 0x6B, 0x08, 0x00, 0x00,
    0xE8, 0xA3, 0x6D, 0x3C, 0xBB, 0x08, 0x00, 0x00, 0x99, 0x18, 0x84, 0xBC, 0x27, 0x09, 0x00, 0x00,
    0xC7, 0xB7, 0x98, 0xBC, 0x4E, 0x09, 0x00, 0x00, 0x81, 0x08, 0x8E, 0xBC, 0x7A, 0x09, 0x00, 0x00,
    0xD1, 0xF0, 0x80, 0xBC, 0x7E, 0x09, 0x00, 0x00, 0x05, 0xA8, 0x27, 0x3C, 0xA7, 0x09, 0x00, 0x00,
    0x23, 0x6E, 0x67, 0xBC, 0xCE, 0x09, 0x00, 0x00, 0x1D, 0x3B, 0x68, 0xBC, 0xFF, 0x09, 0x00, 0x00,
    0x1D, 0xBB, 0x59, 0xBC, 0x0F, 0x0A, 0x00, 0x00, 0x63, 0x32, 0x8E, 0x3C, 0x3C, 0x0A, 0x00, 0x00,
    0x88, 0x40, 0x5C, 0xBC, 0x3E, 0x0A, 0x00, 0x00, 0x95, 0xC7, 0x85, 0x3C, 0x99, 0x0A, 0x00, 0x00,
    0x2E, 0xB1, 0x4F, 0x3C, 0x09, 0x0B, 0x00, 0x00, 0x4A, 0x1C, 0x20, 0xBC, 0x1D, 0x0B, 0x00, 0x00,
    0x5C, 0x07, 0x24, 0xBC, 0x2C, 0x0B, 0x00, 0x00, 0xBE, 0xC1, 0x55, 0x3C, 0x39, 0x0B, 0x00, 0x00,
    0xD2, 0xF1, 0x62, 0x3C, 0x49, 0x0B, 0x00, 0x00, 0x96, 0x4C, 0xA6, 0x3C, 0x00, 0x00, 0x00, 0x00,
    0x00, 0x00, 0x00, 0x00, 0x00, 0x00, 0x00, 0x00, 0x00, 0x00, 0x00, 0x00, 0x00, 0x00, 0x00, 0x00,
    0x00, 0x00, 0x00, 0x00, 0x00, 0x00, 0x00, 0x00, 0x00, 0x00, 0x00, 0x00, 0x00, 0x00, 0x00, 0x00,
    0x00, 0x00, 0x00, 0x00, 0x00, 0x00, 0x00, 0x00, 0x00, 0x00, 0x00, 0x00, 0x00, 0x00, 0x00, 0x00,
    0x00, 0x00, 0x00, 0x00, 0x00, 0x00, 0x00, 0x00, 0x00, 0x00, 0x00, 0x00, 0x00, 0x00, 0x00, 0x00,
    0x00, 0x00, 0x00, 0x00, 0x00, 0x00, 0x00, 0x00, 0x00, 0x00, 0x00, 0x00, 0x00, 0x00, 0x00, 0x00,
    0x00, 0x00, 0x00, 0x00, 0x00, 0x00, 0x00, 0x00, 0x00, 0x00, 0x00, 0x00, 0x00, 0x00, 0x00, 0x00,
    0x00, 0x00, 0x00, 0x00, 0x00, 0x00, 0x00, 0x00, 0x00, 0x00, 0x00, 0x00, 0x00, 0x00, 0x00, 0x00,
    0x00, 0x00, 0x00, 0x00, 0x00, 0x00, 0x00, 0x00, 0x00, 0x00, 0x00, 0x00, 0x45, 0x00, 0x00, 0x00,
    0x10, 0x22, 0x0F, 0x3F, 0xCC, 0x00, 0x00, 0x00, 0x24, 0xAF, 0x56, 0x3E, 0x23, 0x01, 0x00, 0x00,
    0xEC, 0xBB, 0x68, 0xBD, 0x87, 0x01, 0x00, 0x00, 0x42, 0x16, 0x04, 0x3D, 0x2B, 0x05, 0x00, 0x00,
    0x01, 0xFE, 0x63, 0x3C, 0xDB, 0x05, 0x00, 0x00, 0x8F, 0x1B, 0x7B, 0x3D, 0xDE, 0x05, 0x00, 0x00,
    0x8B, 0x41, 0xB4, 0xBC, 0xE0, 0x05, 0x00, 0x00, 0xCC, 0xD5, 0x09, 0x3D, 0xF3, 0x05, 0x00, 0x00,
    0x1C, 0x3C, 0xD6, 0x3C, 0x08, 0x06, 0x00, 0x00, 0x12, 0xF7, 0xD8, 0x3C, 0x17, 0x06, 0x00, 0x00,
    0xE3, 0x4A, 0xE5, 0xBC, 0x44, 0x06, 0x00, 0x00, 0x74, 0x10, 0xCD, 0xBC, 0x75, 0x06, 0x00, 0x00,
    0x87, 0xBA, 0xD6, 0xBC, 0x96, 0x06, 0x00, 0x00, 0xC1, 0x5B, 0x9D, 0x3C, 0xC7, 0x06, 0x00, 0x00,
    0x52, 0xA6, 0x6A, 0xBC, 0x32, 0x07, 0x00, 0x00, 0x30, 0xDD, 0x60, 0xBC, 0x9E, 0x07, 0x00, 0x00,
    0x83, 0xB8, 0xDA, 0xBC, 0xA0, 0x07, 0x00, 0x00, 0x4C, 0x45, 0xD4, 0x3C, 0xC2, 0x07, 0x00, 0x00,
    0x24, 0xD8, 0xF4, 0x3C, 0xD3, 0x07, 0x00, 0x00, 0x52, 0xDA, 0x06, 0xBD, 0x7F, 0x08, 0x00, 0x00,
    0x8A, 0x1D, 0x70, 0x3C, 0xA7, 0x08, 0x00, 0x00, 0x49, 0xFB, 0x59, 0xBC, 0x64, 0x09, 0x00, 0x00,
    0x96, 0x04, 0xCA, 0xBC, 0x98, 0x09, 0x00, 0x00, 0x26, 0x90, 0x6F, 0x3C, 0x09, 0x0A, 0x00, 0x00,
    0x81, 0x4D, 0x69, 0xBC, 0x28, 0x0A, 0x00, 0x00, 0x7B, 0x6C, 0x88, 0x3C, 0x89, 0x0A, 0x00, 0x00,
    0xB7, 0xBC, 0x6E, 0x3C, 0xCC, 0x0A, 0x00, 0x00, 0xAD, 0xD7, 0x76, 0xBC, 0x0F, 0x0B, 0x00, 0x00,
    0x55, 0x92, 0x69, 0x3C, 0x15, 0x0B, 0x00, 0x00, 0x8A, 0x1D, 0x70, 0x3C, 0x2F, 0x0B, 0x00, 0x00,
    0x25, 0x76, 0x6B, 0xBC, 0x45, 0x0B, 0x00, 0x00, 0x54, 0x56, 0x72, 0xBC, 0x00, 0x00, 0x00, 0x00,
    0x00, 0x00, 0x00, 0x00, 0x00, 0x00, 0x00, 0x00, 0x00, 0x00, 0x00, 0x00, 0x00, 0x00, 0x00, 0x00,
    0x00, 0x00, 0x00, 0x00, 0x00, 0x00, 0x00, 0x00, 0x00, 0x00, 0x00, 0x00, 0x00, 0x00, 0x00, 0x00,
    0x00, 0x00, 0x00, 0x00, 0x00, 0x00, 0x00, 0x00, 0x00, 0x00, 0x00, 0x00, 0x00, 0x00, 0x00, 0x00,
    0x00, 0x00, 0x00, 0x00, 0x00, 0x00, 0x00, 0x00, 0x00, 0x00, 0x00, 0x00, 0x00, 0x00, 0x00, 0x00,
    0x00, 0x00, 0x00, 0x00, 0x00, 0x00, 0x00, 0x00, 0x00, 0x00, 0x00, 0x00, 0x00, 0x00, 0x00, 0x00,
    0x00, 0x00, 0x00, 0x00, 0x00, 0x00, 0x00, 0x00, 0x00, 0x00, 0x00, 0x00, 0x00, 0x00, 0x00, 0x00,
    0x00, 0x00, 0x00, 0x00, 0x00, 0x00, 0x00, 0x00, 0x00, 0x00, 0x00, 0x00, 0x00, 0x00, 0x00, 0x00,
    0x00, 0x00, 0x00, 0x00, 0x00, 0x00, 0x00, 0x00, 0x00, 0x00, 0x00, 0x00, 0x8A, 0x00, 0x00, 0x00,
    0x11, 0xAB, 0x55, 0x3F, 0x8A, 0x01, 0x00, 0x00, 0xF4, 0x2D, 0x5B, 0x3E, 0x6C, 0x02, 0x00, 0x00,
    0x44, 0x11, 0xB9, 0x3D, 0x8E, 0x02, 0x00, 0x00, 0xE0, 0x13, 0x6A, 0xBD, 0xE8, 0x02, 0x00, 0x00,
    0xD5, 0x85, 0x4D, 0xBD, 0x80, 0x03, 0x00, 0x00, 0x61, 0x3E, 0x34, 0xBD, 0x4D, 0x04, 0x00, 0x00,
    0x2F, 0x28, 0xFD, 0xBC, 0x66, 0x05, 0x00, 0x00, 0x3D, 0xCE, 0xBA, 0x3C, 0xEB, 0x05, 0x00, 0x00,
    0xBE, 0xB3, 0x35, 0x3D, 0x54, 0x06, 0x00, 0x00, 0x81, 0x27, 0x87, 0x3D, 0x57, 0x06, 0x00, 0x00,
    0x50, 0x0B, 0x00, 0xBD, 0x61, 0x06, 0x00, 0x00, 0x71, 0xF9, 0xF5, 0xBC, 0x6C, 0x06, 0x00, 0x00,
    0x10, 0xA5, 0xA7, 0x3C, 0x1A, 0x07, 0x00, 0x00, 0xE5, 0x11, 0x95, 0x3C, 0xB3, 0x07, 0x00, 0x00,
    0x0F, 0x5D, 0x93, 0xBC, 0xC0, 0x07, 0x00, 0x00, 0x44, 0xF8, 0x96, 0x3C, 0x06, 0x08, 0x00, 0x00,
    0x44, 0xF8, 0x96, 0x3C, 0x11, 0x08, 0x00, 0x00, 0x15, 0x06, 0xA1, 0x3C, 0x39, 0x08, 0x00, 0x00,
    0x81, 0x95, 0x82, 0xBC, 0x94, 0x08, 0x00, 0x00, 0x54, 0x56, 0x72, 0x3C, 0xB9, 0x08, 0x00, 0x00,
    0x47, 0x44, 0x88, 0xBC, 0xCC, 0x08, 0x00, 0x00, 0x20, 0x7E, 0x5B, 0x3C, 0xE5, 0x08, 0x00, 0x00,
    0xD5, 0xA1, 0x66, 0x3C, 0x23, 0x09, 0x00, 0x00, 0x10, 0xA5, 0xA7, 0xBC, 0x48, 0x09, 0x00, 0x00,
    0x8A, 0x39, 0xA8, 0xBC, 0x79, 0x09, 0x00, 0x00, 0x55, 0x92, 0x69, 0xBC, 0x8A, 0x09, 0x00, 0x00,
    0x97, 0x0D, 0x80, 0x3C, 0xBB, 0x09, 0x00, 0x00, 0x71, 0x57, 0x91, 0x3C, 0xCC, 0x09, 0x00, 0x00,
    0x1E, 0xA4, 0x48, 0xBC, 0x52, 0x0A, 0x00, 0x00, 0x93, 0x5E, 0x89, 0xBC, 0x63, 0x0A, 0x00, 0x00,
    0x50, 0x86, 0x8E, 0x3C, 0x72, 0x0A, 0x00, 0x00, 0xD0, 0x78, 0x85, 0xBC, 0x00, 0x00, 0x00, 0x00,
    0x00, 0x00, 0x00, 0x00, 0x00, 0x00, 0x00, 0x00, 0x00, 0x00, 0x00, 0x00, 0x00, 0x00, 0x00, 0x00,
    0x00, 0x00, 0x00, 0x00, 0x00, 0x00, 0x00, 0x00, 0x00, 0x00, 0x00, 0x00, 0x00, 0x00, 0x00, 0x00,
    0x00, 0x00, 0x00, 0x00, 0x00, 0x00, 0x00, 0x00, 0x00, 0x00, 0x00, 0x00, 0x00, 0x00, 0x00, 0x00,
    0x00, 0x00, 0x00, 0x00, 0x00, 0x00, 0x00, 0x00, 0x00, 0x00, 0x00, 0x00, 0x00, 0x00, 0x00, 0x00,
    0x00, 0x00, 0x00, 0x00, 0x00, 0x00, 0x00, 0x00, 0x00, 0x00, 0x00, 0x00, 0x00, 0x00, 0x00, 0x00,
    0x00, 0x00, 0x00, 0x00, 0x00, 0x00, 0x00, 0x00, 0x00, 0x00, 0x00, 0x00, 0x00, 0x00, 0x00, 0x00,
    0x00, 0x00, 0x00, 0x00, 0x00, 0x00, 0x00, 0x00, 0x00, 0x00, 0x00, 0x00, 0x00, 0x00, 0x00, 0x00,
    0x00, 0x00, 0x00, 0x00, 0x00, 0x00, 0x00, 0x00, 0x00, 0x00, 0x00, 0x00, 0xA5, 0x00, 0x00, 0x00,
    0x06, 0x4B, 0x22, 0x3E, 0xA0, 0x01, 0x00, 0x00, 0xCE, 0x00, 0x47, 0x3D, 0x2A, 0x02, 0x00, 0x00,
    0x85, 0x25, 0x85, 0x3D, 0x75, 0x03, 0x00, 0x00, 0x56, 0x5A, 0x1F, 0xBD, 0x00, 0x04, 0x00, 0x00,
    0xEA, 0x4C, 0xCD, 0x3C, 0x20, 0x05, 0x00, 0x00, 0x5B, 0xEF, 0x03, 0xBD, 0x8C, 0x05, 0x00, 0x00,
    0xCF, 0xC9, 0xF8, 0x3D, 0x8E, 0x05, 0x00, 0x00, 0x94, 0x37, 0xB8, 0xBD, 0xBB, 0x05, 0x00, 0x00,
    0xE9, 0x8A, 0x06, 0xBD, 0xEB, 0x05, 0x00, 0x00, 0xE1, 0x3A, 0x84, 0x3D, 0x4E, 0x06, 0x00, 0x00,
    0x4B, 0x1C, 0x0B, 0x3D, 0x9B, 0x06, 0x00, 0x00, 0xB0, 0x8B, 0x74, 0x3D, 0x9D, 0x06, 0x00, 0x00,
    0x40, 0x62, 0x21, 0xBD, 0x33, 0x07, 0x00, 0x00, 0x10, 0xF4, 0x87, 0x3C, 0x36, 0x07, 0x00, 0x00,
    0xFC, 0xA6, 0xF0, 0xBC, 0x48, 0x07, 0x00, 0x00, 0x05, 0xF9, 0xDA, 0xBC, 0x7D, 0x07, 0x00, 0x00,
    0x4D, 0x8E, 0x94, 0xBC, 0xAF, 0x07, 0x00, 0x00, 0x2C, 0xC3, 0xB0, 0x3C, 0xC6, 0x07, 0x00, 0x00,
    0x29, 0x72, 0xEE, 0xBC, 0xCC, 0x07, 0x00, 0x00, 0xAF, 0x73, 0xBB, 0x3C, 0x13, 0x08, 0x00, 0x00,
    0xF1, 0x7A, 0x59, 0xBC, 0x86, 0x08, 0x00, 0x00, 0x64, 0x18, 0x9C, 0x3C, 0xAE, 0x08, 0x00, 0x00,
    0xBC, 0x95, 0xA4, 0xBC, 0xE1, 0x08, 0x00, 0x00, 0x6A, 0xB3, 0x79, 0xBC, 0x04, 0x09, 0x00, 0x00,
    0xA2, 0x68, 0x37, 0x3C, 0x4A, 0x09, 0x00, 0x00, 0xB8, 0xA2, 0x3D, 0xBC, 0xAF, 0x09, 0x00, 0x00,
    0x68, 0x61, 0x2A, 0x3C, 0xC7, 0x09, 0x00, 0x00, 0x1B, 0x01, 0x6C, 0xBC, 0xD7, 0x09, 0x00, 0x00,
    0x07, 0xFD, 0x79, 0xBC, 0x09, 0x0A, 0x00, 0x00, 0x54, 0x82, 0x91, 0x3C, 0x3C, 0x0A, 0x00, 0x00,
    0x9A, 0xE8, 0x14, 0x3C, 0x3F, 0x0A, 0x00, 0x00, 0x5D, 0x86, 0x22, 0xBC, 0x00, 0x00, 0x00, 0x00,
    0x00, 0x00, 0x00, 0x00, 0x00, 0x00, 0x00, 0x00, 0x00, 0x00, 0x00, 0x00, 0x00, 0x00, 0x00, 0x00,
    0x00, 0x00, 0x00, 0x00, 0x00, 0x00, 0x00, 0x00, 0x00, 0x00, 0x00, 0x00, 0x00, 0x00, 0x00, 0x00,
    0x00, 0x00, 0x00, 0x00, 0x00, 0x00, 0x00, 0x00, 0x00, 0x00, 0x00, 0x00, 0x00, 0x00, 0x00, 0x00,
    0x00, 0x00, 0x00, 0x00, 0x00, 0x00, 0x00, 0x00, 0x00, 0x00, 0x00, 0x00, 0x00, 0x00, 0x00, 0x00,
    0x00, 0x00, 0x00, 0x00, 0x00, 0x00, 0x00, 0x00, 0x00, 0x00, 0x00, 0x00, 0x00, 0x00, 0x00, 0x00,
    0x00, 0x00, 0x00, 0x00, 0x00, 0x00, 0x00, 0x00, 0x00, 0x00, 0x00, 0x00, 0x00, 0x00, 0x00, 0x00,
    0x00, 0x00, 0x00, 0x00, 0x00, 0x00, 0x00, 0x00, 0x00, 0x00, 0x00, 0x00, 0x00, 0x00, 0x00, 0x00,
    0x00, 0x00, 0x00, 0x00, 0x00, 0x00, 0x00, 0x00, 0x00, 0x00, 0x00, 0x00, 0xA2, 0x00, 0x00, 0x00,
    0x06, 0x4B, 0x22, 0x3E, 0x9A, 0x01, 0x00, 0x00, 0x1C, 0x15, 0x96, 0x3D, 0x7B, 0x02, 0x00, 0x00,
    0x5B, 0x76, 0x5B, 0x3D, 0xF3, 0x02, 0x00, 0x00, 0x2B, 0xA2, 0xEA, 0x3C, 0xF6, 0x02, 0x00, 0x00,
    0xA9, 0xA7, 0x3B, 0xBD, 0x97, 0x03, 0x00, 0x00, 0xBB, 0x60, 0x01, 0xBD, 0xCA, 0x05, 0x00, 0x00,
    0x05, 0x2F, 0xA4, 0x3D, 0x35, 0x06, 0x00, 0x00, 0xB4, 0x28, 0xE3, 0x3D, 0x42, 0x06, 0x00, 0x00,
    0x50, 0x5B, 0x9B, 0xBD, 0x4E, 0x06, 0x00, 0x00, 0xD4, 0x54, 0xE0, 0x3C, 0x79, 0x06, 0x00, 0x00,
    0x96, 0x4C, 0xA6, 0xBC, 0x8F, 0x06, 0x00, 0x00, 0xB5, 0x59, 0xED, 0xBC, 0x9F, 0x06, 0x00, 0x00,
    0x7C, 0x3C, 0xBB, 0x3C, 0xE3, 0x06, 0x00, 0x00, 0x8C, 0x43, 0xA3, 0xBC, 0xFF, 0x06, 0x00, 0x00,
    0x92, 0x39, 0xDB, 0x3C, 0x16, 0x07, 0x00, 0x00, 0x54, 0x52, 0x8A, 0xBC, 0x6B, 0x07, 0x00, 0x00,
    0x09, 0xE1, 0xF2, 0xBC, 0x92, 0x07, 0x00, 0x00, 0xF3, 0x22, 0xAE, 0xBC, 0xCB, 0x07, 0x00, 0x00,
    0x96, 0x4C, 0xA6, 0x3C, 0x0A, 0x08, 0x00, 0x00, 0xA8, 0xA2, 0x9C, 0xBC, 0x5E, 0x08, 0x00, 0x00,
    0xA0, 0x48, 0x82, 0x3C, 0xB5, 0x08, 0x00, 0x00, 0xB0, 0x48, 0xA0, 0x3C, 0x38, 0x09, 0x00, 0x00,
    0x82, 0xAD, 0xCF, 0xBC, 0x5B, 0x09, 0x00, 0x00, 0xDF, 0x43, 0x55, 0x3C, 0xA6, 0x09, 0x00, 0x00,
    0xA5, 0xFF, 0x5B, 0x3C, 0xE4, 0x09, 0x00, 0x00, 0x93, 0x5E, 0x89, 0xBC, 0x20, 0x0A, 0x00, 0x00,
    0x98, 0x1B, 0xA6, 0x3C, 0x78, 0x0A, 0x00, 0x00, 0x03, 0xA4, 0x87, 0xBC, 0xA0, 0x0A, 0x00, 0x00,
    0x56, 0x70, 0xCF, 0xBC, 0xDA, 0x0A, 0x00, 0x00, 0xBC, 0x30, 0xE3, 0xBC, 0xEE, 0x0A, 0x00, 0x00,
    0xC7, 0x8B, 0x5E, 0x3C, 0xF7, 0x0A, 0x00, 0x00, 0x26, 0xD2, 0x6C, 0xBC, 0x00, 0x00, 0x00, 0x00,
    0x00, 0x00, 0x00, 0x00, 0x00, 0x00, 0x00, 0x00, 0x00, 0x00, 0x00, 0x00, 0x00, 0x00, 0x00, 0x00,
    0x00, 0x00, 0x00, 0x00, 0x00, 0x00, 0x00, 0x00, 0x00, 0x00, 0x00, 0x00, 0x00, 0x00, 0x00, 0x00,
    0x00, 0x00, 0x00, 0x00, 0x00, 0x00, 0x00, 0x00, 0x00, 0x00, 0x00, 0x00, 0x00, 0x00, 0x00, 0x00,
    0x00, 0x00, 0x00, 0x00, 0x00, 0x00, 0x00, 0x00, 0x00, 0x00, 0x00, 0x00, 0x00, 0x00, 0x00, 0x00,
    0x00, 0x00, 0x00, 0x00, 0x00, 0x00, 0x00, 0x00, 0x00, 0x00, 0x00, 0x00, 0x00, 0x00, 0x00, 0x00,
    0x00, 0x00, 0x00, 0x00, 0x00, 0x00, 0x00, 0x00, 0x00, 0x00, 0x00, 0x00, 0x00, 0x00, 0x00, 0x00,
    0x00, 0x00, 0x00, 0x00, 0x00, 0x00, 0x00, 0x00, 0x00, 0x00, 0x00, 0x00, 0x00, 0x00, 0x00, 0x00,
    0x00, 0x00, 0x00, 0x00, 0x00, 0x00, 0x00, 0x00, 0x00, 0x00, 0x00, 0x00, 0x8B, 0x00, 0x00, 0x00,
    0xDA, 0xE6, 0x56, 0x3F, 0x8C, 0x01, 0x00, 0x00, 0x13, 0x05, 0x44, 0x3E, 0x1D, 0x02, 0x00, 0x00,
    0x5E, 0x6A, 0x33, 0x3D, 0x6A, 0x03, 0x00, 0x00, 0xDF, 0x0F, 0xC9, 0x3D, 0x8E, 0x03, 0x00, 0x00,
    0xF9, 0xF9, 0x7B, 0x3D, 0xB1, 0x05, 0x00, 0x00, 0x4C, 0xEA, 0x85, 0x3D, 0xB3, 0x05, 0x00, 0x00,
    0x61, 0x8D, 0x52, 0xBD, 0x0E, 0x06, 0x00, 0x00, 0xC2, 0xF8, 0x6B, 0x3D, 0x10, 0x06, 0x00, 0x00,
    0x4B, 0x1C, 0x0B, 0xBD, 0xBB, 0x06, 0x00, 0x00, 0xC6, 0xAB, 0x26, 0x3D, 0xBD, 0x06, 0x00, 0x00,
    0xC4, 0x79, 0x1A, 0xBD, 0xE9, 0x06, 0x00, 0x00, 0x85, 0x8E, 0xE5, 0x3C, 0x4E, 0x07, 0x00, 0x00,
    0x93, 0xA0, 0xC8, 0x3C, 0x51, 0x07, 0x00, 0x00, 0xD4, 0x54, 0xE0, 0xBC, 0x96, 0x07, 0x00, 0x00,
    0x32, 0xF6, 0xCE, 0xBC, 0xDA, 0x07, 0x00, 0x00, 0x14, 0xFA, 0xA9, 0x3C, 0x13, 0x08, 0x00, 0x00,
    0xD3, 0x34, 0xA4, 0x3C, 0xC1, 0x08, 0x00, 0x00, 0x7B, 0x89, 0xCD, 0xBC, 0x03, 0x09, 0x00, 0x00,
    0xAB, 0xEA, 0xA5, 0xBC, 0x36, 0x09, 0x00, 0x00, 0x8C, 0xEC, 0xB5, 0x3C, 0x6D, 0x09, 0x00, 0x00,
    0xF4, 0x58, 0x8F, 0x3C, 0x13, 0x0A, 0x00, 0x00, 0xB0, 0x48, 0xA0, 0xBC, 0x15, 0x0A, 0x00, 0x00,
    0x84, 0x25, 0xE2, 0x3C, 0x17, 0x0A, 0x00, 0x00, 0x0B, 0xAA, 0x9A, 0xBC, 0x6B, 0x0A, 0x00, 0x00,
    0xBB, 0xAF, 0x92, 0x3C, 0x80, 0x0A, 0x00, 0x00, 0x1E, 0x7B, 0x8A, 0xBC, 0xB3, 0x0A, 0x00, 0x00,
    0xA4, 0x2C, 0xEB, 0xBC, 0x25, 0x0B, 0x00, 0x00, 0x68, 0x2D, 0x9D, 0x3C, 0x49, 0x0B, 0x00, 0x00,
    0x12, 0x6A, 0x08, 0x3D, 0x4D, 0x0B, 0x00, 0x00, 0x2E, 0x8E, 0xE9, 0xBC, 0x50, 0x0B, 0x00, 0x00,
    0xB4, 0x0B, 0x0D, 0x3D, 0x5C, 0x0B, 0x00, 0x00, 0xFC, 0x64, 0xF7, 0xBC, 0x00, 0x00, 0x00, 0x00,
    0x00, 0x00, 0x00, 0x00, 0x00, 0x00, 0x00, 0x00, 0x00, 0x00, 0x00, 0x00, 0x00, 0x00, 0x00, 0x00,
    0x00, 0x00, 0x00, 0x00, 0x00, 0x00, 0x00, 0x00, 0x00, 0x00, 0x00, 0x00, 0x00, 0x00, 0x00, 0x00,
    0x00, 0x00, 0x00, 0x00, 0x00, 0x00, 0x00, 0x00, 0x00, 0x00, 0x00, 0x00, 0x00, 0x00, 0x00, 0x00,
    0x00, 0x00, 0x00, 0x00, 0x00, 0x00, 0x00, 0x00, 0x00, 0x00, 0x00, 0x00, 0x00, 0x00, 0x00, 0x00,
    0x00, 0x00, 0x00, 0x00, 0x00, 0x00, 0x00, 0x00, 0x00, 0x00, 0x00, 0x00, 0x00, 0x00, 0x00, 0x00,
    0x00, 0x00, 0x00, 0x00, 0x00, 0x00, 0x00, 0x00, 0x00, 0x00, 0x00, 0x00, 0x00, 0x00, 0x00, 0x00,
    0x00, 0x00, 0x00, 0x00, 0x00, 0x00, 0x00, 0x00, 0x00, 0x00, 0x00, 0x00, 0x00, 0x00, 0x00, 0x00,
    0x00, 0x00, 0x00, 0x00, 0x00, 0x00, 0x00, 0x00, 0x00, 0x00, 0x00, 0x00, 0xDA, 0x00, 0x00, 0x00,
    0x93, 0x92, 0x33, 0x3F, 0xCD, 0x01, 0x00, 0x00, 0xA6, 0x67, 0x88, 0x3D, 0x37, 0x02, 0x00, 0x00,
    0x28, 0x84, 0xAC, 0x3D, 0xAE, 0x02, 0x00, 0x00, 0xBD, 0x7F, 0x11, 0x3D, 0xCD, 0x02, 0x00, 0x00,
    0x80, 0xB7, 0x14, 0xBD, 0x8C, 0x03, 0x00, 0x00, 0x87, 0xF2, 0x4E, 0x3D, 0x8E, 0x03, 0x00, 0x00,
    0x9C, 0x60, 0x77, 0xBD, 0x7B, 0x04, 0x00, 0x00, 0xB8, 0x78, 0xD7, 0x3C, 0xCD, 0x04, 0x00, 0x00,
    0x28, 0x2F, 0xCB, 0xBC, 0x14, 0x05, 0x00, 0x00, 0xD4, 0x54, 0xE0, 0x3C, 0x60, 0x05, 0x00, 0x00,
    0xAB, 0x42, 0xC0, 0x3C, 0x92, 0x05, 0x00, 0x00, 0xB6, 0x8C, 0xAB, 0xBC, 0x44, 0x06, 0x00, 0x00,
    0x43, 0xF3, 0xAF, 0xBC, 0x7E, 0x06, 0x00, 0x00, 0x66, 0xF9, 0xB6, 0xBC, 0xAC, 0x06, 0x00, 0x00,
    0xE6, 0x83, 0xD4, 0x3C, 0xFF, 0x06, 0x00, 0x00, 0x4F, 0x56, 0xAE, 0xBC, 0x3E, 0x07, 0x00, 0x00,
    0xF5, 0xEC, 0xC0, 0xBC, 0xA6, 0x07, 0x00, 0x00, 0x1A, 0x65, 0xA1, 0xBC, 0xD0, 0x07, 0x00, 0x00,
    0xEE, 0x5F, 0x14, 0xBD, 0x43, 0x08, 0x00, 0x00, 0x34, 0xEE, 0x95, 0x3C, 0x81, 0x08, 0x00, 0x00,
    0x7E, 0xD6, 0xA7, 0x3C, 0xD1, 0x08, 0x00, 0x00, 0xCF, 0x17, 0xB9, 0xBC, 0xD5, 0x08, 0x00, 0x00,
    0xAB, 0x8D, 0xB6, 0xBC, 0x06, 0x09, 0x00, 0x00, 0x81, 0x08, 0x8E, 0x3C, 0x87, 0x09, 0x00, 0x00,
    0x55, 0x77, 0xD8, 0xBC, 0xE2, 0x09, 0x00, 0x00, 0xB6, 0xAE, 0xA6, 0xBC, 0xF4, 0x09, 0x00, 0x00,
    0x8B, 0x3F, 0x84, 0x3C, 0x7D, 0x0A, 0x00, 0x00, 0xAB, 0xDE, 0x8D, 0x3C, 0xC5, 0x0A, 0x00, 0x00,
    0xDE, 0xF7, 0xD7, 0xBC, 0xE0, 0x0A, 0x00, 0x00, 0x70, 0x99, 0xD1, 0xBC, 0x07, 0x0B, 0x00, 0x00,
    0x83, 0x88, 0x93, 0x3C, 0x75, 0x0B, 0x00, 0x00, 0xC7, 0x79, 0xC7, 0x3C, 0x00, 0x00, 0x00, 0x00,
    0x00, 0x00, 0x00, 0x00, 0x00, 0x00, 0x00, 0x00, 0x00, 0x00, 0x00, 0x00, 0x00, 0x00, 0x00, 0x00,
    0x00, 0x00, 0x00, 0x00, 0x00, 0x00, 0x00, 0x00, 0x00, 0x00, 0x00, 0x00, 0x00, 0x00, 0x00, 0x00,
    0x00, 0x00, 0x00, 0x00, 0x00, 0x00, 0x00, 0x00, 0x00, 0x00, 0x00, 0x00, 0x00, 0x00, 0x00, 0x00,
    0x00, 0x00, 0x00, 0x00, 0x00, 0x00, 0x00, 0x00, 0x00, 0x00, 0x00, 0x00, 0x00, 0x00, 0x00, 0x00,
    0x00, 0x00, 0x00, 0x00, 0x00, 0x00, 0x00, 0x00, 0x00, 0x00, 0x00, 0x00, 0x00, 0x00, 0x00, 0x00,
    0x00, 0x00, 0x00, 0x00, 0x00, 0x00, 0x00, 0x00, 0x00, 0x00, 0x00, 0x00, 0x00, 0x00, 0x00, 0x00,
    0x00, 0x00, 0x00, 0x00, 0x00, 0x00, 0x00, 0x00, 0x00, 0x00, 0x00, 0x00, 0x00, 0x00, 0x00, 0x00,
    0x00, 0x00, 0x00, 0x00, 0x00, 0x00, 0x00, 0x00, 0x00, 0x00, 0x00, 0x00, 0x07, 0x01, 0x00, 0x00,
    0x99, 0x87, 0x2A, 0x3E, 0x46, 0x02, 0x00, 0x00, 0x4E, 0x89, 0xF8, 0x3C, 0x88, 0x03, 0x00, 0x00,
    0x70, 0x99, 0xD1, 0x3C, 0x0A, 0x04, 0x00, 0x00, 0x70, 0xC2, 0x4D, 0x3D, 0xF6, 0x04, 0x00, 0x00,
    0x0F, 0x5D, 0x93, 0x3C, 0x2D, 0x05, 0x00, 0x00, 0x5B, 0xC4, 0xA1, 0x3C, 0xB7, 0x05, 0x00, 0x00,
    0x0C, 0x94, 0xB1, 0xBC, 0x82, 0x06, 0x00, 0x00, 0x37, 0xBB, 0x9F, 0x3C, 0x38, 0x07, 0x00, 0x00,
    0x51, 0xA7, 0x1A, 0x3D, 0x6B, 0x07, 0x00, 0x00, 0xBC, 0x2D, 0x45, 0x3D, 0x6D, 0x07, 0x00, 0x00,
    0x5D, 0x06, 0x72, 0xBD, 0x8C, 0x07, 0x00, 0x00, 0xC1, 0x5B, 0x9D, 0x3C, 0x37, 0x08, 0x00, 0x00,
    0xA5, 0xD6, 0xA0, 0xBC, 0x3C, 0x08, 0x00, 0x00, 0x43, 0xF3, 0xAF, 0x3C, 0x56, 0x08, 0x00, 0x00,
    0x70, 0xC3, 0xDD, 0xBC, 0xA8, 0x08, 0x00, 0x00, 0x01, 0x7F, 0x80, 0x3C, 0xE5, 0x08, 0x00, 0x00,
    0x88, 0x40, 0x5C, 0x3C, 0xF7, 0x08, 0x00, 0x00, 0xE9, 0x50, 0x5F, 0x3C, 0x53, 0x09, 0x00, 0x00,
    0xB4, 0xF6, 0x67, 0x3C, 0x8A, 0x09, 0x00, 0x00, 0x1E, 0xE2, 0x7C, 0xBC, 0xDF, 0x09, 0x00, 0x00,
    0xB3, 0x34, 0x45, 0x3C, 0xF7, 0x09, 0x00, 0x00, 0x52, 0x8D, 0x2C, 0xBC, 0x13, 0x0A, 0x00, 0x00,
    0xDA, 0x6A, 0x3D, 0x3C, 0x8F, 0x0A, 0x00, 0x00, 0xCE, 0xE2, 0x26, 0xBC, 0xDD, 0x0A, 0x00, 0x00,
    0x81, 0xBF, 0x2D, 0xBC, 0x0E, 0x0B, 0x00, 0x00, 0x35, 0xE2, 0x13, 0x3C, 0x7A, 0x0B, 0x00, 0x00,
    0x37, 0x49, 0x1C, 0xBC, 0xE7, 0x0B, 0x00, 0x00, 0xBC, 0x95, 0xA4, 0x3C, 0xE9, 0x0B, 0x00, 0x00,
    0xBE, 0xC1, 0x55, 0xBC, 0xEC, 0x0B, 0x00, 0x00, 0xAA, 0x65, 0x86, 0x3C, 0xF6, 0x0B, 0x00, 0x00,
    0x55, 0x77, 0xD8, 0x3C, 0xF8, 0x0B, 0x00, 0x00, 0xD2, 0xDB, 0x84, 0xBC, 0x00, 0x00, 0x00, 0x00,
    0x00, 0x00, 0x00, 0x00, 0x00, 0x00, 0x00, 0x00, 0x00, 0x00, 0x00, 0x00, 0x00, 0x00, 0x00, 0x00,
    0x00, 0x00, 0x00, 0x00, 0x00, 0x00, 0x00, 0x00, 0x00, 0x00, 0x00, 0x00, 0x00, 0x00, 0x00, 0x00,
    0x00, 0x00, 0x00, 0x00, 0x00, 0x00, 0x00, 0x00, 0x00, 0x00, 0x00, 0x00, 0x00, 0x00, 0x00, 0x00,
    0x00, 0x00, 0x00, 0x00, 0x00, 0x00, 0x00, 0x00, 0x00, 0x00, 0x00, 0x00, 0x00, 0x00, 0x00, 0x00,
    0x00, 0x00, 0x00, 0x00, 0x00, 0x00, 0x00, 0x00, 0x00, 0x00, 0x00, 0x00, 0x00, 0x00, 0x00, 0x00,
    0x00, 0x00, 0x00, 0x00, 0x00, 0x00, 0x00, 0x00, 0x00, 0x00, 0x00, 0x00, 0x00, 0x00, 0x00, 0x00,
    0x00, 0x00, 0x00, 0x00, 0x00, 0x00, 0x00, 0x00, 0x00, 0x00, 0x00, 0x00, 0x00, 0x00, 0x00, 0x00,
    0x00, 0x00, 0x00, 0x00, 0x00, 0x00, 0x00, 0x00, 0x00, 0x00, 0x00, 0x00, 0x03, 0x01, 0x00, 0x00,
    0x8B, 0xFD, 0x20, 0x3E, 0xEB, 0x01, 0x00, 0x00, 0xB8, 0x78, 0xD7, 0x3C, 0x60, 0x02, 0x00, 0x00,
    0x19, 0x8F, 0xB0, 0xBC, 0xC6, 0x02, 0x00, 0x00, 0xA1, 0xFC, 0x36, 0xBC, 0x83, 0x03, 0x00, 0x00,
    0xDE, 0xDF, 0xA6, 0x3C, 0xBE, 0x03, 0x00, 0x00, 0xDF, 0x69, 0x95, 0x3C, 0x15, 0x04, 0x00, 0x00,
    0xAE, 0x91, 0x8C, 0x3C, 0xCA, 0x04, 0x00, 0x00, 0x80, 0x81, 0x5C, 0x3C, 0x9F, 0x05, 0x00, 0x00,
    0x3C, 0xB7, 0xD9, 0xBC, 0xA1, 0x05, 0x00, 0x00, 0xFC, 0xA6, 0xF0, 0x3C, 0xB0, 0x05, 0x00, 0x00,
    0x59, 0xFB, 0x77, 0x3C, 0x71, 0x06, 0x00, 0x00, 0xBA, 0x76, 0xB4, 0xBC, 0x73, 0x06, 0x00, 0x00,
    0xA1, 0x8E, 0x9B, 0x3C, 0x80, 0x06, 0x00, 0x00, 0xAE, 0x91, 0x8C, 0x3C, 0xD9, 0x06, 0x00, 0x00,
    0x13, 0x07, 0x33, 0xBC, 0x03, 0x07, 0x00, 0x00, 0x58, 0x9C, 0x3F, 0x3C, 0xD8, 0x07, 0x00, 0x00,
    0x9A, 0x49, 0x6F, 0xBC, 0xDB, 0x07, 0x00, 0x00, 0x09, 0xBF, 0x39, 0x3C, 0x94, 0x08, 0x00, 0x00,
    0xBE, 0xC1, 0x55, 0x3C, 0x9B, 0x08, 0x00, 0x00, 0x1F, 0x30, 0x6E, 0x3C, 0xBE, 0x08, 0x00, 0x00,
    0xD2, 0xF1, 0x62, 0xBC, 0xC1, 0x08, 0x00, 0x00, 0xB2, 0xD4, 0x5F, 0xBC, 0xFD, 0x08, 0x00, 0x00,
    0x8F, 0x2B, 0x3F, 0xBC, 0xBB, 0x09, 0x00, 0x00, 0x32, 0xC0, 0x2C, 0xBC, 0xCF, 0x09, 0x00, 0x00,
    0xFC, 0x8E, 0x1F, 0x3C, 0xE1, 0x09, 0x00, 0x00, 0x0B, 0x14, 0x27, 0x3C, 0x49, 0x0A, 0x00, 0x00,
    0xAE, 0x5F, 0x13, 0xBC, 0x85, 0x0A, 0x00, 0x00, 0x92, 0x7D, 0x0A, 0xBC, 0x09, 0x0B, 0x00, 0x00,
    0x4F, 0x65, 0xEA, 0xBB, 0x76, 0x0B, 0x00, 0x00, 0x6C, 0x0D, 0x40, 0xBC, 0x77, 0x0B, 0x00, 0x00,
    0x5C, 0x07, 0x24, 0x3C, 0x7C, 0x0B, 0x00, 0x00, 0x6B, 0x27, 0x2F, 0xBC, 0x00, 0x00, 0x00, 0x00,
    0x00, 0x00, 0x00, 0x00, 0x00, 0x00, 0x00, 0x00, 0x00, 0x00, 0x00, 0x00, 0x00, 0x00, 0x00, 0x00,
    0x00, 0x00, 0x00, 0x00, 0x00, 0x00, 0x00, 0x00, 0x00, 0x00, 0x00, 0x00, 0x00, 0x00, 0x00, 0x00,
    0x00, 0x00, 0x00, 0x00, 0x00, 0x00, 0x00, 0x00, 0x00, 0x00, 0x00, 0x00, 0x00, 0x00, 0x00, 0x00,
    0x00, 0x00, 0x00, 0x00, 0x00, 0x00, 0x00, 0x00, 0x00, 0x00, 0x00, 0x00, 0x00, 0x00, 0x00, 0x00,
    0x00, 0x00, 0x00, 0x00, 0x00, 0x00, 0x00, 0x00, 0x00, 0x00, 0x00, 0x00, 0x00, 0x00, 0x00, 0x00,
    0x00, 0x00, 0x00, 0x00, 0x00, 0x00, 0x00, 0x00, 0x00, 0x00, 0x00, 0x00, 0x00, 0x00, 0x00, 0x00,
    0x00, 0x00, 0x00, 0x00, 0x00, 0x00, 0x00, 0x00, 0x00, 0x00, 0x00, 0x00, 0x00, 0x00, 0x00, 0x00,
    0x00, 0x00, 0x00, 0x00, 0x00, 0x00, 0x00, 0x00, 0x00, 0x00, 0x00, 0x00, 0xDB, 0x00, 0x00, 0x00,
    0x3A, 0xD1, 0x34, 0x3F, 0xD1, 0x01, 0x00, 0x00, 0xCA, 0x11, 0x86, 0x3D, 0x41, 0x02, 0x00, 0x00,
    0x0A, 0x61, 0x79, 0x3D, 0x75, 0x03, 0x00, 0x00, 0x40, 0xB4, 0x6E, 0x3D, 0x98, 0x03, 0x00, 0x00,
    0x4C, 0xA4, 0xB8, 0x3D, 0x71, 0x07, 0x00, 0x00, 0x30, 0x70, 0x1E, 0x3D, 0x74, 0x07, 0x00, 0x00,
    0x6F, 0x22, 0x41, 0xBD, 0x79, 0x07, 0x00, 0x00, 0xAE, 0x4E, 0x17, 0xBD, 0xAC, 0x07, 0x00, 0x00,
    0x64, 0xB7, 0x82, 0x3D, 0xDB, 0x07, 0x00, 0x00, 0x0C, 0x2F, 0x13, 0xBD, 0xE5, 0x07, 0x00, 0x00,
    0x32, 0xCB, 0xFF, 0xBC, 0x3A, 0x08, 0x00, 0x00, 0x3D, 0x1F, 0xCC, 0xBC, 0x3D, 0x08, 0x00, 0x00,
    0x4E, 0xF3, 0xCA, 0xBC, 0x76, 0x08, 0x00, 0x00, 0x6C, 0xBC, 0xAD, 0xBC, 0x8E, 0x08, 0x00, 0x00,
    0xAF, 0x78, 0x4E, 0x3D, 0x91, 0x08, 0x00, 0x00, 0xCC, 0xD5, 0x09, 0xBD, 0x95, 0x08, 0x00, 0x00,
    0x79, 0x0F, 0xC4, 0xBC, 0x55, 0x09, 0x00, 0x00, 0x18, 0x6B, 0xCB, 0x3C, 0x59, 0x09, 0x00, 0x00,
    0x9F, 0xF8, 0xF9, 0x3C, 0x72, 0x0A, 0x00, 0x00, 0xF8, 0x98, 0xBF, 0x3C, 0x7A, 0x0A, 0x00, 0x00,
    0x09, 0xD4, 0xCC, 0x3C, 0x81, 0x0A, 0x00, 0x00, 0x6E, 0xB7, 0xEB, 0xBC, 0x60, 0x0B, 0x00, 0x00,
    0x25, 0x4F, 0x05, 0x3D, 0x7E, 0x0B, 0x00, 0x00, 0x7F, 0xC9, 0xDE, 0x3C, 0x94, 0x0B, 0x00, 0x00,
    0x74, 0xA2, 0xB3, 0xBC, 0xB6, 0x0B, 0x00, 0x00, 0x57, 0xC3, 0xF1, 0xBC, 0xF7, 0x0B, 0x00, 0x00,
    0xE5, 0xA2, 0xD0, 0x3C, 0x0F, 0x0C, 0x00, 0x00, 0x23, 0xCE, 0x65, 0xBD, 0x10, 0x0C, 0x00, 0x00,
    0xB8, 0x2C, 0x63, 0x3D, 0x22, 0x0C, 0x00, 0x00, 0xF6, 0x1E, 0x36, 0x3D, 0x4D, 0x0C, 0x00, 0x00,
    0xB5, 0x59, 0xED, 0x3C, 0x81, 0x0C, 0x00, 0x00, 0x10, 0xA5, 0xA7, 0x3C, 0x00, 0x00, 0x00, 0x00,
    0x00, 0x00, 0x00, 0x00, 0x00, 0x00, 0x00, 0x00, 0x00, 0x00, 0x00, 0x00, 0x00, 0x00, 0x00, 0x00,
    0x00, 0x00, 0x00, 0x00, 0x00, 0x00, 0x00, 0x00, 0x00, 0x00, 0x00, 0x00, 0x00, 0x00, 0x00, 0x00,
    0x00, 0x00, 0x00, 0x00, 0x00, 0x00, 0x00, 0x00, 0x00, 0x00, 0x00, 0x00, 0x00, 0x00, 0x00, 0x00,
    0x00, 0x00, 0x00, 0x00, 0x00, 0x00, 0x00, 0x00, 0x00, 0x00, 0x00, 0x00, 0x00, 0x00, 0x00, 0x00,
    0x00, 0x00, 0x00, 0x00, 0x00, 0x00, 0x00, 0x00, 0x00, 0x00, 0x00, 0x00, 0x00, 0x00, 0x00, 0x00,
    0x00, 0x00, 0x00, 0x00, 0x00, 0x00, 0x00, 0x00, 0x00, 0x00, 0x00, 0x00, 0x00, 0x00, 0x00, 0x00,
    0x00, 0x00, 0x00, 0x00, 0x00, 0x00, 0x00, 0x00, 0x00, 0x00, 0x00, 0x00, 0x00, 0x00, 0x00, 0x00,
    0x00, 0x00, 0x00, 0x00, 0x00, 0x00, 0x00, 0x00, 0x00, 0x00, 0x00, 0x00, 0x00, 0x00, 0x00, 0x00,
    0x00, 0x00, 0x00, 0x00, 0x00, 0x00, 0x00, 0x00, 0x00, 0x00, 0x00, 0x00, 0x00, 0x00, 0x00, 0x00,
    0x00, 0x00, 0x00, 0x00, 0x00, 0x00, 0x00, 0x00, 0x00, 0x00, 0x00, 0x00, 0x00, 0x00, 0x00, 0x00,
    0x00, 0x00, 0x00, 0x00, 0x00, 0x00, 0x00, 0x00, 0x00, 0x00, 0x00, 0x00, 0x00, 0x00, 0x00, 0x00,
    0x00, 0x00, 0x00, 0x00, 0x00, 0x00, 0x00, 0x00, 0x00, 0x00, 0x00, 0x00, 0x00, 0x00, 0x00, 0x00,
    0x00, 0x00, 0x00, 0x00, 0x00, 0x00, 0x00, 0x00, 0x00, 0x00, 0x00, 0x00, 0x00, 0x00, 0x00, 0x00,
    0x00, 0x00, 0x00, 0x00, 0x00, 0x00, 0x00, 0x00, 0x00, 0x00, 0x00, 0x00, 0x00, 0x00, 0x00, 0x00,
    0x00, 0x00, 0x00, 0x00, 0x00, 0x00, 0x00, 0x00, 0x00, 0x00, 0x00, 0x00, 0x00, 0x00, 0x00, 0x00,
    0x00, 0x00, 0x00, 0x00, 0x00, 0x00, 0x00, 0x00, 0x00, 0x00, 0x00, 0x00, 0x00, 0x00, 0x00, 0x00,
    0x00, 0x00, 0x00, 0x00, 0x00, 0x00, 0x00, 0x00, 0x00, 0x00, 0x00, 0x00, 0x00, 0x00, 0x00, 0x00,
    0x00, 0x00, 0x00, 0x00, 0x00, 0x00, 0x00, 0x00, 0x00, 0x00, 0x00, 0x00, 0x00, 0x00, 0x00, 0x00,
    0x00, 0x00, 0x00, 0x00, 0x00, 0x00, 0x00, 0x00, 0x00, 0x00, 0x00, 0x00, 0x00, 0x00, 0x00, 0x00,
    0x00, 0x00, 0x00, 0x00, 0x00, 0x00, 0x00, 0x00, 0x00, 0x00, 0x00, 0x00, 0x00, 0x00, 0x00, 0x00,
    0x00, 0x00, 0x00, 0x00, 0x00, 0x00, 0x00, 0x00, 0x00, 0x00, 0x00, 0x00, 0x00, 0x00, 0x00, 0x00,
    0x00, 0x00, 0x00, 0x00, 0x00, 0x00, 0x00, 0x00, 0x00, 0x00, 0x00, 0x00, 0x00, 0x00, 0x00, 0x00,
    0x00, 0x00, 0x00, 0x00, 0x00, 0x00, 0x00, 0x00, 0x00, 0x00, 0x00, 0x00, 0x00, 0x00, 0x00, 0x00,
    0x00, 0x00, 0x00, 0x00, 0x00, 0x00, 0x00, 0x00, 0x00, 0x00, 0x00, 0x00, 0x00, 0x00, 0x00, 0x00,
    0x00, 0x00, 0x00, 0x00, 0x00, 0x00, 0x00, 0x00, 0x00, 0x00, 0x00, 0x00, 0x00, 0x00, 0x00, 0x00,
    0x00, 0x00, 0x00, 0x00, 0x00, 0x00, 0x00, 0x00, 0x00, 0x00, 0x00, 0x00, 0x00, 0x00, 0x00, 0x00,
    0x00, 0x00, 0x00, 0x00, 0x00, 0x00, 0x00, 0x00, 0x00, 0x00, 0x00, 0x00, 0x00, 0x00, 0x00, 0x00,
    0x00, 0x00, 0x00, 0x00, 0x00, 0x00, 0x00, 0x00, 0x00, 0x00, 0x00, 0x00, 0x00, 0x00, 0x00, 0x00,
    0x00, 0x00, 0x00, 0x00, 0x00, 0x00, 0x00, 0x00, 0x00, 0x00, 0x00, 0x00, 0x00, 0x00, 0x00, 0x00,
    0x00, 0x00, 0x00, 0x00, 0x00, 0x00, 0x00, 0x00, 0x00, 0x00, 0x00, 0x00, 0x00, 0x00, 0x00, 0x00,
    0x00, 0x00, 0x00, 0x00, 0x00, 0x00, 0x00, 0x00, 0x00, 0x00, 0x00, 0x00, 0x00, 0x00, 0x00, 0x00,
    0x00, 0x00, 0x00, 0x00, 0x00, 0x00, 0x00, 0x00, 0x00, 0x00, 0x00, 0x00, 0x00, 0x00, 0x00, 0x00,
    0x00, 0x00, 0x00, 0x00, 0x00, 0x00, 0x00, 0x00, 0x00, 0x00, 0x00, 0x00, 0x00, 0x00, 0x00, 0x00,
    0x00, 0x00, 0x00, 0x00, 0x00, 0x00, 0x00, 0x00, 0x00, 0x00, 0x00, 0x00, 0x00, 0x00, 0x00, 0x00,
    0x00, 0x00, 0x00, 0x00, 0x00, 0x00, 0x00, 0x00, 0x00, 0x00, 0x00, 0x00, 0x00, 0x00, 0x00, 0x00,
    0x00, 0x00, 0x00, 0x00, 0x00, 0x00, 0x00, 0x00, 0x00, 0x00, 0x00, 0x00, 0x00, 0x00, 0x00, 0x00,
    0x00, 0x00, 0x00, 0x00, 0x00, 0x00, 0x00, 0x00, 0x00, 0x00, 0x00, 0x00, 0x00, 0x00, 0x00, 0x00,
    0x00, 0x00, 0x00, 0x00, 0x00, 0x00, 0x00, 0x00, 0x00, 0x00, 0x00, 0x00, 0x00, 0x00, 0x00, 0x00,
    0x00, 0x00, 0x00, 0x00, 0x00, 0x00, 0x00, 0x00, 0x00, 0x00, 0x00, 0x00, 0x00, 0x00, 0x00, 0x00,
    0x00, 0x00, 0x00, 0x00, 0x00, 0x00, 0x00, 0x00, 0x00, 0x00, 0x00, 0x00, 0x00, 0x00, 0x00, 0x00,
    0x00, 0x00, 0x00, 0x00, 0x00, 0x00, 0x00, 0x00, 0x00, 0x00, 0x00, 0x00, 0x00, 0x00, 0x00, 0x00,
    0x00, 0x00, 0x00, 0x00, 0x00, 0x00, 0x00, 0x00, 0x00, 0x00, 0x00, 0x00, 0x00, 0x00, 0x00, 0x00,
    0x00, 0x00, 0x00, 0x00, 0x00, 0x00, 0x00, 0x00, 0x00, 0x00, 0x00, 0x00, 0x00, 0x00, 0x00, 0x00,
    0x00, 0x00, 0x00, 0x00, 0x00, 0x00, 0x00, 0x00, 0x00, 0x00, 0x00, 0x00, 0x00, 0x00, 0x00, 0x00,
    0x00, 0x00, 0x00, 0x00, 0x00, 0x00, 0x00, 0x00, 0x00, 0x00, 0x00, 0x00, 0x00, 0x00, 0x00, 0x00,
    0x00, 0x00, 0x00, 0x00, 0x00, 0x00, 0x00, 0x00, 0x00, 0x00, 0x00, 0x00, 0x00, 0x00, 0x00, 0x00,
    0x00, 0x00, 0x00, 0x00, 0x00, 0x00, 0x00, 0x00, 0x00, 0x00, 0x00, 0x00, 0x00, 0x00, 0x00, 0x00,
    0x00, 0x00, 0x00, 0x00, 0x00, 0x00, 0x00, 0x00, 0x00, 0x00, 0x00, 0x00, 0x00, 0x00, 0x00, 0x00,
    0x00, 0x00, 0x00, 0x00, 0x00, 0x00, 0x00, 0x00, 0x00, 0x00, 0x00, 0x00, 0x00, 0x00, 0x00, 0x00,
    0x00, 0x00, 0x00, 0x00, 0x00, 0x00, 0x00, 0x00, 0x00, 0x00, 0x00, 0x00, 0x00, 0x00, 0x00, 0x00,
    0x00, 0x00, 0x00, 0x00, 0x00, 0x00, 0x00, 0x00, 0x00, 0x00, 0x00, 0x00, 0x00, 0x00, 0x00, 0x00,
    0x00, 0x00, 0x00, 0x00, 0x00, 0x00, 0x00, 0x00, 0x00, 0x00, 0x00, 0x00, 0x00, 0x00, 0x00, 0x00,
    0x00, 0x00, 0x00, 0x00, 0x00, 0x00, 0x00, 0x00, 0x00, 0x00, 0x00, 0x00, 0x00, 0x00, 0x00, 0x00,
    0x00, 0x00, 0x00, 0x00, 0x00, 0x00, 0x00, 0x00, 0x00, 0x00, 0x00, 0x00, 0x00, 0x00, 0x00, 0x00,
    0x00, 0x00, 0x00, 0x00, 0x00, 0x00, 0x00, 0x00, 0x00, 0x00, 0x00, 0x00, 0x00, 0x00, 0x00, 0x00,
    0x00, 0x00, 0x00, 0x00, 0x00, 0x00, 0x00, 0x00, 0x00, 0x00, 0x00, 0x00, 0x00, 0x00, 0x00, 0x00,
    0x00, 0x00, 0x00, 0x00, 0x00, 0x00, 0x00, 0x00, 0x00, 0x00, 0x00, 0x00, 0x00, 0x00, 0x00, 0x00,
    0x00, 0x00, 0x00, 0x00, 0x00, 0x00, 0x00, 0x00, 0x00, 0x00, 0x00, 0x00, 0x00, 0x00, 0x00, 0x00,
    0x00, 0x00, 0x00, 0x00, 0x00, 0x00, 0x00, 0x00, 0x00, 0x00, 0x00, 0x00, 0x00, 0x00, 0x00, 0x00,
    0x00, 0x00, 0x00, 0x00, 0x00, 0x00, 0x00, 0x00, 0x00, 0x00, 0x00, 0x00, 0x00, 0x00, 0x00, 0x00,
    0x00, 0x00, 0x00, 0x00, 0x00, 0x00, 0x00, 0x00, 0x00, 0x00, 0x00, 0x00, 0x00, 0x00, 0x00, 0x00,
    0x00, 0x00, 0x00, 0x00, 0x00, 0x00, 0x00, 0x00, 0x00, 0x00, 0x00, 0x00, 0x00, 0x00, 0x00, 0x00,
    0x00, 0x00, 0x00, 0x00, 0x00, 0x00, 0x00, 0x00, 0x00, 0x00, 0x00, 0x00, 0x00, 0x00, 0x00, 0x00,
    0x00, 0x00, 0x00, 0x00, 0x00, 0x00, 0x00, 0x00, 0x00, 0x00, 0x00, 0x00, 0x00, 0x00, 0x00, 0x00,
    0x00, 0x00, 0x00, 0x00, 0x00, 0x00, 0x00, 0x00, 0x00, 0x00, 0x00, 0x00, 0x00, 0x00, 0x00, 0x00,
    0x00, 0x00, 0x00, 0x00, 0x00, 0x00, 0x00, 0x00, 0x00, 0x00, 0x00, 0x00, 0x00, 0x00, 0x00, 0x00,
    0x00, 0x00, 0x00, 0x00, 0x00, 0x00, 0x00, 0x00, 0x00, 0x00, 0x00, 0x00, 0x00, 0x00, 0x00, 0x00,
    0x00, 0x00, 0x00, 0x00, 0x00, 0x00, 0x00, 0x00, 0x00, 0x00, 0x00, 0x00, 0x00, 0x00, 0x00, 0x00,
    0x00, 0x00, 0x00, 0x00, 0x00, 0x00, 0x00, 0x00, 0x00, 0x00, 0x00, 0x00, 0x00, 0x00, 0x00, 0x00,
    0x00, 0x00, 0x00, 0x00, 0x00, 0x00, 0x00, 0x00, 0x00, 0x00, 0x00, 0x00, 0x00, 0x00, 0x00, 0x00,
    0x00, 0x00, 0x00, 0x00, 0x00, 0x00, 0x00, 0x00, 0x00, 0x00, 0x00, 0x00, 0x00, 0x00, 0x00, 0x00,
    0x00, 0x00, 0x00, 0x00, 0x00, 0x00, 0x00, 0x00, 0x00, 0x00, 0x00, 0x00, 0x00, 0x00, 0x00, 0x00,
    0x00, 0x00, 0x00, 0x00, 0x00, 0x00, 0x00, 0x00, 0x00, 0x00, 0x00, 0x00, 0x00, 0x00, 0x00, 0x00,
    0x00, 0x00, 0x00, 0x00, 0x00, 0x00, 0x00, 0x00, 0x00, 0x00, 0x00, 0x00, 0x00, 0x00, 0x00, 0x00,
    0x00, 0x00, 0x00, 0x00, 0x00, 0x00, 0x00, 0x00, 0x00, 0x00, 0x00, 0x00, 0x00, 0x00, 0x00, 0x00,
    0x00, 0x00, 0x00, 0x00, 0x00, 0x00, 0x00, 0x00, 0x00, 0x00, 0x00, 0x00, 0x00, 0x00, 0x00, 0x00,
    0x00, 0x00, 0x00, 0x00, 0x00, 0x00, 0x00, 0x00, 0x00, 0x00, 0x00, 0x00, 0x00, 0x00, 0x00, 0x00,
    0x00, 0x00, 0x00, 0x00, 0x00, 0x00, 0x00, 0x00, 0x00, 0x00, 0x00, 0x00, 0x00, 0x00, 0x00, 0x00,
    0x00, 0x00, 0x00, 0x00, 0x00, 0x00, 0x00, 0x00, 0x00, 0x00, 0x00, 0x00, 0x00, 0x00, 0x00, 0x00,
    0x00, 0x00, 0x00, 0x00, 0x00, 0x00, 0x00, 0x00, 0x00, 0x00, 0x00, 0x00, 0x00, 0x00, 0x00, 0x00,
    0x00, 0x00, 0x00, 0x00, 0x00, 0x00, 0x00, 0x00, 0x00, 0x00, 0x00, 0x00, 0x00, 0x00, 0x00, 0x00,
    0x00, 0x00, 0x00, 0x00, 0x00, 0x00, 0x00, 0x00, 0x00, 0x00, 0x00, 0x00, 0x00, 0x00, 0x00, 0x00,
    0x00, 0x00, 0x00, 0x00, 0x00, 0x00, 0x00, 0x00, 0x00, 0x00, 0x00, 0x00, 0x00, 0x00, 0x00, 0x00,
    0x00, 0x00, 0x00, 0x00, 0x00, 0x00, 0x00, 0x00, 0x00, 0x00, 0x00, 0x00, 0x00, 0x00, 0x00, 0x00,
    0x00, 0x00, 0x00, 0x00, 0x00, 0x00, 0x00, 0x00, 0x00, 0x00, 0x00, 0x00, 0x00, 0x00, 0x00, 0x00,
    0x00, 0x00, 0x00, 0x00, 0x00, 0x00, 0x00, 0x00, 0x00, 0x00, 0x00, 0x00, 0x00, 0x00, 0x00, 0x00,
    0x00, 0x00, 0x00, 0x00, 0x00, 0x00, 0x00, 0x00, 0x00, 0x00, 0x00, 0x00, 0x00, 0x00, 0x00, 0x00,
    0x00, 0x00, 0x00, 0x00, 0x00, 0x00, 0x00, 0x00, 0x00, 0x00, 0x00, 0x00, 0x00, 0x00, 0x00, 0x00,
    0x00, 0x00, 0x00, 0x00, 0x00, 0x00, 0x00, 0x00, 0x00, 0x00, 0x00, 0x00, 0x00, 0x00, 0x00, 0x00,
    0x00, 0x00, 0x00, 0x00, 0x00, 0x00, 0x00, 0x00, 0x00, 0x00, 0x00, 0x00, 0x00, 0x00, 0x00, 0x00,
    0x00, 0x00, 0x00, 0x00, 0x00, 0x00, 0x00, 0x00, 0x00, 0x00, 0x00, 0x00, 0x00, 0x00, 0x00, 0x00,
    0x00, 0x00, 0x00, 0x00, 0x00, 0x00, 0x00, 0x00, 0x00, 0x00, 0x00, 0x00, 0x00, 0x00, 0x00, 0x00,
    0x00, 0x00, 0x00, 0x00, 0x00, 0x00, 0x00, 0x00, 0x00, 0x00, 0x00, 0x00, 0x00, 0x00, 0x00, 0x00,
    0x00, 0x00, 0x00, 0x00, 0x00, 0x00, 0x00, 0x00, 0x00, 0x00, 0x00, 0x00, 0x00, 0x00, 0x00, 0x00,
    0x00, 0x00, 0x00, 0x00, 0x00, 0x00, 0x00, 0x00, 0x00, 0x00, 0x00, 0x00, 0x00, 0x00, 0x00, 0x00,
    0x00, 0x00, 0x00, 0x00, 0x00, 0x00, 0x00, 0x00, 0x00, 0x00, 0x00, 0x00, 0x00, 0x00, 0x00, 0x00,
    0x00, 0x00, 0x00, 0x00, 0x00, 0x00, 0x00, 0x00, 0x00, 0x00, 0x00, 0x00, 0x00, 0x00, 0x00, 0x00,
    0x00, 0x00, 0x00, 0x00, 0x00, 0x00, 0x00, 0x00, 0x00, 0x00, 0x00, 0x00, 0x00, 0x00, 0x00, 0x00,
    0x00, 0x00, 0x00, 0x00, 0x00, 0x00, 0x00, 0x00, 0x00, 0x00, 0x00, 0x00, 0x00, 0x00, 0x00, 0x00,
    0x00, 0x00, 0x00, 0x00, 0x00, 0x00, 0x00, 0x00, 0x00, 0x00, 0x00, 0x00, 0x00, 0x00, 0x00, 0x00,
    0x00, 0x00, 0x00, 0x00, 0x00, 0x00, 0x00, 0x00, 0x00, 0x00, 0x00, 0x00, 0x00, 0x00, 0x00, 0x00,
    0x00, 0x00, 0x00, 0x00, 0x00, 0x00, 0x00, 0x00, 0x00, 0x00, 0x00, 0x00, 0x00, 0x00, 0x00, 0x00,
    0x00, 0x00, 0x00, 0x00, 0x00, 0x00, 0x00, 0x00, 0x00, 0x00, 0x00, 0x00, 0x00, 0x00, 0x00, 0x00,
    0x00, 0x00, 0x00, 0x00, 0x00, 0x00, 0x00, 0x00, 0x00, 0x00, 0x00, 0x00, 0x00, 0x38, 0x1E, 0x3F,
    0x00, 0x00, 0x00, 0x00, 0x00, 0x80, 0x7D, 0x3F, 0x00, 0x00, 0x20, 0x3C, 0xFA, 0x01, 0x00, 0x00,
    0x30, 0x00, 0x00, 0x00, 0x00, 0x00, 0xFA, 0x45, 0xE4, 0x38, 0x4E, 0xBF, 0x3B, 0x00, 0x00, 0x00,
    0xE9, 0x01, 0x00, 0x00, 0x24, 0x02, 0x00, 0x00, 0x48, 0xA7, 0x5B, 0x3D, 0x70, 0xE6, 0x5D, 0x3C,
    0x78, 0x57, 0x23, 0x3D, 0x4D, 0xA2, 0x8A, 0x3D, 0x78, 0xA2, 0x1C, 0x3F, 0x4D, 0xA2, 0x8A, 0x3D,
    0x78, 0x57, 0x23, 0x3D, 0x70, 0xE6, 0x5D, 0x3C, 0x3E, 0x00, 0x00, 0x00, 0x35, 0x02, 0x00, 0x00,
    0x73, 0x02, 0x00, 0x00, 0x38, 0xD1, 0x77, 0x3D, 0xA5, 0x8C, 0x70, 0x3C, 0xC3, 0x11, 0x31, 0x3D,
    0x01, 0x49, 0x96, 0x3D, 0xF3, 0x81, 0x12, 0x3F, 0x01, 0x49, 0x96, 0x3D, 0xC3, 0x11, 0x31, 0x3D,
    0xA5, 0x8C, 0x70, 0x3C, 0x40, 0x00, 0x00, 0x00, 0x3F, 0x02, 0x00, 0x00, 0x7F, 0x02, 0x00, 0x00,
    0xE0, 0x05, 0x7C, 0x3D, 0xE2, 0x28, 0x73, 0x3C, 0xA6, 0xFD, 0x32, 0x3D, 0x7E, 0xEA, 0x97, 0x3D,
    0x90, 0x0A, 0x11, 0x3F, 0x7E, 0xEA, 0x97, 0x3D, 0xA6, 0xFD, 0x32, 0x3D, 0xE2, 0x28, 0x73, 0x3C,
    0x44, 0x00, 0x00, 0x00, 0x40, 0x02, 0x00, 0x00, 0x84, 0x02, 0x00, 0x00, 0x10, 0xC5, 0x7D, 0x3D,
    0x06, 0x3B, 0x74, 0x3C, 0x78, 0xC7, 0x33, 0x3D, 0xC9, 0x95, 0x98, 0x3D, 0x88, 0x6F, 0x10, 0x3F,
    0xC9, 0x95, 0x98, 0x3D, 0x78, 0xC7, 0x33, 0x3D, 0x06, 0x3B, 0x74, 0x3C, 0x46, 0x00, 0x00, 0x00,
    0x49, 0x02, 0x00, 0x00, 0x8F, 0x02, 0x00, 0x00, 0xF8, 0xCC, 0x80, 0x3D, 0x7B, 0x8D, 0x76, 0x3C,
    0x0D, 0x7D, 0x35, 0x3D, 0x2C, 0x09, 0x9A, 0x3D, 0x4B, 0x1D, 0x0F, 0x3F, 0x2C, 0x09, 0x9A, 0x3D,
    0x0D, 0x7D, 0x35, 0x3D, 0x7B, 0x8D, 0x76, 0x3C, 0x48, 0x00, 0x00, 0x00, 0x5D, 0x02, 0x00, 0x00,
    0xA5, 0x02, 0x00, 0x00, 0xC7, 0x9B, 0x84, 0x3D, 0x0A, 0x0F, 0x7B, 0x3C, 0x2D, 0xCE, 0x38, 0x3D,
    0xDC, 0xD9, 0x9C, 0x3D, 0x57, 0x84, 0x0C, 0x3F, 0xDC, 0xD9, 0x9C, 0x3D, 0x2D, 0xCE, 0x38, 0x3D,
    0x0A, 0x0F, 0x7B, 0x3C, 0x4D, 0x00, 0x00, 0x00, 0x71, 0x02, 0x00, 0x00, 0xBE, 0x02, 0x00, 0x00,
    0xC8, 0xE5, 0x88, 0x3D, 0xFA, 0xF5, 0x7F, 0x3C, 0xF6, 0x69, 0x3C, 0x3D, 0xE7, 0xE9, 0x9F, 0x3D,
    0xF3, 0xA2, 0x09, 0x3F, 0xE7, 0xE9, 0x9F, 0x3D, 0xF6, 0x69, 0x3C, 0x3D, 0xFA, 0xF5, 0x7F, 0x3C,
    0x50, 0x00, 0x00, 0x00, 0x7F, 0x02, 0x00, 0x00, 0xCF, 0x02, 0x00, 0x00, 0x88, 0xCA, 0x8B, 0x3D,
    0x2B, 0x95, 0x81, 0x3C, 0xCE, 0xC5, 0x3E, 0x3D, 0x69, 0xEA, 0xA1, 0x3D, 0x59, 0xB8, 0x07, 0x3F,
    0x69, 0xEA, 0xA1, 0x3D, 0xCE, 0xC5, 0x3E, 0x3D, 0x2B, 0x95, 0x81, 0x3C, 0x52, 0x00, 0x00, 0x00,
    0x96, 0x02, 0x00, 0x00, 0xE8, 0x02, 0x00, 0x00, 0x4C, 0x03, 0x90, 0x3D, 0xB2, 0xD8, 0x83, 0x3C,
    0x05, 0x1B, 0x42, 0x3D, 0x8F, 0xBE, 0xA4, 0x3D, 0x66, 0xF6, 0x04, 0x3F, 0x8F, 0xBE, 0xA4, 0x3D,
    0x05, 0x1B, 0x42, 0x3D, 0xB2, 0xD8, 0x83, 0x3C, 0x57, 0x00, 0x00, 0x00, 0xCD, 0x02, 0x00, 0x00,
    0x24, 0x03, 0x00, 0x00, 0xE3, 0xFB, 0x99, 0x3D, 0xA8, 0xD9, 0x88, 0x3C, 0xDA, 0x78, 0x49, 0x3D,
    0x23, 0xFF, 0xAA, 0x3D, 0x68, 0x41, 0xFD, 0x3E, 0x23, 0xFF, 0xAA, 0x3D, 0xDA, 0x78, 0x49, 0x3D,
    0xA8, 0xD9, 0x88, 0x3C, 0x5D, 0x00, 0x00, 0x00, 0xE4, 0x02, 0x00, 0x00, 0x41, 0x03, 0x00, 0x00,
    0xFC, 0xB8, 0x9E, 0x3D, 0xC3, 0x0F, 0x8B, 0x3C, 0x48, 0xBA, 0x4C, 0x3D, 0x81, 0xC2, 0xAD, 0x3D,
    0x31, 0x68, 0xF7, 0x3E, 0x81, 0xC2, 0xAD, 0x3D, 0x48, 0xBA, 0x4C, 0x3D, 0xC3, 0x0F, 0x8B, 0x3C,
    0x63, 0x00, 0x00, 0x00, 0xFA, 0x02, 0x00, 0x00, 0x5D, 0x03, 0x00, 0x00, 0xA4, 0x3F, 0xA3, 0x3D,
    0x2E, 0x13, 0x8D, 0x3C, 0x10, 0xB1, 0x4F, 0x3D, 0x80, 0x46, 0xB0, 0x3D, 0x48, 0xEC, 0xF1, 0x3E,
    0x80, 0x46, 0xB0, 0x3D, 0x10, 0xB1, 0x4F, 0x3D, 0x2E, 0x13, 0x8D, 0x3C, 0x65, 0x00, 0x00, 0x00,
    0x0C, 0x03, 0x00, 0x00, 0x71, 0x03, 0x00, 0x00, 0xB4, 0x73, 0xA6, 0x3D, 0x27, 0x71, 0x8E, 0x3C,
    0x50, 0xB4, 0x51, 0x3D, 0xD2, 0xFB, 0xB1, 0x3D, 0xDB, 0x19, 0xEE, 0x3E, 0xD2, 0xFB, 0xB1, 0x3D,
    0x50, 0xB4, 0x51, 0x3D, 0x27, 0x71, 0x8E, 0x3C, 0x6A, 0x00, 0x00, 0x00, 0x4F, 0x03, 0x00, 0x00,
    0xB9, 0x03, 0x00, 0x00, 0xA8, 0xC8, 0xB1, 0x3D, 0x1C, 0xE6, 0x92, 0x3C, 0x04, 0x44, 0x58, 0x3D,
    0x71, 0x8D, 0xB7, 0x3D, 0x52, 0xF8, 0xE0, 0x3E, 0x71, 0x8D, 0xB7, 0x3D, 0x04, 0x44, 0x58, 0x3D,
    0x1C, 0xE6, 0x92, 0x3C, 0x72, 0x00, 0x00, 0x00, 0x5A, 0x03, 0x00, 0x00, 0xCC, 0x03, 0x00, 0x00,
    0xF1, 0xB8, 0xB4, 0x3D, 0x90, 0xF5, 0x93, 0x3C, 0xAC, 0xD3, 0x59, 0x3D, 0xA4, 0xE0, 0xB8, 0x3D,
    0x89, 0xA9, 0xDD, 0x3E, 0xA4, 0xE0, 0xB8, 0x3D, 0xAC, 0xD3, 0x59, 0x3D, 0x90, 0xF5, 0x93, 0x3C,
    0x76, 0x00, 0x00, 0x00, 0xA8, 0x03, 0x00, 0x00, 0x1E, 0x04, 0x00, 0x00, 0x4C, 0x29, 0xC1, 0x3D,
    0x7B, 0x05, 0x98, 0x3C, 0xA2, 0xCE, 0x5F, 0x3D, 0x07, 0xF4, 0xBD, 0x3D, 0xED, 0x17, 0xD0, 0x3E,
    0x07, 0xF4, 0xBD, 0x3D, 0xA2, 0xCE, 0x5F, 0x3D, 0x7B, 0x05, 0x98, 0x3C, 0xD6, 0xE7, 0x88, 0x3C,
    0x8A, 0xA2, 0x91, 0x3C, 0x1C, 0xE6, 0x92, 0x3C, 0xC8, 0x6B, 0x93, 0x3C, 0x8F, 0x8F, 0x94, 0x3C,
    0xC7, 0xCD, 0x96, 0x3C, 0xD1, 0x4B, 0x99, 0x3C, 0x3F, 0xF5, 0x9A, 0x3C, 0x05, 0x5B, 0x9D, 0xBC,
    0x1F, 0xE6, 0xA2, 0xBC, 0x89, 0x7A, 0xA5, 0xBC, 0x73, 0xE9, 0xA7, 0xBC, 0xE9, 0x9D, 0xA9, 0xBC,
    0x47, 0x8A, 0xAF, 0xBC, 0xE3, 0x0C, 0xB1, 0xBC, 0xCD, 0x55, 0xB7, 0xBC, 0xD6, 0xE7, 0x88, 0x3C,
    0x8A, 0xA2, 0x91, 0x3C, 0x1C, 0xE6, 0x92, 0x3C, 0xC8, 0x6B, 0x93, 0x3C, 0x8F, 0x8F, 0x94, 0xBC,
    0xC7, 0xCD, 0x96, 0xBC, 0xD1, 0x4B, 0x99, 0xBC, 0x3F, 0xF5, 0x9A, 0xBC, 0x05, 0x5B, 0x9D, 0x3C,
    0x1F, 0xE6, 0xA2, 0x3C, 0x89, 0x7A, 0xA5, 0x3C, 0x73, 0xE9, 0xA7, 0x3C, 0xE9, 0x9D, 0xA9, 0xBC,
    0x47, 0x8A, 0xAF, 0xBC, 0xE3, 0x0C, 0xB1, 0xBC, 0xCD, 0x55, 0xB7, 0xBC, 0xD6, 0xE7, 0x88, 0xBC,
    0x8A, 0xA2, 0x91, 0xBC, 0x1C, 0xE6, 0x92, 0xBC, 0xC8, 0x6B, 0x93, 0xBC, 0x8F, 0x8F, 0x94, 0x3C,
    0xC7, 0xCD, 0x96, 0x3C, 0xD1, 0x4B, 0x99, 0x3C, 0x3F, 0xF5, 0x9A, 0x3C, 0x05, 0x5B, 0x9D, 0x3C,
    0x1F, 0xE6, 0xA2, 0x3C, 0x89, 0x7A, 0xA5, 0x3C, 0x73, 0xE9, 0xA7, 0x3C, 0xE9, 0x9D, 0xA9, 0xBC,
    0x47, 0x8A, 0xAF, 0xBC, 0xE3, 0x0C, 0xB1, 0xBC, 0xCD, 0x55, 0xB7, 0xBC, 0xD6, 0xE7, 0x88, 0x3C,
    0x8A, 0xA2, 0x91, 0x3C, 0x1C, 0xE6, 0x92, 0xBC, 0xC8, 0x6B, 0x93, 0xBC, 0x8F, 0x8F, 0x94, 0x3C,
    0xC7, 0xCD, 0x96, 0x3C, 0xD1, 0x4B, 0x99, 0xBC, 0x3F, 0xF5, 0x9A, 0xBC, 0x05, 0x5B, 0x9D, 0x3C,
    0x1F, 0xE6, 0xA2, 0x3C, 0x89, 0x7A, 0xA5, 0xBC, 0x73, 0xE9, 0xA7, 0xBC, 0xE9, 0x9D, 0xA9, 0x3C,
    0x47, 0x8A, 0xAF, 0x3C, 0xE3, 0x0C, 0xB1, 0xBC, 0xCD, 0x55, 0xB7, 0xBC, 0xD6, 0xE7, 0x88, 0xBC,
    0x8A, 0xA2, 0x91, 0xBC, 0x1C, 0xE6, 0x92, 0x3C, 0xC8, 0x6B, 0x93, 0x3C, 0x8F, 0x8F, 0x94, 0xBC,
    0xC7, 0xCD, 0x96, 0xBC, 0xD1, 0x4B, 0x99, 0x3C, 0x3F, 0xF5, 0x9A, 0x3C, 0x05, 0x5B, 0x9D, 0x3C,
    0x1F, 0xE6, 0xA2, 0x3C, 0x89, 0x7A, 0xA5, 0xBC, 0x73, 0xE9, 0xA7, 0xBC, 0xE9, 0x9D, 0xA9, 0x3C,
    0x47, 0x8A, 0xAF, 0x3C, 0xE3, 0x0C, 0xB1, 0xBC, 0xCD, 0x55, 0xB7, 0xBC, 0xD6, 0xE7, 0x88, 0xBC,
    0x8A, 0xA2, 0x91, 0xBC, 0x1C, 0xE6, 0x92, 0x3C, 0xC8, 0x6B, 0x93, 0x3C, 0x8F, 0x8F, 0x94, 0x3C,
    0xC7, 0xCD, 0x96, 0x3C, 0xD1, 0x4B, 0x99, 0xBC, 0x3F, 0xF5, 0x9A, 0xBC, 0x05, 0x5B, 0x9D, 0xBC,
    0x1F, 0xE6, 0xA2, 0xBC, 0x89, 0x7A, 0xA5, 0x3C, 0x73, 0xE9, 0xA7, 0x3C, 0xE9, 0x9D, 0xA9, 0x3C,
    0x47, 0x8A, 0xAF, 0x3C, 0xE3, 0x0C, 0xB1, 0xBC, 0xCD, 0x55, 0xB7, 0xBC, 0xD6, 0xE7, 0x88, 0x3C,
    0x8A, 0xA2, 0x91, 0x3C, 0x1C, 0xE6, 0x92, 0xBC, 0xC8, 0x6B, 0x93, 0xBC, 0x8F, 0x8F, 0x94, 0xBC,
    0xC7, 0xCD, 0x96, 0xBC, 0xD1, 0x4B, 0x99, 0x3C, 0x3F, 0xF5, 0x9A, 0x3C, 0x05, 0x5B, 0x9D, 0xBC,
    0x1F, 0xE6, 0xA2, 0xBC, 0x89, 0x7A, 0xA5, 0x3C, 0x73, 0xE9, 0xA7, 0x3C, 0xE9, 0x9D, 0xA9, 0x3C,
    0x47, 0x8A, 0xAF, 0x3C, 0xE3, 0x0C, 0xB1, 0xBC, 0xCD, 0x55, 0xB7, 0xBC, 0xD6, 0xE7, 0x88, 0xBC,
    0x8A, 0xA2, 0x91, 0x3C, 0x1C, 0xE6, 0x92, 0x3C, 0xC8, 0x6B, 0x93, 0xBC, 0x8F, 0x8F, 0x94, 0xBC,
    0xC7, 0xCD, 0x96, 0x3C, 0xD1, 0x4B, 0x99, 0x3C, 0x3F, 0xF5, 0x9A, 0xBC, 0x05, 0x5B, 0x9D, 0xBC,
    0x1F, 0xE6, 0xA2, 0x3C, 0x89, 0x7A, 0xA5, 0x3C, 0x73, 0xE9, 0xA7, 0xBC, 0xE9, 0x9D, 0xA9, 0xBC,
    0x47, 0x8A, 0xAF, 0x3C, 0xE3, 0x0C, 0xB1, 0x3C, 0xCD, 0x55, 0xB7, 0xBC, 0x89, 0x01, 0x00, 0x00,
    0x93, 0x00, 0x00, 0x00, 0xA1, 0x02, 0x00, 0x00, 0x30, 0x00, 0x00, 0x00, 0xFA, 0x36, 0x00, 0xC1,
    0x00, 0x00, 0x00, 0x00, 0x00, 0x00, 0x00, 0x00, 0xD7, 0x74, 0x8C, 0xC0, 0x00, 0x00, 0x00, 0x00,
    0x4C, 0x41, 0xF2, 0x3F, 0xA7, 0xA6, 0xA3, 0xC0, 0x67, 0x71, 0x46, 0x40, 0x04, 0x00, 0x40, 0x40,
    0x00, 0x00, 0x00, 0x00, 0x00, 0x00, 0x00, 0x00, 0x00, 0x00, 0x00, 0x00, 0x00, 0x00, 0x00, 0x00,
    0x00, 0x00, 0x00, 0x00, 0x00, 0x00, 0x00, 0x00, 0x00, 0x00, 0x00, 0x00, 0xE4, 0x38, 0x1F, 0xC1,
    0x00, 0x00, 0x40, 0xC0, 0x00, 0x00, 0xB8, 0xC1, 0x00, 0x00, 0x40, 0xC0, 0x00, 0x00, 0x00, 0x00,
    0x00, 0x00, 0xA0, 0xC1, 0x00, 0x00, 0x68, 0xC1, 0x00, 0x00, 0x40, 0xC0, 0x00, 0x00, 0xF0, 0xC0,
    0x00, 0x00, 0x40, 0xC0, 0x00, 0x00, 0xB0, 0xC0, 0x00, 0x00, 0x40, 0xC0, 0x00, 0x00, 0xC0, 0xBF,
    0x00, 0x00, 0xC0, 0xC0, 0x00, 0x00, 0x00, 0x00, 0x00, 0x00, 0x00, 0x00, 0x00, 0x00, 0x00, 0x00,
}};

alignas(4) constexpr std::array<std::uint8_t, 7568> kXinnSpreset_2in6_2 = {{
    0x11, 0x00, 0x00, 0x00, 0x20, 0x00, 0x00, 0x00, 0x00, 0xA0, 0x0C, 0x46, 0x70, 0x03, 0x06, 0xC0,
    0x66, 0x66, 0x86, 0x3F, 0xC8, 0x71, 0x1C, 0x3E, 0xC8, 0x71, 0x9C, 0xBE, 0x4A, 0x00, 0x00, 0x00,
    0x10, 0x22, 0x0F, 0x3F, 0xCC, 0x00, 0x00, 0x00, 0x89, 0x91, 0x66, 0x3E, 0x25, 0x02, 0x00, 0x00,
    0xE8, 0xDE, 0x61, 0x3D, 0x34, 0x06, 0x00, 0x00, 0x23, 0xCE, 0x65, 0x3D, 0x3B, 0x06, 0x00, 0x00,
    0xFB, 0xAA, 0xE2, 0x3C, 0x48, 0x06, 0x00, 0x00, 0x1C, 0x1C, 0xF7, 0xBC, 0xA4, 0x06, 0x00, 0x00,
    0x01, 0x96, 0xA9, 0xBC, 0xFE, 0x06, 0x00, 0x00, 0x26, 0x59, 0x80, 0x3C, 0x4E, 0x07, 0x00, 0x00,
    0x57, 0x88, 0x39, 0xBC, 0xA0, 0x07, 0x00, 0x00, 0xDE, 0x65, 0xB2, 0x3C, 0xE0, 0x07, 0x00, 0x00,
    0x04, 0x77, 0x3B, 0xBC, 0x2A, 0x08, 0x00, 0x00, 0xEE, 0x63, 0x3F, 0x3C, 0xAA, 0x08, 0x00, 0x00,
    0x94, 0x29, 0x8A, 0xBC, 0x2A, 0x09, 0x00, 0x00, 0x39, 0x91, 0x49, 0x3C, 0x5B, 0x09, 0x00, 0x00,
    0x17, 0xA9, 0x45, 0x3C, 0x9B, 0x09, 0x00, 0x00, 0xA8, 0x54, 0xC6, 0xBC, 0xD9, 0x09, 0x00, 0x00,
    0x9A, 0x49, 0x6F, 0x3C, 0xFD, 0x09, 0x00, 0x00, 0x83, 0x88, 0x93, 0x3C, 0x34, 0x0A, 0x00, 0x00,
    0xEA, 0xD7, 0x8F, 0x3C, 0x85, 0x0A, 0x00, 0x00, 0x54, 0x56, 0x72, 0x3C, 0xA9, 0x0A, 0x00, 0x00,
    0x85, 0xD1, 0x28, 0xBC, 0xEF, 0x0A, 0x00, 0x00, 0xC6, 0x43, 0x4A, 0xBC, 0x50, 0x0B, 0x00, 0x00,
    0x9C, 0x83, 0xCE, 0xBB, 0x76, 0x0B, 0x00, 0x00, 0x92, 0x7D, 0x0A, 0xBC, 0x93, 0x0B, 0x00, 0x00,
    0x59, 0xBC, 0x5A, 0x3C, 0xB6, 0x0B, 0x00, 0x00, 0xAB, 0xC3, 0x3C, 0xBC, 0xD9, 0x0B, 0x00, 0x00,
    0x98, 0xDA, 0x33, 0x3C, 0xED, 0x0B, 0x00, 0x00, 0x5B, 0x8C, 0x6C, 0xBC, 0x28, 0x0C, 0x00, 0x00,
    0x39, 0xCD, 0x46, 0xBC, 0x3C, 0x0C, 0x00, 0x00, 0xEE, 0x8C, 0x1D, 0xBC, 0x4E, 0x0C, 0x00, 0x00,
    0x14, 0xFD, 0x29, 0x3C, 0x59, 0x0C, 0x00, 0x00, 0x35, 0xE2, 0x13, 0xBC, 0x00, 0x00, 0x00, 0x00,
    0x00, 0x00, 0x00, 0x00, 0x00, 0x00, 0x00, 0x00, 0x00, 0x00, 0x00, 0x00, 0x00, 0x00, 0x00, 0x00,
    0x00, 0x00, 0x00, 0x00, 0x00, 0x00, 0x00, 0x00, 0x00, 0x00, 0x00, 0x00, 0x00, 0x00, 0x00, 0x00,
    0x00, 0x00, 0x00, 0x00, 0x00, 0x00, 0x00, 0x00, 0x00, 0x00, 0x00, 0x00, 0x00, 0x00, 0x00, 0x00,
    0x00, 0x00, 0x00, 0x00, 0x00, 0x00, 0x00, 0x00, 0x00, 0x00, 0x00, 0x00, 0x00, 0x00, 0x00, 0x00,
    0x00, 0x00, 0x00, 0x00, 0x00, 0x00, 0x00, 0x00, 0x00, 0x00, 0x00, 0x00, 0x00, 0x00, 0x00, 0x00,
    0x00, 0x00, 0x00, 0x00, 0x00, 0x00, 0x00, 0x00, 0x00, 0x00, 0x00, 0x00, 0x00, 0x00, 0x00, 0x00,
    0x00, 0x00, 0x00, 0x00, 0x00, 0x00, 0x00, 0x00, 0x00, 0x00, 0x00, 0x00, 0x00, 0x00, 0x00, 0x00,
    0x00, 0x00, 0x00, 0x00, 0x00, 0x00, 0x00, 0x00, 0x00, 0x00, 0x00, 0x00, 0xB0, 0x00, 0x00, 0x00,
    0x95, 0xF4, 0xEB, 0x3D, 0x23, 0x01, 0x00, 0x00, 0x15, 0xB5, 0x02, 0x3E, 0xA6, 0x04, 0x00, 0x00,
    0x1C, 0x3C, 0xD6, 0x3C, 0xDC, 0x04, 0x00, 0x00, 0xE4, 0x9F, 0x1C, 0x3D, 0x0A, 0x05, 0x00, 0x00,
    0x10, 0x61, 0x29, 0x3D, 0x49, 0x05, 0x00, 0x00, 0x82, 0x9A, 0xB2, 0xBC, 0x4B, 0x05, 0x00, 0x00,
    0x21, 0x15, 0xD2, 0x3C, 0x4D, 0x05, 0x00, 0x00, 0x7A, 0x65, 0xC8, 0xBC, 0x7B, 0x05, 0x00, 0x00,
    0x11, 0xC4, 0x19, 0x3D, 0xF8, 0x05, 0x00, 0x00, 0x91, 0xBA, 0x08, 0x3D, 0xFA, 0x05, 0x00, 0x00,
    0x05, 0xF9, 0xDA, 0xBC, 0x3B, 0x06, 0x00, 0x00, 0x40, 0x9B, 0x41, 0xBC, 0xB7, 0x06, 0x00, 0x00,
    0x68, 0x06, 0x4E, 0xBC, 0x28, 0x07, 0x00, 0x00, 0xA2, 0x53, 0xA2, 0xBC, 0x44, 0x07, 0x00, 0x00,
    0xD7, 0x70, 0x8B, 0x3C, 0x4A, 0x07, 0x00, 0x00, 0x0B, 0xAA, 0x9A, 0x3C, 0x58, 0x07, 0x00, 0x00,
    0x8B, 0x41, 0xB4, 0x3C, 0x5B, 0x07, 0x00, 0x00, 0xF0, 0x1F, 0x02, 0xBD, 0x5F, 0x07, 0x00, 0x00,
    0x5B, 0xC4, 0xA1, 0x3C, 0x6B, 0x07, 0x00, 0x00, 0x36, 0x0E, 0x8D, 0x3C, 0x84, 0x07, 0x00, 0x00,
    0x59, 0xBC, 0x5A, 0x3C, 0xC9, 0x07, 0x00, 0x00, 0xC3, 0x34, 0x63, 0xBC, 0x1C, 0x08, 0x00, 0x00,
    0xFC, 0x17, 0x6D, 0xBC, 0x69, 0x08, 0x00, 0x00, 0x9B, 0x7F, 0x68, 0x3C, 0x26, 0x09, 0x00, 0x00,
    0xA5, 0xFF, 0x5B, 0xBC, 0x43, 0x09, 0x00, 0x00, 0xD8, 0x94, 0x52, 0xBC, 0x4B, 0x09, 0x00, 0x00,
    0x38, 0x4D, 0x7C, 0x3C, 0x8C, 0x09, 0x00, 0x00, 0x25, 0xB8, 0x47, 0xBC, 0xC8, 0x09, 0x00, 0x00,
    0xE1, 0x90, 0x36, 0xBC, 0x09, 0x0A, 0x00, 0x00, 0xC7, 0x6A, 0x0C, 0xBC, 0x0C, 0x0A, 0x00, 0x00,
    0xFC, 0xC5, 0x2A, 0x3C, 0x1A, 0x0A, 0x00, 0x00, 0xA1, 0xDA, 0x3D, 0x3C, 0x00, 0x00, 0x00, 0x00,
    0x00, 0x00, 0x00, 0x00, 0x00, 0x00, 0x00, 0x00, 0x00, 0x00, 0x00, 0x00, 0x00, 0x00, 0x00, 0x00,
    0x00, 0x00, 0x00, 0x00, 0x00, 0x00, 0x00, 0x00, 0x00, 0x00, 0x00, 0x00, 0x00, 0x00, 0x00, 0x00,
    0x00, 0x00, 0x00, 0x00, 0x00, 0x00, 0x00, 0x00, 0x00, 0x00, 0x00, 0x00, 0x00, 0x00, 0x00, 0x00,
    0x00, 0x00, 0x00, 0x00, 0x00, 0x00, 0x00, 0x00, 0x00, 0x00, 0x00, 0x00, 0x00, 0x00, 0x00, 0x00,
    0x00, 0x00, 0x00, 0x00, 0x00, 0x00, 0x00, 0x00, 0x00, 0x00, 0x00, 0x00, 0x00, 0x00, 0x00, 0x00,
    0x00, 0x00, 0x00, 0x00, 0x00, 0x00, 0x00, 0x00, 0x00, 0x00, 0x00, 0x00, 0x00, 0x00, 0x00, 0x00,
    0x00, 0x00, 0x00, 0x00, 0x00, 0x00, 0x00, 0x00, 0x00, 0x00, 0x00, 0x00, 0x00, 0x00, 0x00, 0x00,
    0x00, 0x00, 0x00, 0x00, 0x00, 0x00, 0x00, 0x00, 0x00, 0x00, 0x00, 0x00, 0xAB, 0x00, 0x00, 0x00,
    0x95, 0xF4, 0xEB, 0x3D, 0x1E, 0x01, 0x00, 0x00, 0xA7, 0x86, 0xAB, 0x3D, 0x57, 0x02, 0x00, 0x00,
    0x57, 0xB2, 0x04, 0xBD, 0x14, 0x05, 0x00, 0x00, 0x8B, 0x08, 0xC4, 0x3D, 0x17, 0x05, 0x00, 0x00,
    0xBC, 0x19, 0xBC, 0xBC, 0xB5, 0x05, 0x00, 0x00, 0x06, 0xED, 0x2C, 0x3D, 0xC7, 0x05, 0x00, 0x00,
    0x3B, 0x1A, 0xC6, 0xBC, 0xDE, 0x05, 0x00, 0x00, 0xE5, 0xD7, 0x0E, 0x3D, 0x63, 0x06, 0x00, 0x00,
    0xCC, 0x37, 0x8D, 0xBC, 0x38, 0x07, 0x00, 0x00, 0x50, 0x0B, 0x00, 0x3D, 0x3E, 0x07, 0x00, 0x00,
    0x33, 0xAD, 0x09, 0x3D, 0x62, 0x07, 0x00, 0x00, 0x54, 0xFF, 0x9E, 0x3C, 0xE8, 0x07, 0x00, 0x00,
    0xC8, 0xF5, 0x8A, 0x3C, 0x0D, 0x08, 0x00, 0x00, 0xE0, 0x01, 0x91, 0xBC, 0x6B, 0x08, 0x00, 0x00,
    0xE8, 0xA3, 0x6D, 0x3C, 0xBB, 0x08, 0x00, 0x00, 0x99, 0x18, 0x84, 0xBC, 0x27, 0x09, 0x00, 0x00,
    0xC7, 0xB7, 0x98, 0xBC, 0x4E, 0x09, 0x00, 0x00, 0x81, 0x08, 0x8E, 0xBC, 0x7A, 0x09, 0x00, 0x00,
    0xD1, 0xF0, 0x80, 0xBC, 0x7E, 0x09, 0x00, 0x00, 0x05, 0xA8, 0x27, 0x3C, 0xA7, 0x09, 0x00, 0x00,
    0x23, 0x6E, 0x67, 0xBC, 0xCE, 0x09, 0x00, 0x00, 0x1D, 0x3B, 0x68, 0xBC, 0xFF, 0x09, 0x00, 0x00,
    0x1D, 0xBB, 0x59, 0xBC, 0x0F, 0x0A, 0x00, 0x00, 0x63, 0x32, 0x8E, 0x3C, 0x3C, 0x0A, 0x00, 0x00,
    0x88, 0x40, 0x5C, 0xBC, 0x3E, 0x0A, 0x00, 0x00, 0x95, 0xC7, 0x85, 0x3C, 0x99, 0x0A, 0x00, 0x00,
    0x2E, 0xB1, 0x4F, 0x3C, 0x09, 0x0B, 0x00, 0x00, 0x4A, 0x1C, 0x20, 0xBC, 0x1D, 0x0B, 0x00, 0x00,
    0x5C, 0x07, 0x24, 0xBC, 0x2C, 0x0B, 0x00, 0x00, 0xBE, 0xC1, 0x55, 0x3C, 0x39, 0x0B, 0x00, 0x00,
    0xD2, 0xF1, 0x62, 0x3C, 0x49, 0x0B, 0x00, 0x00, 0x96, 0x4C, 0xA6, 0x3C, 0x00, 0x00, 0x00, 0x00,
    0x00, 0x00, 0x00, 0x00, 0x00, 0x00, 0x00, 0x00, 0x00, 0x00, 0x00, 0x00, 0x00, 0x00, 0x00, 0x00,
    0x00, 0x00, 0x00, 0x00, 0x00, 0x00, 0x00, 0x00, 0x00, 0x00, 0x00, 0x00, 0x00, 0x00, 0x00, 0x00,
    0x00, 0x00, 0x00, 0x00, 0x00, 0x00, 0x00, 0x00, 0x00, 0x00, 0x00, 0x00, 0x00, 0x00, 0x00, 0x00,
    0x00, 0x00, 0x00, 0x00, 0x00, 0x00, 0x00, 0x00, 0x00, 0x00, 0x00, 0x00, 0x00, 0x00, 0x00, 0x00,
    0x00, 0x00, 0x00, 0x00, 0x00, 0x00, 0x00, 0x00, 0x00, 0x00, 0x00, 0x00, 0x00, 0x00, 0x00, 0x00,
    0x00, 0x00, 0x00, 0x00, 0x00, 0x00, 0x00, 0x00, 0x00, 0x00, 0x00, 0x00, 0x00, 0x00, 0x00, 0x00,
    0x00, 0x00, 0x00, 0x00, 0x00, 0x00, 0x00, 0x00, 0x00, 0x00, 0x00, 0x00, 0x00, 0x00, 0x00, 0x00,
    0x00, 0x00, 0x00, 0x00, 0x00, 0x00, 0x00, 0x00, 0x00, 0x00, 0x00, 0x00, 0x45, 0x00, 0x00, 0x00,
    0x10, 0x22, 0x0F, 0x3F, 0xCC, 0x00, 0x00, 0x00, 0x24, 0xAF, 0x56, 0x3E, 0x23, 0x01, 0x00, 0x00,
    0xEC, 0xBB, 0x68, 0xBD, 0x87, 0x01, 0x00, 0x00, 0x42, 0x16, 0x04, 0x3D, 0x2B, 0x05, 0x00, 0x00,
    0x01, 0xFE, 0x63, 0x3C, 0xDB, 0x05, 0x00, 0x00, 0x8F, 0x1B, 0x7B, 0x3D, 0xDE, 0x05, 0x00, 0x00,
    0x8B, 0x41, 0xB4, 0xBC, 0xE0, 0x05, 0x00, 0x00, 0xCC, 0xD5, 0x09, 0x3D, 0xF3, 0x05, 0x00, 0x00,
    0x1C, 0x3C, 0xD6, 0x3C, 0x08, 0x06, 0x00, 0x00, 0x12, 0xF7, 0xD8, 0x3C, 0x17, 0x06, 0x00, 0x00,
    0xE3, 0x4A, 0xE5, 0xBC, 0x44, 0x06, 0x00, 0x00, 0x74, 0x10, 0xCD, 0xBC, 0x75, 0x06, 0x00, 0x00,
    0x87, 0xBA, 0xD6, 0xBC, 0x96, 0x06, 0x00, 0x00, 0xC1, 0x5B, 0x9D, 0x3C, 0xC7, 0x06, 0x00, 0x00,
    0x52, 0xA6, 0x6A, 0xBC, 0x32, 0x07, 0x00, 0x00, 0x30, 0xDD, 0x60, 0xBC, 0x9E, 0x07, 0x00, 0x00,
    0x83, 0xB8, 0xDA, 0xBC, 0xA0, 0x07, 0x00, 0x00, 0x4C, 0x45, 0xD4, 0x3C, 0xC2, 0x07, 0x00, 0x00,
    0x24, 0xD8, 0xF4, 0x3C, 0xD3, 0x07, 0x00, 0x00, 0x52, 0xDA, 0x06, 0xBD, 0x7F, 0x08, 0x00, 0x00,
    0x8A, 0x1D, 0x70, 0x3C, 0xA7, 0x08, 0x00, 0x00, 0x49, 0xFB, 0x59, 0xBC, 0x64, 0x09, 0x00, 0x00,
    0x96, 0x04, 0xCA, 0xBC, 0x98, 0x09, 0x00, 0x00, 0x26, 0x90, 0x6F, 0x3C, 0x09, 0x0A, 0x00, 0x00,
    0x81, 0x4D, 0x69, 0xBC, 0x28, 0x0A, 0x00, 0x00, 0x7B, 0x6C, 0x88, 0x3C, 0x89, 0x0A, 0x00, 0x00,
    0xB7, 0xBC, 0x6E, 0x3C, 0xCC, 0x0A, 0x00, 0x00, 0xAD, 0xD7, 0x76, 0xBC, 0x0F, 0x0B, 0x00, 0x00,
    0x55, 0x92, 0x69, 0x3C, 0x15, 0x0B, 0x00, 0x00, 0x8A, 0x1D, 0x70, 0x3C, 0x2F, 0x0B, 0x00, 0x00,
    0x25, 0x76, 0x6B, 0xBC, 0x45, 0x0B, 0x00, 0x00, 0x54, 0x56, 0x72, 0xBC, 0x00, 0x00, 0x00, 0x00,
    0x00, 0x00, 0x00, 0x00, 0x00, 0x00, 0x00, 0x00, 0x00, 0x00, 0x00, 0x00, 0x00, 0x00, 0x00, 0x00,
    0x00, 0x00, 0x00, 0x00, 0x00, 0x00, 0x00, 0x00, 0x00, 0x00, 0x00, 0x00, 0x00, 0x00, 0x00, 0x00,
    0x00, 0x00, 0x00, 0x00, 0x00, 0x00, 0x00, 0x00, 0x00, 0x00, 0x00, 0x00, 0x00, 0x00, 0x00, 0x00,
    0x00, 0x00, 0x00, 0x00, 0x00, 0x00, 0x00, 0x00, 0x00, 0x00, 0x00, 0x00, 0x00, 0x00, 0x00, 0x00,
    0x00, 0x00, 0x00, 0x00, 0x00, 0x00, 0x00, 0x00, 0x00, 0x00, 0x00, 0x00, 0x00, 0x00, 0x00, 0x00,
    0x00, 0x00, 0x00, 0x00, 0x00, 0x00, 0x00, 0x00, 0x00, 0x00, 0x00, 0x00, 0x00, 0x00, 0x00, 0x00,
    0x00, 0x00, 0x00, 0x00, 0x00, 0x00, 0x00, 0x00, 0x00, 0x00, 0x00, 0x00, 0x00, 0x00, 0x00, 0x00,
    0x00, 0x00, 0x00, 0x00, 0x00, 0x00, 0x00, 0x00, 0x00, 0x00, 0x00, 0x00, 0x8A, 0x00, 0x00, 0x00,
    0x11, 0xAB, 0x55, 0x3F, 0x8A, 0x01, 0x00, 0x00, 0xF4, 0x2D, 0x5B, 0x3E, 0x6C, 0x02, 0x00, 0x00,
    0x44, 0x11, 0xB9, 0x3D, 0x8E, 0x02, 0x00, 0x00, 0xE0, 0x13, 0x6A, 0xBD, 0xE8, 0x02, 0x00, 0x00,
    0xD5, 0x85, 0x4D, 0xBD, 0x80, 0x03, 0x00, 0x00, 0x61, 0x3E, 0x34, 0xBD, 0x4D, 0x04, 0x00, 0x00,
    0x2F, 0x28, 0xFD, 0xBC, 0x66, 0x05, 0x00, 0x00, 0x3D, 0xCE, 0xBA, 0x3C, 0xEB, 0x05, 0x00, 0x00,
    0xBE, 0xB3, 0x35, 0x3D, 0x54, 0x06, 0x00, 0x00, 0x81, 0x27, 0x87, 0x3D, 0x57, 0x06, 0x00, 0x00,
    0x50, 0x0B, 0x00, 0xBD, 0x61, 0x06, 0x00, 0x00, 0x71, 0xF9, 0xF5, 0xBC, 0x6C, 0x06, 0x00, 0x00,
    0x10, 0xA5, 0xA7, 0x3C, 0x1A, 0x07, 0x00, 0x00, 0xE5, 0x11, 0x95, 0x3C, 0xB3, 0x07, 0x00, 0x00,
    0x0F, 0x5D, 0x93, 0xBC, 0xC0, 0x07, 0x00, 0x00, 0x44, 0xF8, 0x96, 0x3C, 0x06, 0x08, 0x00, 0x00,
    0x44, 0xF8, 0x96, 0x3C, 0x11, 0x08, 0x00, 0x00, 0x15, 0x06, 0xA1, 0x3C, 0x39, 0x08, 0x00, 0x00,
    0x81, 0x95, 0x82, 0xBC, 0x94, 0x08, 0x00, 0x00, 0x54, 0x56, 0x72, 0x3C, 0xB9, 0x08, 0x00, 0x00,
    0x47, 0x44, 0x88, 0xBC, 0xCC, 0x08, 0x00, 0x00, 0x20, 0x7E, 0x5B, 0x3C, 0xE5, 0x08, 0x00, 0x00,
    0xD5, 0xA1, 0x66, 0x3C, 0x23, 0x09, 0x00, 0x00, 0x10, 0xA5, 0xA7, 0xBC, 0x48, 0x09, 0x00, 0x00,
    0x8A, 0x39, 0xA8, 0xBC, 0x79, 0x09, 0x00, 0x00, 0x55, 0x92, 0x69, 0xBC, 0x8A, 0x09, 0x00, 0x00,
    0x97, 0x0D, 0x80, 0x3C, 0xBB, 0x09, 0x00, 0x00, 0x71, 0x57, 0x91, 0x3C, 0xCC, 0x09, 0x00, 0x00,
    0x1E, 0xA4, 0x48, 0xBC, 0x52, 0x0A, 0x00, 0x00, 0x93, 0x5E, 0x89, 0xBC, 0x63, 0x0A, 0x00, 0x00,
    0x50, 0x86, 0x8E, 0x3C, 0x72, 0x0A, 0x00, 0x00, 0xD0, 0x78, 0x85, 0xBC, 0x00, 0x00, 0x00, 0x00,
    0x00, 0x00, 0x00, 0x00, 0x00, 0x00, 0x00, 0x00, 0x00, 0x00, 0x00, 0x00, 0x00, 0x00, 0x00, 0x00,
    0x00, 0x00, 0x00, 0x00, 0x00, 0x00, 0x00, 0x00, 0x00, 0x00, 0x00, 0x00, 0x00, 0x00, 0x00, 0x00,
    0x00, 0x00, 0x00, 0x00, 0x00, 0x00, 0x00, 0x00, 0x00, 0x00, 0x00, 0x00, 0x00, 0x00, 0x00, 0x00,
    0x00, 0x00, 0x00, 0x00, 0x00, 0x00, 0x00, 0x00, 0x00, 0x00, 0x00, 0x00, 0x00, 0x00, 0x00, 0x00,
    0x00, 0x00, 0x00, 0x00, 0x00, 0x00, 0x00, 0x00, 0x00, 0x00, 0x00, 0x00, 0x00, 0x00, 0x00, 0x00,
    0x00, 0x00, 0x00, 0x00, 0x00, 0x00, 0x00, 0x00, 0x00, 0x00, 0x00, 0x00, 0x00, 0x00, 0x00, 0x00,
    0x00, 0x00, 0x00, 0x00, 0x00, 0x00, 0x00, 0x00, 0x00, 0x00, 0x00, 0x00, 0x00, 0x00, 0x00, 0x00,
    0x00, 0x00, 0x00, 0x00, 0x00, 0x00, 0x00, 0x00, 0x00, 0x00, 0x00, 0x00, 0xA5, 0x00, 0x00, 0x00,
    0x06, 0x4B, 0x22, 0x3E, 0xA0, 0x01, 0x00, 0x00, 0xCE, 0x00, 0x47, 0x3D, 0x2A, 0x02, 0x00, 0x00,
    0x85, 0x25, 0x85, 0x3D, 0x75, 0x03, 0x00, 0x00, 0x56, 0x5A, 0x1F, 0xBD, 0x00, 0x04, 0x00, 0x00,
    0xEA, 0x4C, 0xCD, 0x3C, 0x20, 0x05, 0x00, 0x00, 0x5B, 0xEF, 0x03, 0xBD, 0x8C, 0x05, 0x00, 0x00,
    0xCF, 0xC9, 0xF8, 0x3D, 0x8E, 0x05, 0x00, 0x00, 0x94, 0x37, 0xB8, 0xBD, 0xBB, 0x05, 0x00, 0x00,
    0xE9, 0x8A, 0x06, 0xBD, 0xEB, 0x05, 0x00, 0x00, 0xE1, 0x3A, 0x84, 0x3D, 0x4E, 0x06, 0x00, 0x00,
    0x4B, 0x1C, 0x0B, 0x3D, 0x9B, 0x06, 0x00, 0x00, 0xB0, 0x8B, 0x74, 0x3D, 0x9D, 0x06, 0x00, 0x00,
    0x40, 0x62, 0x21, 0xBD, 0x33, 0x07, 0x00, 0x00, 0x10, 0xF4, 0x87, 0x3C, 0x36, 0x07, 0x00, 0x00,
    0xFC, 0xA6, 0xF0, 0xBC, 0x48, 0x07, 0x00, 0x00, 0x05, 0xF9, 0xDA, 0xBC, 0x7D, 0x07, 0x00, 0x00,
    0x4D, 0x8E, 0x94, 0xBC, 0xAF, 0x07, 0x00, 0x00, 0x2C, 0xC3, 0xB0, 0x3C, 0xC6, 0x07, 0x00, 0x00,
    0x29, 0x72, 0xEE, 0xBC, 0xCC, 0x07, 0x00, 0x00, 0xAF, 0x73, 0xBB, 0x3C, 0x13, 0x08, 0x00, 0x00,
    0xF1, 0x7A, 0x59, 0xBC, 0x86, 0x08, 0x00, 0x00, 0x64, 0x18, 0x9C, 0x3C, 0xAE, 0x08, 0x00, 0x00,
    0xBC, 0x95, 0xA4, 0xBC, 0xE1, 0x08, 0x00, 0x00, 0x6A, 0xB3, 0x79, 0xBC, 0x04, 0x09, 0x00, 0x00,
    0xA2, 0x68, 0x37, 0x3C, 0x4A, 0x09, 0x00, 0x00, 0xB8, 0xA2, 0x3D, 0xBC, 0xAF, 0x09, 0x00, 0x00,
    0x68, 0x61, 0x2A, 0x3C, 0xC7, 0x09, 0x00, 0x00, 0x1B, 0x01, 0x6C, 0xBC, 0xD7, 0x09, 0x00, 0x00,
    0x07, 0xFD, 0x79, 0xBC, 0x09, 0x0A, 0x00, 0x00, 0x54, 0x82, 0x91, 0x3C, 0x3C, 0x0A, 0x00, 0x00,
    0x9A, 0xE8, 0x14, 0x3C, 0x3F, 0x0A, 0x00, 0x00, 0x5D, 0x86, 0x22, 0xBC, 0x00, 0x00, 0x00, 0x00,
    0x00, 0x00, 0x00, 0x00, 0x00, 0x00, 0x00, 0x00, 0x00, 0x00, 0x00, 0x00, 0x00, 0x00, 0x00, 0x00,
    0x00, 0x00, 0x00, 0x00, 0x00, 0x00, 0x00, 0x00, 0x00, 0x00, 0x00, 0x00, 0x00, 0x00, 0x00, 0x00,
    0x00, 0x00, 0x00, 0x00, 0x00, 0x00, 0x00, 0x00, 0x00, 0x00, 0x00, 0x00, 0x00, 0x00, 0x00, 0x00,
    0x00, 0x00, 0x00, 0x00, 0x00, 0x00, 0x00, 0x00, 0x00, 0x00, 0x00, 0x00, 0x00, 0x00, 0x00, 0x00,
    0x00, 0x00, 0x00, 0x00, 0x00, 0x00, 0x00, 0x00, 0x00, 0x00, 0x00, 0x00, 0x00, 0x00, 0x00, 0x00,
    0x00, 0x00, 0x00, 0x00, 0x00, 0x00, 0x00, 0x00, 0x00, 0x00, 0x00, 0x00, 0x00, 0x00, 0x00, 0x00,
    0x00, 0x00, 0x00, 0x00, 0x00, 0x00, 0x00, 0x00, 0x00, 0x00, 0x00, 0x00, 0x00, 0x00, 0x00, 0x00,
    0x00, 0x00, 0x00, 0x00, 0x00, 0x00, 0x00, 0x00, 0x00, 0x00, 0x00, 0x00, 0xA2, 0x00, 0x00, 0x00,
    0x06, 0x4B, 0x22, 0x3E, 0x9A, 0x01, 0x00, 0x00, 0x1C, 0x15, 0x96, 0x3D, 0x7B, 0x02, 0x00, 0x00,
    0x5B, 0x76, 0x5B, 0x3D, 0xF3, 0x02, 0x00, 0x00, 0x2B, 0xA2, 0xEA, 0x3C, 0xF6, 0x02, 0x00, 0x00,
    0xA9, 0xA7, 0x3B, 0xBD, 0x97, 0x03, 0x00, 0x00, 0xBB, 0x60, 0x01, 0xBD, 0xCA, 0x05, 0x00, 0x00,
    0x05, 0x2F, 0xA4, 0x3D, 0x35, 0x06, 0x00, 0x00, 0xB4, 0x28, 0xE3, 0x3D, 0x42, 0x06, 0x00, 0x00,
    0x50, 0x5B, 0x9B, 0xBD, 0x4E, 0x06, 0x00, 0x00, 0xD4, 0x54, 0xE0, 0x3C, 0x79, 0x06, 0x00, 0x00,
    0x96, 0x4C, 0xA6, 0xBC, 0x8F, 0x06, 0x00, 0x00, 0xB5, 0x59, 0xED, 0xBC, 0x9F, 0x06, 0x00, 0x00,
    0x7C, 0x3C, 0xBB, 0x3C, 0xE3, 0x06, 0x00, 0x00, 0x8C, 0x43, 0xA3, 0xBC, 0xFF, 0x06, 0x00, 0x00,
    0x92, 0x39, 0xDB, 0x3C, 0x16, 0x07, 0x00, 0x00, 0x54, 0x52, 0x8A, 0xBC, 0x6B, 0x07, 0x00, 0x00,
    0x09, 0xE1, 0xF2, 0xBC, 0x92, 0x07, 0x00, 0x00, 0xF3, 0x22, 0xAE, 0xBC, 0xCB, 0x07, 0x00, 0x00,
    0x96, 0x4C, 0xA6, 0x3C, 0x0A, 0x08, 0x00, 0x00, 0xA8, 0xA2, 0x9C, 0xBC, 0x5E, 0x08, 0x00, 0x00,
    0xA0, 0x48, 0x82, 0x3C, 0xB5, 0x08, 0x00, 0x00, 0xB0, 0x48, 0xA0, 0x3C, 0x38, 0x09, 0x00, 0x00,
    0x82, 0xAD, 0xCF, 0xBC, 0x5B, 0x09, 0x00, 0x00, 0xDF, 0x43, 0x55, 0x3C, 0xA6, 0x09, 0x00, 0x00,
    0xA5, 0xFF, 0x5B, 0x3C, 0xE4, 0x09, 0x00, 0x00, 0x93, 0x5E, 0x89, 0xBC, 0x20, 0x0A, 0x00, 0x00,
    0x98, 0x1B, 0xA6, 0x3C, 0x78, 0x0A, 0x00, 0x00, 0x03, 0xA4, 0x87, 0xBC, 0xA0, 0x0A, 0x00, 0x00,
    0x56, 0x70, 0xCF, 0xBC, 0xDA, 0x0A, 0x00, 0x00, 0xBC, 0x30, 0xE3, 0xBC, 0xEE, 0x0A, 0x00, 0x00,
    0xC7, 0x8B, 0x5E, 0x3C, 0xF7, 0x0A, 0x00, 0x00, 0x26, 0xD2, 0x6C, 0xBC, 0x00, 0x00, 0x00, 0x00,
    0x00, 0x00, 0x00, 0x00, 0x00, 0x00, 0x00, 0x00, 0x00, 0x00, 0x00, 0x00, 0x00, 0x00, 0x00, 0x00,
    0x00, 0x00, 0x00, 0x00, 0x00, 0x00, 0x00, 0x00, 0x00, 0x00, 0x00, 0x00, 0x00, 0x00, 0x00, 0x00,
    0x00, 0x00, 0x00, 0x00, 0x00, 0x00, 0x00, 0x00, 0x00, 0x00, 0x00, 0x00, 0x00, 0x00, 0x00, 0x00,
    0x00, 0x00, 0x00, 0x00, 0x00, 0x00, 0x00, 0x00, 0x00, 0x00, 0x00, 0x00, 0x00, 0x00, 0x00, 0x00,
    0x00, 0x00, 0x00, 0x00, 0x00, 0x00, 0x00, 0x00, 0x00, 0x00, 0x00, 0x00, 0x00, 0x00, 0x00, 0x00,
    0x00, 0x00, 0x00, 0x00, 0x00, 0x00, 0x00, 0x00, 0x00, 0x00, 0x00, 0x00, 0x00, 0x00, 0x00, 0x00,
    0x00, 0x00, 0x00, 0x00, 0x00, 0x00, 0x00, 0x00, 0x00, 0x00, 0x00, 0x00, 0x00, 0x00, 0x00, 0x00,
    0x00, 0x00, 0x00, 0x00, 0x00, 0x00, 0x00, 0x00, 0x00, 0x00, 0x00, 0x00, 0x8B, 0x00, 0x00, 0x00,
    0xDA, 0xE6, 0x56, 0x3F, 0x8C, 0x01, 0x00, 0x00, 0x13, 0x05, 0x44, 0x3E, 0x1D, 0x02, 0x00, 0x00,
    0x5E, 0x6A, 0x33, 0x3D, 0x6A, 0x03, 0x00, 0x00, 0xDF, 0x0F, 0xC9, 0x3D, 0x8E, 0x03, 0x00, 0x00,
    0xF9, 0xF9, 0x7B, 0x3D, 0xB1, 0x05, 0x00, 0x00, 0x4C, 0xEA, 0x85, 0x3D, 0xB3, 0x05, 0x00, 0x00,
    0x61, 0x8D, 0x52, 0xBD, 0x0E, 0x06, 0x00, 0x00, 0xC2, 0xF8, 0x6B, 0x3D, 0x10, 0x06, 0x00, 0x00,
    0x4B, 0x1C, 0x0B, 0xBD, 0xBB, 0x06, 0x00, 0x00, 0xC6, 0xAB, 0x26, 0x3D, 0xBD, 0x06, 0x00, 0x00,
    0xC4, 0x79, 0x1A, 0xBD, 0xE9, 0x06, 0x00, 0x00, 0x85, 0x8E, 0xE5, 0x3C, 0x4E, 0x07, 0x00, 0x00,
    0x93, 0xA0, 0xC8, 0x3C, 0x51, 0x07, 0x00, 0x00, 0xD4, 0x54, 0xE0, 0xBC, 0x96, 0x07, 0x00, 0x00,
    0x32, 0xF6, 0xCE, 0xBC, 0xDA, 0x07, 0x00, 0x00, 0x14, 0xFA, 0xA9, 0x3C, 0x13, 0x08, 0x00, 0x00,
    0xD3, 0x34, 0xA4, 0x3C, 0xC1, 0x08, 0x00, 0x00, 0x7B, 0x89, 0xCD, 0xBC, 0x03, 0x09, 0x00, 0x00,
    0xAB, 0xEA, 0xA5, 0xBC, 0x36, 0x09, 0x00, 0x00, 0x8C, 0xEC, 0xB5, 0x3C, 0x6D, 0x09, 0x00, 0x00,
    0xF4, 0x58, 0x8F, 0x3C, 0x13, 0x0A, 0x00, 0x00, 0xB0, 0x48, 0xA0, 0xBC, 0x15, 0x0A, 0x00, 0x00,
    0x84, 0x25, 0xE2, 0x3C, 0x17, 0x0A, 0x00, 0x00, 0x0B, 0xAA, 0x9A, 0xBC, 0x6B, 0x0A, 0x00, 0x00,
    0xBB, 0xAF, 0x92, 0x3C, 0x80, 0x0A, 0x00, 0x00, 0x1E, 0x7B, 0x8A, 0xBC, 0xB3, 0x0A, 0x00, 0x00,
    0xA4, 0x2C, 0xEB, 0xBC, 0x25, 0x0B, 0x00, 0x00, 0x68, 0x2D, 0x9D, 0x3C, 0x49, 0x0B, 0x00, 0x00,
    0x12, 0x6A, 0x08, 0x3D, 0x4D, 0x0B, 0x00, 0x00, 0x2E, 0x8E, 0xE9, 0xBC, 0x50, 0x0B, 0x00, 0x00,
    0xB4, 0x0B, 0x0D, 0x3D, 0x5C, 0x0B, 0x00, 0x00, 0xFC, 0x64, 0xF7, 0xBC, 0x00, 0x00, 0x00, 0x00,
    0x00, 0x00, 0x00, 0x00, 0x00, 0x00, 0x00, 0x00, 0x00, 0x00, 0x00, 0x00, 0x00, 0x00, 0x00, 0x00,
    0x00, 0x00, 0x00, 0x00, 0x00, 0x00, 0x00, 0x00, 0x00, 0x00, 0x00, 0x00, 0x00, 0x00, 0x00, 0x00,
    0x00, 0x00, 0x00, 0x00, 0x00, 0x00, 0x00, 0x00, 0x00, 0x00, 0x00, 0x00, 0x00, 0x00, 0x00, 0x00,
    0x00, 0x00, 0x00, 0x00, 0x00, 0x00, 0x00, 0x00, 0x00, 0x00, 0x00, 0x00, 0x00, 0x00, 0x00, 0x00,
    0x00, 0x00, 0x00, 0x00, 0x00, 0x00, 0x00, 0x00, 0x00, 0x00, 0x00, 0x00, 0x00, 0x00, 0x00, 0x00,
    0x00, 0x00, 0x00, 0x00, 0x00, 0x00, 0x00, 0x00, 0x00, 0x00, 0x00, 0x00, 0x00, 0x00, 0x00, 0x00,
    0x00, 0x00, 0x00, 0x00, 0x00, 0x00, 0x00, 0x00, 0x00, 0x00, 0x00, 0x00, 0x00, 0x00, 0x00, 0x00,
    0x00, 0x00, 0x00, 0x00, 0x00, 0x00, 0x00, 0x00, 0x00, 0x00, 0x00, 0x00, 0xDA, 0x00, 0x00, 0x00,
    0x93, 0x92, 0x33, 0x3F, 0xCD, 0x01, 0x00, 0x00, 0xA6, 0x67, 0x88, 0x3D, 0x37, 0x02, 0x00, 0x00,
    0x28, 0x84, 0xAC, 0x3D, 0xAE, 0x02, 0x00, 0x00, 0xBD, 0x7F, 0x11, 0x3D, 0xCD, 0x02, 0x00, 0x00,
    0x80, 0xB7, 0x14, 0xBD, 0x8C, 0x03, 0x00, 0x00, 0x87, 0xF2, 0x4E, 0x3D, 0x8E, 0x03, 0x00, 0x00,
    0x9C, 0x60, 0x77, 0xBD, 0x7B, 0x04, 0x00, 0x00, 0xB8, 0x78, 0xD7, 0x3C, 0xCD, 0x04, 0x00, 0x00,
    0x28, 0x2F, 0xCB, 0xBC, 0x14, 0x05, 0x00, 0x00, 0xD4, 0x54, 0xE0, 0x3C, 0x60, 0x05, 0x00, 0x00,
    0xAB, 0x42, 0xC0, 0x3C, 0x92, 0x05, 0x00, 0x00, 0xB6, 0x8C, 0xAB, 0xBC, 0x44, 0x06, 0x00, 0x00,
    0x43, 0xF3, 0xAF, 0xBC, 0x7E, 0x06, 0x00, 0x00, 0x66, 0xF9, 0xB6, 0xBC, 0xAC, 0x06, 0x00, 0x00,
    0xE6, 0x83, 0xD4, 0x3C, 0xFF, 0x06, 0x00, 0x00, 0x4F, 0x56, 0xAE, 0xBC, 0x3E, 0x07, 0x00, 0x00,
    0xF5, 0xEC, 0xC0, 0xBC, 0xA6, 0x07, 0x00, 0x00, 0x1A, 0x65, 0xA1, 0xBC, 0xD0, 0x07, 0x00, 0x00,
    0xEE, 0x5F, 0x14, 0xBD, 0x43, 0x08, 0x00, 0x00, 0x34, 0xEE, 0x95, 0x3C, 0x81, 0x08, 0x00, 0x00,
    0x7E, 0xD6, 0xA7, 0x3C, 0xD1, 0x08, 0x00, 0x00, 0xCF, 0x17, 0xB9, 0xBC, 0xD5, 0x08, 0x00, 0x00,
    0xAB, 0x8D, 0xB6, 0xBC, 0x06, 0x09, 0x00, 0x00, 0x81, 0x08, 0x8E, 0x3C, 0x87, 0x09, 0x00, 0x00,
    0x55, 0x77, 0xD8, 0xBC, 0xE2, 0x09, 0x00, 0x00, 0xB6, 0xAE, 0xA6, 0xBC, 0xF4, 0x09, 0x00, 0x00,
    0x8B, 0x3F, 0x84, 0x3C, 0x7D, 0x0A, 0x00, 0x00, 0xAB, 0xDE, 0x8D, 0x3C, 0xC5, 0x0A, 0x00, 0x00,
    0xDE, 0xF7, 0xD7, 0xBC, 0xE0, 0x0A, 0x00, 0x00, 0x70, 0x99, 0xD1, 0xBC, 0x07, 0x0B, 0x00, 0x00,
    0x83, 0x88, 0x93, 0x3C, 0x75, 0x0B, 0x00, 0x00, 0xC7, 0x79, 0xC7, 0x3C, 0x00, 0x00, 0x00, 0x00,
    0x00, 0x00, 0x00, 0x00, 0x00, 0x00, 0x00, 0x00, 0x00, 0x00, 0x00, 0x00, 0x00, 0x00, 0x00, 0x00,
    0x00, 0x00, 0x00, 0x00, 0x00, 0x00, 0x00, 0x00, 0x00, 0x00, 0x00, 0x00, 0x00, 0x00, 0x00, 0x00,
    0x00, 0x00, 0x00, 0x00, 0x00, 0x00, 0x00, 0x00, 0x00, 0x00, 0x00, 0x00, 0x00, 0x00, 0x00, 0x00,
    0x00, 0x00, 0x00, 0x00, 0x00, 0x00, 0x00, 0x00, 0x00, 0x00, 0x00, 0x00, 0x00, 0x00, 0x00, 0x00,
    0x00, 0x00, 0x00, 0x00, 0x00, 0x00, 0x00, 0x00, 0x00, 0x00, 0x00, 0x00, 0x00, 0x00, 0x00, 0x00,
    0x00, 0x00, 0x00, 0x00, 0x00, 0x00, 0x00, 0x00, 0x00, 0x00, 0x00, 0x00, 0x00, 0x00, 0x00, 0x00,
    0x00, 0x00, 0x00, 0x00, 0x00, 0x00, 0x00, 0x00, 0x00, 0x00, 0x00, 0x00, 0x00, 0x00, 0x00, 0x00,
    0x00, 0x00, 0x00, 0x00, 0x00, 0x00, 0x00, 0x00, 0x00, 0x00, 0x00, 0x00, 0x07, 0x01, 0x00, 0x00,
    0x99, 0x87, 0x2A, 0x3E, 0x46, 0x02, 0x00, 0x00, 0x4E, 0x89, 0xF8, 0x3C, 0x88, 0x03, 0x00, 0x00,
    0x70, 0x99, 0xD1, 0x3C, 0x0A, 0x04, 0x00, 0x00, 0x70, 0xC2, 0x4D, 0x3D, 0xF6, 0x04, 0x00, 0x00,
    0x0F, 0x5D, 0x93, 0x3C, 0x2D, 0x05, 0x00, 0x00, 0x5B, 0xC4, 0xA1, 0x3C, 0xB7, 0x05, 0x00, 0x00,
    0x0C, 0x94, 0xB1, 0xBC, 0x82, 0x06, 0x00, 0x00, 0x37, 0xBB, 0x9F, 0x3C, 0x38, 0x07, 0x00, 0x00,
    0x51, 0xA7, 0x1A, 0x3D, 0x6B, 0x07, 0x00, 0x00, 0xBC, 0x2D, 0x45, 0x3D, 0x6D, 0x07, 0x00, 0x00,
    0x5D, 0x06, 0x72, 0xBD, 0x8C, 0x07, 0x00, 0x00, 0xC1, 0x5B, 0x9D, 0x3C, 0x37, 0x08, 0x00, 0x00,
    0xA5, 0xD6, 0xA0, 0xBC, 0x3C, 0x08, 0x00, 0x00, 0x43, 0xF3, 0xAF, 0x3C, 0x56, 0x08, 0x00, 0x00,
    0x70, 0xC3, 0xDD, 0xBC, 0xA8, 0x08, 0x00, 0x00, 0x01, 0x7F, 0x80, 0x3C, 0xE5, 0x08, 0x00, 0x00,
    0x88, 0x40, 0x5C, 0x3C, 0xF7, 0x08, 0x00, 0x00, 0xE9, 0x50, 0x5F, 0x3C, 0x53, 0x09, 0x00, 0x00,
    0xB4, 0xF6, 0x67, 0x3C, 0x8A, 0x09, 0x00, 0x00, 0x1E, 0xE2, 0x7C, 0xBC, 0xDF, 0x09, 0x00, 0x00,
    0xB3, 0x34, 0x45, 0x3C, 0xF7, 0x09, 0x00, 0x00, 0x52, 0x8D, 0x2C, 0xBC, 0x13, 0x0A, 0x00, 0x00,
    0xDA, 0x6A, 0x3D, 0x3C, 0x8F, 0x0A, 0x00, 0x00, 0xCE, 0xE2, 0x26, 0xBC, 0xDD, 0x0A, 0x00, 0x00,
    0x81, 0xBF, 0x2D, 0xBC, 0x0E, 0x0B, 0x00, 0x00, 0x35, 0xE2, 0x13, 0x3C, 0x7A, 0x0B, 0x00, 0x00,
    0x37, 0x49, 0x1C, 0xBC, 0xE7, 0x0B, 0x00, 0x00, 0xBC, 0x95, 0xA4, 0x3C, 0xE9, 0x0B, 0x00, 0x00,
    0xBE, 0xC1, 0x55, 0xBC, 0xEC, 0x0B, 0x00, 0x00, 0xAA, 0x65, 0x86, 0x3C, 0xF6, 0x0B, 0x00, 0x00,
    0x55, 0x77, 0xD8, 0x3C, 0xF8, 0x0B, 0x00, 0x00, 0xD2, 0xDB, 0x84, 0xBC, 0x00, 0x00, 0x00, 0x00,
    0x00, 0x00, 0x00, 0x00, 0x00, 0x00, 0x00, 0x00, 0x00, 0x00, 0x00, 0x00, 0x00, 0x00, 0x00, 0x00,
    0x00, 0x00, 0x00, 0x00, 0x00, 0x00, 0x00, 0x00, 0x00, 0x00, 0x00, 0x00, 0x00, 0x00, 0x00, 0x00,
    0x00, 0x00, 0x00, 0x00, 0x00, 0x00, 0x00, 0x00, 0x00, 0x00, 0x00, 0x00, 0x00, 0x00, 0x00, 0x00,
    0x00, 0x00, 0x00, 0x00, 0x00, 0x00, 0x00, 0x00, 0x00, 0x00, 0x00, 0x00, 0x00, 0x00, 0x00, 0x00,
    0x00, 0x00, 0x00, 0x00, 0x00, 0x00, 0x00, 0x00, 0x00, 0x00, 0x00, 0x00, 0x00, 0x00, 0x00, 0x00,
    0x00, 0x00, 0x00, 0x00, 0x00, 0x00, 0x00, 0x00, 0x00, 0x00, 0x00, 0x00, 0x00, 0x00, 0x00, 0x00,
    0x00, 0x00, 0x00, 0x00, 0x00, 0x00, 0x00, 0x00, 0x00, 0x00, 0x00, 0x00, 0x00, 0x00, 0x00, 0x00,
    0x00, 0x00, 0x00, 0x00, 0x00, 0x00, 0x00, 0x00, 0x00, 0x00, 0x00, 0x00, 0x03, 0x01, 0x00, 0x00,
    0x8B, 0xFD, 0x20, 0x3E, 0xEB, 0x01, 0x00, 0x00, 0xB8, 0x78, 0xD7, 0x3C, 0x60, 0x02, 0x00, 0x00,
    0x19, 0x8F, 0xB0, 0xBC, 0xC6, 0x02, 0x00, 0x00, 0xA1, 0xFC, 0x36, 0xBC, 0x83, 0x03, 0x00, 0x00,
    0xDE, 0xDF, 0xA6, 0x3C, 0xBE, 0x03, 0x00, 0x00, 0xDF, 0x69, 0x95, 0x3C, 0x15, 0x04, 0x00, 0x00,
    0xAE, 0x91, 0x8C, 0x3C, 0xCA, 0x04, 0x00, 0x00, 0x80, 0x81, 0x5C, 0x3C, 0x9F, 0x05, 0x00, 0x00,
    0x3C, 0xB7, 0xD9, 0xBC, 0xA1, 0x05, 0x00, 0x00, 0xFC, 0xA6, 0xF0, 0x3C, 0xB0, 0x05, 0x00, 0x00,
    0x59, 0xFB, 0x77, 0x3C, 0x71, 0x06, 0x00, 0x00, 0xBA, 0x76, 0xB4, 0xBC, 0x73, 0x06, 0x00, 0x00,
    0xA1, 0x8E, 0x9B, 0x3C, 0x80, 0x06, 0x00, 0x00, 0xAE, 0x91, 0x8C, 0x3C, 0xD9, 0x06, 0x00, 0x00,
    0x13, 0x07, 0x33, 0xBC, 0x03, 0x07, 0x00, 0x00, 0x58, 0x9C, 0x3F, 0x3C, 0xD8, 0x07, 0x00, 0x00,
    0x9A, 0x49, 0x6F, 0xBC, 0xDB, 0x07, 0x00, 0x00, 0x09, 0xBF, 0x39, 0x3C, 0x94, 0x08, 0x00, 0x00,
    0xBE, 0xC1, 0x55, 0x3C, 0x9B, 0x08, 0x00, 0x00, 0x1F, 0x30, 0x6E, 0x3C, 0xBE, 0x08, 0x00, 0x00,
    0xD2, 0xF1, 0x62, 0xBC, 0xC1, 0x08, 0x00, 0x00, 0xB2, 0xD4, 0x5F, 0xBC, 0xFD, 0x08, 0x00, 0x00,
    0x8F, 0x2B, 0x3F, 0xBC, 0xBB, 0x09, 0x00, 0x00, 0x32, 0xC0, 0x2C, 0xBC, 0xCF, 0x09, 0x00, 0x00,
    0xFC, 0x8E, 0x1F, 0x3C, 0xE1, 0x09, 0x00, 0x00, 0x0B, 0x14, 0x27, 0x3C, 0x49, 0x0A, 0x00, 0x00,
    0xAE, 0x5F, 0x13, 0xBC, 0x85, 0x0A, 0x00, 0x00, 0x92, 0x7D, 0x0A, 0xBC, 0x09, 0x0B, 0x00, 0x00,
    0x4F, 0x65, 0xEA, 0xBB, 0x76, 0x0B, 0x00, 0x00, 0x6C, 0x0D, 0x40, 0xBC, 0x77, 0x0B, 0x00, 0x00,
    0x5C, 0x07, 0x24, 0x3C, 0x7C, 0x0B, 0x00, 0x00, 0x6B, 0x27, 0x2F, 0xBC, 0x00, 0x00, 0x00, 0x00,
    0x00, 0x00, 0x00, 0x00, 0x00, 0x00, 0x00, 0x00, 0x00, 0x00, 0x00, 0x00, 0x00, 0x00, 0x00, 0x00,
    0x00, 0x00, 0x00, 0x00, 0x00, 0x00, 0x00, 0x00, 0x00, 0x00, 0x00, 0x00, 0x00, 0x00, 0x00, 0x00,
    0x00, 0x00, 0x00, 0x00, 0x00, 0x00, 0x00, 0x00, 0x00, 0x00, 0x00, 0x00, 0x00, 0x00, 0x00, 0x00,
    0x00, 0x00, 0x00, 0x00, 0x00, 0x00, 0x00, 0x00, 0x00, 0x00, 0x00, 0x00, 0x00, 0x00, 0x00, 0x00,
    0x00, 0x00, 0x00, 0x00, 0x00, 0x00, 0x00, 0x00, 0x00, 0x00, 0x00, 0x00, 0x00, 0x00, 0x00, 0x00,
    0x00, 0x00, 0x00, 0x00, 0x00, 0x00, 0x00, 0x00, 0x00, 0x00, 0x00, 0x00, 0x00, 0x00, 0x00, 0x00,
    0x00, 0x00, 0x00, 0x00, 0x00, 0x00, 0x00, 0x00, 0x00, 0x00, 0x00, 0x00, 0x00, 0x00, 0x00, 0x00,
    0x00, 0x00, 0x00, 0x00, 0x00, 0x00, 0x00, 0x00, 0x00, 0x00, 0x00, 0x00, 0xDB, 0x00, 0x00, 0x00,
    0x3A, 0xD1, 0x34, 0x3F, 0xD1, 0x01, 0x00, 0x00, 0xCA, 0x11, 0x86, 0x3D, 0x41, 0x02, 0x00, 0x00,
    0x0A, 0x61, 0x79, 0x3D, 0x75, 0x03, 0x00, 0x00, 0x40, 0xB4, 0x6E, 0x3D, 0x98, 0x03, 0x00, 0x00,
    0x4C, 0xA4, 0xB8, 0x3D, 0x71, 0x07, 0x00, 0x00, 0x30, 0x70, 0x1E, 0x3D, 0x74, 0x07, 0x00, 0x00,
    0x6F, 0x22, 0x41, 0xBD, 0x79, 0x07, 0x00, 0x00, 0xAE, 0x4E, 0x17, 0xBD, 0xAC, 0x07, 0x00, 0x00,
    0x64, 0xB7, 0x82, 0x3D, 0xDB, 0x07, 0x00, 0x00, 0x0C, 0x2F, 0x13, 0xBD, 0xE5, 0x07, 0x00, 0x00,
    0x32, 0xCB, 0xFF, 0xBC, 0x3A, 0x08, 0x00, 0x00, 0x3D, 0x1F, 0xCC, 0xBC, 0x3D, 0x08, 0x00, 0x00,
    0x4E, 0xF3, 0xCA, 0xBC, 0x76, 0x08, 0x00, 0x00, 0x6C, 0xBC, 0xAD, 0xBC, 0x8E, 0x08, 0x00, 0x00,
    0xAF, 0x78, 0x4E, 0x3D, 0x91, 0x08, 0x00, 0x00, 0xCC, 0xD5, 0x09, 0xBD, 0x95, 0x08, 0x00, 0x00,
    0x79, 0x0F, 0xC4, 0xBC, 0x55, 0x09, 0x00, 0x00, 0x18, 0x6B, 0xCB, 0x3C, 0x59, 0x09, 0x00, 0x00,
    0x9F, 0xF8, 0xF9, 0x3C, 0x72, 0x0A, 0x00, 0x00, 0xF8, 0x98, 0xBF, 0x3C, 0x7A, 0x0A, 0x00, 0x00,
    0x09, 0xD4, 0xCC, 0x3C, 0x81, 0x0A, 0x00, 0x00, 0x6E, 0xB7, 0xEB, 0xBC, 0x60, 0x0B, 0x00, 0x00,
    0x25, 0x4F, 0x05, 0x3D, 0x7E, 0x0B, 0x00, 0x00, 0x7F, 0xC9, 0xDE, 0x3C, 0x94, 0x0B, 0x00, 0x00,
    0x74, 0xA2, 0xB3, 0xBC, 0xB6, 0x0B, 0x00, 0x00, 0x57, 0xC3, 0xF1, 0xBC, 0xF7, 0x0B, 0x00, 0x00,
    0xE5, 0xA2, 0xD0, 0x3C, 0x0F, 0x0C, 0x00, 0x00, 0x23, 0xCE, 0x65, 0xBD, 0x10, 0x0C, 0x00, 0x00,
    0xB8, 0x2C, 0x63, 0x3D, 0x22, 0x0C, 0x00, 0x00, 0xF6, 0x1E, 0x36, 0x3D, 0x4D, 0x0C, 0x00, 0x00,
    0xB5, 0x59, 0xED, 0x3C, 0x81, 0x0C, 0x00, 0x00, 0x10, 0xA5, 0xA7, 0x3C, 0x00, 0x00, 0x00, 0x00,
    0x00, 0x00, 0x00, 0x00, 0x00, 0x00, 0x00, 0x00, 0x00, 0x00, 0x00, 0x00, 0x00, 0x00, 0x00, 0x00,
    0x00, 0x00, 0x00, 0x00, 0x00, 0x00, 0x00, 0x00, 0x00, 0x00, 0x00, 0x00, 0x00, 0x00, 0x00, 0x00,
    0x00, 0x00, 0x00, 0x00, 0x00, 0x00, 0x00, 0x00, 0x00, 0x00, 0x00, 0x00, 0x00, 0x00, 0x00, 0x00,
    0x00, 0x00, 0x00, 0x00, 0x00, 0x00, 0x00, 0x00, 0x00, 0x00, 0x00, 0x00, 0x00, 0x00, 0x00, 0x00,
    0x00, 0x00, 0x00, 0x00, 0x00, 0x00, 0x00, 0x00, 0x00, 0x00, 0x00, 0x00, 0x00, 0x00, 0x00, 0x00,
    0x00, 0x00, 0x00, 0x00, 0x00, 0x00, 0x00, 0x00, 0x00, 0x00, 0x00, 0x00, 0x00, 0x00, 0x00, 0x00,
    0x00, 0x00, 0x00, 0x00, 0x00, 0x00, 0x00, 0x00, 0x00, 0x00, 0x00, 0x00, 0x00, 0x00, 0x00, 0x00,
    0x00, 0x00, 0x00, 0x00, 0x00, 0x00, 0x00, 0x00, 0x00, 0x00, 0x00, 0x00, 0x00, 0x00, 0x00, 0x00,
    0x00, 0x00, 0x00, 0x00, 0x00, 0x00, 0x00, 0x00, 0x00, 0x00, 0x00, 0x00, 0x00, 0x00, 0x00, 0x00,
    0x00, 0x00, 0x00, 0x00, 0x00, 0x00, 0x00, 0x00, 0x00, 0x00, 0x00, 0x00, 0x00, 0x00, 0x00, 0x00,
    0x00, 0x00, 0x00, 0x00, 0x00, 0x00, 0x00, 0x00, 0x00, 0x00, 0x00, 0x00, 0x00, 0x00, 0x00, 0x00,
    0x00, 0x00, 0x00, 0x00, 0x00, 0x00, 0x00, 0x00, 0x00, 0x00, 0x00, 0x00, 0x00, 0x00, 0x00, 0x00,
    0x00, 0x00, 0x00, 0x00, 0x00, 0x00, 0x00, 0x00, 0x00, 0x00, 0x00, 0x00, 0x00, 0x00, 0x00, 0x00,
    0x00, 0x00, 0x00, 0x00, 0x00, 0x00, 0x00, 0x00, 0x00, 0x00, 0x00, 0x00, 0x00, 0x00, 0x00, 0x00,
    0x00, 0x00, 0x00, 0x00, 0x00, 0x00, 0x00, 0x00, 0x00, 0x00, 0x00, 0x00, 0x00, 0x00, 0x00, 0x00,
    0x00, 0x00, 0x00, 0x00, 0x00, 0x00, 0x00, 0x00, 0x00, 0x00, 0x00, 0x00, 0x00, 0x00, 0x00, 0x00,
    0x00, 0x00, 0x00, 0x00, 0x00, 0x00, 0x00, 0x00, 0x00, 0x00, 0x00, 0x00, 0x00, 0x00, 0x00, 0x00,
    0x00, 0x00, 0x00, 0x00, 0x00, 0x00, 0x00, 0x00, 0x00, 0x00, 0x00, 0x00, 0x00, 0x00, 0x00, 0x00,
    0x00, 0x00, 0x00, 0x00, 0x00, 0x00, 0x00, 0x00, 0x00, 0x00, 0x00, 0x00, 0x00, 0x00, 0x00, 0x00,
    0x00, 0x00, 0x00, 0x00, 0x00, 0x00, 0x00, 0x00, 0x00, 0x00, 0x00, 0x00, 0x00, 0x00, 0x00, 0x00,
    0x00, 0x00, 0x00, 0x00, 0x00, 0x00, 0x00, 0x00, 0x00, 0x00, 0x00, 0x00, 0x00, 0x00, 0x00, 0x00,
    0x00, 0x00, 0x00, 0x00, 0x00, 0x00, 0x00, 0x00, 0x00, 0x00, 0x00, 0x00, 0x00, 0x00, 0x00, 0x00,
    0x00, 0x00, 0x00, 0x00, 0x00, 0x00, 0x00, 0x00, 0x00, 0x00, 0x00, 0x00, 0x00, 0x00, 0x00, 0x00,
    0x00, 0x00, 0x00, 0x00, 0x00, 0x00, 0x00, 0x00, 0x00, 0x00, 0x00, 0x00, 0x00, 0x00, 0x00, 0x00,
    0x00, 0x00, 0x00, 0x00, 0x00, 0x00, 0x00, 0x00, 0x00, 0x00, 0x00, 0x00, 0x00, 0x00, 0x00, 0x00,
    0x00, 0x00, 0x00, 0x00, 0x00, 0x00, 0x00, 0x00, 0x00, 0x00, 0x00, 0x00, 0x00, 0x00, 0x00, 0x00,
    0x00, 0x00, 0x00, 0x00, 0x00, 0x00, 0x00, 0x00, 0x00, 0x00, 0x00, 0x00, 0x00, 0x00, 0x00, 0x00,
    0x00, 0x00, 0x00, 0x00, 0x00, 0x00, 0x00, 0x00, 0x00, 0x00, 0x00, 0x00, 0x00, 0x00, 0x00, 0x00,
    0x00, 0x00, 0x00, 0x00, 0x00, 0x00, 0x00, 0x00, 0x00, 0x00, 0x00, 0x00, 0x00, 0x00, 0x00, 0x00,
    0x00, 0x00, 0x00, 0x00, 0x00, 0x00, 0x00, 0x00, 0x00, 0x00, 0x00, 0x00, 0x00, 0x00, 0x00, 0x00,
    0x00, 0x00, 0x00, 0x00, 0x00, 0x00, 0x00, 0x00, 0x00, 0x00, 0x00, 0x00, 0x00, 0x00, 0x00, 0x00,
    0x00, 0x00, 0x00, 0x00, 0x00, 0x00, 0x00, 0x00, 0x00, 0x00, 0x00, 0x00, 0x00, 0x00, 0x00, 0x00,
    0x00, 0x00, 0x00, 0x00, 0x00, 0x00, 0x00, 0x00, 0x00, 0x00, 0x00, 0x00, 0x00, 0x00, 0x00, 0x00,
    0x00, 0x00, 0x00, 0x00, 0x00, 0x00, 0x00, 0x00, 0x00, 0x00, 0x00, 0x00, 0x00, 0x00, 0x00, 0x00,
    0x00, 0x00, 0x00, 0x00, 0x00, 0x00, 0x00, 0x00, 0x00, 0x00, 0x00, 0x00, 0x00, 0x00, 0x00, 0x00,
    0x00, 0x00, 0x00, 0x00, 0x00, 0x00, 0x00, 0x00, 0x00, 0x00, 0x00, 0x00, 0x00, 0x00, 0x00, 0x00,
    0x00, 0x00, 0x00, 0x00, 0x00, 0x00, 0x00, 0x00, 0x00, 0x00, 0x00, 0x00, 0x00, 0x00, 0x00, 0x00,
    0x00, 0x00, 0x00, 0x00, 0x00, 0x00, 0x00, 0x00, 0x00, 0x00, 0x00, 0x00, 0x00, 0x00, 0x00, 0x00,
    0x00, 0x00, 0x00, 0x00, 0x00, 0x00, 0x00, 0x00, 0x00, 0x00, 0x00, 0x00, 0x00, 0x00, 0x00, 0x00,
    0x00, 0x00, 0x00, 0x00, 0x00, 0x00, 0x00, 0x00, 0x00, 0x00, 0x00, 0x00, 0x00, 0x00, 0x00, 0x00,
    0x00, 0x00, 0x00, 0x00, 0x00, 0x00, 0x00, 0x00, 0x00, 0x00, 0x00, 0x00, 0x00, 0x00, 0x00, 0x00,
    0x00, 0x00, 0x00, 0x00, 0x00, 0x00, 0x00, 0x00, 0x00, 0x00, 0x00, 0x00, 0x00, 0x00, 0x00, 0x00,
    0x00, 0x00, 0x00, 0x00, 0x00, 0x00, 0x00, 0x00, 0x00, 0x00, 0x00, 0x00, 0x00, 0x00, 0x00, 0x00,
    0x00, 0x00, 0x00, 0x00, 0x00, 0x00, 0x00, 0x00, 0x00, 0x00, 0x00, 0x00, 0x00, 0x00, 0x00, 0x00,
    0x00, 0x00, 0x00, 0x00, 0x00, 0x00, 0x00, 0x00, 0x00, 0x00, 0x00, 0x00, 0x00, 0x00, 0x00, 0x00,
    0x00, 0x00, 0x00, 0x00, 0x00, 0x00, 0x00, 0x00, 0x00, 0x00, 0x00, 0x00, 0x00, 0x00, 0x00, 0x00,
    0x00, 0x00, 0x00, 0x00, 0x00, 0x00, 0x00, 0x00, 0x00, 0x00, 0x00, 0x00, 0x00, 0x00, 0x00, 0x00,
    0x00, 0x00, 0x00, 0x00, 0x00, 0x00, 0x00, 0x00, 0x00, 0x00, 0x00, 0x00, 0x00, 0x00, 0x00, 0x00,
    0x00, 0x00, 0x00, 0x00, 0x00, 0x00, 0x00, 0x00, 0x00, 0x00, 0x00, 0x00, 0x00, 0x00, 0x00, 0x00,
    0x00, 0x00, 0x00, 0x00, 0x00, 0x00, 0x00, 0x00, 0x00, 0x00, 0x00, 0x00, 0x00, 0x00, 0x00, 0x00,
    0x00, 0x00, 0x00, 0x00, 0x00, 0x00, 0x00, 0x00, 0x00, 0x00, 0x00, 0x00, 0x00, 0x00, 0x00, 0x00,
    0x00, 0x00, 0x00, 0x00, 0x00, 0x00, 0x00, 0x00, 0x00, 0x00, 0x00, 0x00, 0x00, 0x00, 0x00, 0x00,
    0x00, 0x00, 0x00, 0x00, 0x00, 0x00, 0x00, 0x00, 0x00, 0x00, 0x00, 0x00, 0x00, 0x00, 0x00, 0x00,
    0x00, 0x00, 0x00, 0x00, 0x00, 0x00, 0x00, 0x00, 0x00, 0x00, 0x00, 0x00, 0x00, 0x00, 0x00, 0x00,
    0x00, 0x00, 0x00, 0x00, 0x00, 0x00, 0x00, 0x00, 0x00, 0x00, 0x00, 0x00, 0x00, 0x00, 0x00, 0x00,
    0x00, 0x00, 0x00, 0x00, 0x00, 0x00, 0x00, 0x00, 0x00, 0x00, 0x00, 0x00, 0x00, 0x00, 0x00, 0x00,
    0x00, 0x00, 0x00, 0x00, 0x00, 0x00, 0x00, 0x00, 0x00, 0x00, 0x00, 0x00, 0x00, 0x00, 0x00, 0x00,
    0x00, 0x00, 0x00, 0x00, 0x00, 0x00, 0x00, 0x00, 0x00, 0x00, 0x00, 0x00, 0x00, 0x00, 0x00, 0x00,
    0x00, 0x00, 0x00, 0x00, 0x00, 0x00, 0x00, 0x00, 0x00, 0x00, 0x00, 0x00, 0x00, 0x00, 0x00, 0x00,
    0x00, 0x00, 0x00, 0x00, 0x00, 0x00, 0x00, 0x00, 0x00, 0x00, 0x00, 0x00, 0x00, 0x00, 0x00, 0x00,
    0x00, 0x00, 0x00, 0x00, 0x00, 0x00, 0x00, 0x00, 0x00, 0x00, 0x00, 0x00, 0x00, 0x00, 0x00, 0x00,
    0x00, 0x00, 0x00, 0x00, 0x00, 0x00, 0x00, 0x00, 0x00, 0x00, 0x00, 0x00, 0x00, 0x00, 0x00, 0x00,
    0x00, 0x00, 0x00, 0x00, 0x00, 0x00, 0x00, 0x00, 0x00, 0x00, 0x00, 0x00, 0x00, 0x00, 0x00, 0x00,
    0x00, 0x00, 0x00, 0x00, 0x00, 0x00, 0x00, 0x00, 0x00, 0x00, 0x00, 0x00, 0x00, 0x00, 0x00, 0x00,
    0x00, 0x00, 0x00, 0x00, 0x00, 0x00, 0x00, 0x00, 0x00, 0x00, 0x00, 0x00, 0x00, 0x00, 0x00, 0x00,
    0x00, 0x00, 0x00, 0x00, 0x00, 0x00, 0x00, 0x00, 0x00, 0x00, 0x00, 0x00, 0x00, 0x00, 0x00, 0x00,
    0x00, 0x00, 0x00, 0x00, 0x00, 0x00, 0x00, 0x00, 0x00, 0x00, 0x00, 0x00, 0x00, 0x00, 0x00, 0x00,
    0x00, 0x00, 0x00, 0x00, 0x00, 0x00, 0x00, 0x00, 0x00, 0x00, 0x00, 0x00, 0x00, 0x00, 0x00, 0x00,
    0x00, 0x00, 0x00, 0x00, 0x00, 0x00, 0x00, 0x00, 0x00, 0x00, 0x00, 0x00, 0x00, 0x00, 0x00, 0x00,
    0x00, 0x00, 0x00, 0x00, 0x00, 0x00, 0x00, 0x00, 0x00, 0x00, 0x00, 0x00, 0x00, 0x00, 0x00, 0x00,
    0x00, 0x00, 0x00, 0x00, 0x00, 0x00, 0x00, 0x00, 0x00, 0x00, 0x00, 0x00, 0x00, 0x00, 0x00, 0x00,
    0x00, 0x00, 0x00, 0x00, 0x00, 0x00, 0x00, 0x00, 0x00, 0x00, 0x00, 0x00, 0x00, 0x00, 0x00, 0x00,
    0x00, 0x00, 0x00, 0x00, 0x00, 0x00, 0x00, 0x00, 0x00, 0x00, 0x00, 0x00, 0x00, 0x00, 0x00, 0x00,
    0x00, 0x00, 0x00, 0x00, 0x00, 0x00, 0x00, 0x00, 0x00, 0x00, 0x00, 0x00, 0x00, 0x00, 0x00, 0x00,
    0x00, 0x00, 0x00, 0x00, 0x00, 0x00, 0x00, 0x00, 0x00, 0x00, 0x00, 0x00, 0x00, 0x00, 0x00, 0x00,
    0x00, 0x00, 0x00, 0x00, 0x00, 0x00, 0x00, 0x00, 0x00, 0x00, 0x00, 0x00, 0x00, 0x00, 0x00, 0x00,
    0x00, 0x00, 0x00, 0x00, 0x00, 0x00, 0x00, 0x00, 0x00, 0x00, 0x00, 0x00, 0x00, 0x00, 0x00, 0x00,
    0x00, 0x00, 0x00, 0x00, 0x00, 0x00, 0x00, 0x00, 0x00, 0x00, 0x00, 0x00, 0x00, 0x00, 0x00, 0x00,
    0x00, 0x00, 0x00, 0x00, 0x00, 0x00, 0x00, 0x00, 0x00, 0x00, 0x00, 0x00, 0x00, 0x00, 0x00, 0x00,
    0x00, 0x00, 0x00, 0x00, 0x00, 0x00, 0x00, 0x00, 0x00, 0x00, 0x00, 0x00, 0x00, 0x00, 0x00, 0x00,
    0x00, 0x00, 0x00, 0x00, 0x00, 0x00, 0x00, 0x00, 0x00, 0x00, 0x00, 0x00, 0x00, 0x00, 0x00, 0x00,
    0x00, 0x00, 0x00, 0x00, 0x00, 0x00, 0x00, 0x00, 0x00, 0x00, 0x00, 0x00, 0x00, 0x00, 0x00, 0x00,
    0x00, 0x00, 0x00, 0x00, 0x00, 0x00, 0x00, 0x00, 0x00, 0x00, 0x00, 0x00, 0x00, 0x00, 0x00, 0x00,
    0x00, 0x00, 0x00, 0x00, 0x00, 0x00, 0x00, 0x00, 0x00, 0x00, 0x00, 0x00, 0x00, 0x00, 0x00, 0x00,
    0x00, 0x00, 0x00, 0x00, 0x00, 0x00, 0x00, 0x00, 0x00, 0x00, 0x00, 0x00, 0x00, 0x00, 0x00, 0x00,
    0x00, 0x00, 0x00, 0x00, 0x00, 0x00, 0x00, 0x00, 0x00, 0x00, 0x00, 0x00, 0x00, 0x00, 0x00, 0x00,
    0x00, 0x00, 0x00, 0x00, 0x00, 0x00, 0x00, 0x00, 0x00, 0x00, 0x00, 0x00, 0x00, 0x00, 0x00, 0x00,
    0x00, 0x00, 0x00, 0x00, 0x00, 0x00, 0x00, 0x00, 0x00, 0x00, 0x00, 0x00, 0x00, 0x00, 0x00, 0x00,
    0x00, 0x00, 0x00, 0x00, 0x00, 0x00, 0x00, 0x00, 0x00, 0x00, 0x00, 0x00, 0x00, 0x00, 0x00, 0x00,
    0x00, 0x00, 0x00, 0x00, 0x00, 0x00, 0x00, 0x00, 0x00, 0x00, 0x00, 0x00, 0x00, 0x00, 0x00, 0x00,
    0x00, 0x00, 0x00, 0x00, 0x00, 0x00, 0x00, 0x00, 0x00, 0x00, 0x00, 0x00, 0x00, 0x00, 0x00, 0x00,
    0x00, 0x00, 0x00, 0x00, 0x00, 0x00, 0x00, 0x00, 0x00, 0x00, 0x00, 0x00, 0x00, 0x00, 0x00, 0x00,
    0x00, 0x00, 0x00, 0x00, 0x00, 0x00, 0x00, 0x00, 0x00, 0x00, 0x00, 0x00, 0x00, 0x00, 0x00, 0x00,
    0x00, 0x00, 0x00, 0x00, 0x00, 0x00, 0x00, 0x00, 0x00, 0x00, 0x00, 0x00, 0x00, 0x00, 0x00, 0x00,
    0x00, 0x00, 0x00, 0x00, 0x00, 0x00, 0x00, 0x00, 0x00, 0x00, 0x00, 0x00, 0x00, 0x00, 0x00, 0x00,
    0x00, 0x00, 0x00, 0x00, 0x00, 0x00, 0x00, 0x00, 0x00, 0x00, 0x00, 0x00, 0x00, 0x00, 0x00, 0x00,
    0x00, 0x00, 0x00, 0x00, 0x00, 0x00, 0x00, 0x00, 0x00, 0x00, 0x00, 0x00, 0x00, 0x00, 0x00, 0x00,
    0x00, 0x00, 0x00, 0x00, 0x00, 0x00, 0x00, 0x00, 0x00, 0x00, 0x00, 0x00, 0x00, 0x00, 0x00, 0x00,
    0x00, 0x00, 0x00, 0x00, 0x00, 0x00, 0x00, 0x00, 0x00, 0x00, 0x00, 0x00, 0x00, 0x00, 0x00, 0x00,
    0x00, 0x00, 0x00, 0x00, 0x00, 0x00, 0x00, 0x00, 0x00, 0x00, 0x00, 0x00, 0x00, 0x00, 0x00, 0x00,
    0x00, 0x00, 0x00, 0x00, 0x00, 0x00, 0x00, 0x00, 0x00, 0x00, 0x00, 0x00, 0x00, 0x00, 0x00, 0x00,
    0x00, 0x00, 0x00, 0x00, 0x00, 0x00, 0x00, 0x00, 0x00, 0x00, 0x00, 0x00, 0x00, 0x00, 0x00, 0x00,
    0x00, 0x00, 0x00, 0x00, 0x00, 0x00, 0x00, 0x00, 0x00, 0x00, 0x00, 0x00, 0x00, 0x00, 0x00, 0x00,
    0x00, 0x00, 0x00, 0x00, 0x00, 0x00, 0x00, 0x00, 0x00, 0x00, 0x00, 0x00, 0x00, 0x38, 0x1E, 0x3F,
    0x00, 0x00, 0x00, 0x00, 0x00, 0x80, 0x7D, 0x3F, 0x00, 0x00, 0x20, 0x3C, 0xFA, 0x01, 0x00, 0x00,
    0x30, 0x00, 0x00, 0x00, 0x00, 0x00, 0xFA, 0x45, 0xE4, 0x38, 0x4E, 0xBF, 0x0C, 0x01, 0x00, 0x00,
    0x49, 0x03, 0x00, 0x00, 0x55, 0x04, 0x00, 0x00, 0x4F, 0x49, 0xC9, 0x3D, 0xB7, 0x64, 0xD1, 0x3C,
    0xA6, 0x22, 0x9A, 0x3D, 0xFB, 0xD1, 0x02, 0x3E, 0x7D, 0x06, 0x8A, 0x3E, 0xFB, 0xD1, 0x02, 0x3E,
    0xA6, 0x22, 0x9A, 0x3D, 0xB7, 0x64, 0xD1, 0x3C, 0x24, 0x01, 0x00, 0x00, 0xAA, 0x03, 0x00, 0x00,
    0xCE, 0x04, 0x00, 0x00, 0xAF, 0x8F, 0xDA, 0x3D, 0xEE, 0x52, 0xD1, 0x3C, 0x8F, 0x15, 0x9A, 0x3D,
    0xDF, 0xC6, 0x02, 0x3E, 0x2C, 0xBC, 0x7A, 0x3E, 0xDF, 0xC6, 0x02, 0x3E, 0x8F, 0x15, 0x9A, 0x3D,
    0xEE, 0x52, 0xD1, 0x3C, 0x3E, 0x01, 0x00, 0x00, 0xCD, 0x03, 0x00, 0x00, 0x0B, 0x05, 0x00, 0x00,
    0xF8, 0xF6, 0xE2, 0x3D, 0x3F, 0xB5, 0xD0, 0x3C, 0x80, 0xA1, 0x99, 0x3D, 0x5E, 0x64, 0x02, 0x3E,
    0x84, 0x9A, 0x6F, 0x3E, 0x5E, 0x64, 0x02, 0x3E, 0x80, 0xA1, 0x99, 0x3D, 0x3F, 0xB5, 0xD0, 0x3C,
    0x47, 0x01, 0x00, 0x00, 0xE0, 0x03, 0x00, 0x00, 0x27, 0x05, 0x00, 0x00, 0x3C, 0xC1, 0xE6, 0x3D,
    0x75, 0x50, 0xD0, 0x3C, 0x4C, 0x57, 0x99, 0x3D, 0x64, 0x25, 0x02, 0x3E, 0xC7, 0xD0, 0x6A, 0x3E,
    0x64, 0x25, 0x02, 0x3E, 0x4C, 0x57, 0x99, 0x3D, 0x75, 0x50, 0xD0, 0x3C, 0x4F, 0x01, 0x00, 0x00,
    0xDA, 0x03, 0x00, 0x00, 0x29, 0x05, 0x00, 0x00, 0x28, 0x06, 0xE7, 0x3D, 0x9D, 0x48, 0xD0, 0x3C,
    0x87, 0x51, 0x99, 0x3D, 0x7E, 0x20, 0x02, 0x3E, 0x18, 0x7B, 0x6A, 0x3E, 0x7E, 0x20, 0x02, 0x3E,
    0x87, 0x51, 0x99, 0x3D, 0x9D, 0x48, 0xD0, 0x3C, 0x53, 0x01, 0x00, 0x00, 0x10, 0x04, 0x00, 0x00,
    0x63, 0x05, 0x00, 0x00, 0x98, 0xBC, 0xEE, 0x3D, 0xB3, 0x42, 0xCF, 0x3C, 0xBB, 0x90, 0x98, 0x3D,
    0xDC, 0x7C, 0x01, 0x3E, 0x6C, 0x2D, 0x61, 0x3E, 0xDC, 0x7C, 0x01, 0x3E, 0xBB, 0x90, 0x98, 0x3D,
    0xB3, 0x42, 0xCF, 0x3C, 0x60, 0x01, 0x00, 0x00, 0x3B, 0x04, 0x00, 0x00, 0x9B, 0x05, 0x00, 0x00,
    0x44, 0x04, 0xF6, 0x3D, 0xCC, 0x0B, 0xCE, 0x3C, 0xDF, 0xAB, 0x97, 0x3D, 0x9F, 0xBA, 0x00, 0x3E,
    0x33, 0xE2, 0x58, 0x3E, 0x9F, 0xBA, 0x00, 0x3E, 0xDF, 0xAB, 0x97, 0x3D, 0xCC, 0x0B, 0xCE, 0x3C,
    0x65, 0x01, 0x00, 0x00, 0x44, 0x04, 0x00, 0x00, 0xA9, 0x05, 0x00, 0x00, 0xB4, 0xCF, 0xF7, 0x3D,
    0x0C, 0xB6, 0xCD, 0x3C, 0xC0, 0x6C, 0x97, 0x3D, 0x0A, 0x85, 0x00, 0x3E, 0x6F, 0xE8, 0x56, 0x3E,
    0x0A, 0x85, 0x00, 0x3E, 0xC0, 0x6C, 0x97, 0x3D, 0x0C, 0xB6, 0xCD, 0x3C, 0x69, 0x01, 0x00, 0x00,
    0x5E, 0x04, 0x00, 0x00, 0xC7, 0x05, 0x00, 0x00, 0x9B, 0x9F, 0xFB, 0x3D, 0x45, 0xF4, 0xCC, 0x3C,
    0x1C, 0xDE, 0x96, 0x3D, 0xFC, 0x0B, 0x00, 0x3E, 0x6C, 0xCC, 0x52, 0x3E, 0xFC, 0x0B, 0x00, 0x3E,
    0x1C, 0xDE, 0x96, 0x3D, 0x45, 0xF4, 0xCC, 0x3C, 0x7B, 0x01, 0x00, 0x00, 0xBA, 0x04, 0x00, 0x00,
    0x35, 0x06, 0x00, 0x00, 0x72, 0x9B, 0x04, 0x3E, 0xE9, 0xC6, 0xC9, 0x3C, 0x66, 0x87, 0x94, 0x3D,
    0xAB, 0x1F, 0xFC, 0x3D, 0x69, 0x0D, 0x45, 0x3E, 0xAB, 0x1F, 0xFC, 0x3D, 0x66, 0x87, 0x94, 0x3D,
    0xE9, 0xC6, 0xC9, 0x3C, 0x9B, 0x01, 0x00, 0x00, 0xE3, 0x04, 0x00, 0x00, 0x7E, 0x06, 0x00, 0x00,
    0xEA, 0xF3, 0x08, 0x3E, 0x92, 0x60, 0xC7, 0x3C, 0x2D, 0xC3, 0x92, 0x3D, 0x09, 0x20, 0xF9, 0x3D,
    0xF0, 0xF0, 0x3C, 0x3E, 0x09, 0x20, 0xF9, 0x3D, 0x2D, 0xC3, 0x92, 0x3D, 0x92, 0x60, 0xC7, 0x3C,
    0xB4, 0x01, 0x00, 0x00, 0xFB, 0x04, 0x00, 0x00, 0xAF, 0x06, 0x00, 0x00, 0x46, 0xCC, 0x0B, 0x3E,
    0x17, 0xA9, 0xC5, 0x3C, 0xAD, 0x7F, 0x91, 0x3D, 0xE8, 0xFA, 0xF6, 0x3D, 0x0F, 0xE4, 0x37, 0x3E,
    0xE8, 0xFA, 0xF6, 0x3D, 0xAD, 0x7F, 0x91, 0x3D, 0x17, 0xA9, 0xC5, 0x3C, 0xBD, 0x01, 0x00, 0x00,
    0x1A, 0x05, 0x00, 0x00, 0xD7, 0x06, 0x00, 0x00, 0x1C, 0x14, 0x0E, 0x3E, 0x78, 0x34, 0xC4, 0x3C,
    0x63, 0x6D, 0x90, 0x3D, 0x4B, 0x29, 0xF5, 0x3D, 0x4C, 0xFB, 0x33, 0x3E, 0x4B, 0x29, 0xF5, 0x3D,
    0x63, 0x6D, 0x90, 0x3D, 0x78, 0x34, 0xC4, 0x3C, 0xD3, 0x01, 0x00, 0x00, 0x95, 0x05, 0x00, 0x00,
    0x68, 0x07, 0x00, 0x00, 0x62, 0x09, 0x16, 0x3E, 0x6A, 0x9A, 0xBE, 0x3C, 0xC7, 0x4D, 0x8C, 0x3D,
    0x6D, 0x29, 0xEE, 0x3D, 0xF6, 0x37, 0x27, 0x3E, 0x6D, 0x29, 0xEE, 0x3D, 0xC7, 0x4D, 0x8C, 0x3D,
    0x6A, 0x9A, 0xBE, 0x3C, 0xF0, 0x01, 0x00, 0x00, 0xB3, 0x05, 0x00, 0x00, 0xA3, 0x07, 0x00, 0x00,
    0xBA, 0x23, 0x19, 0x3E, 0x17, 0x36, 0xBC, 0x3C, 0x0C, 0x8B, 0x8A, 0x3D, 0x54, 0x2C, 0xEB, 0x3D,
    0x43, 0x93, 0x22, 0x3E, 0x54, 0x2C, 0xEB, 0x3D, 0x0C, 0x8B, 0x8A, 0x3D, 0x17, 0x36, 0xBC, 0x3C,
    0x12, 0x02, 0x00, 0x00, 0xF9, 0x05, 0x00, 0x00, 0x0B, 0x08, 0x00, 0x00, 0xBA, 0x6C, 0x1E, 0x3E,
    0xF0, 0xE2, 0xB7, 0x3C, 0x0E, 0x5C, 0x87, 0x3D, 0xE7, 0xC4, 0xE5, 0x3D, 0x88, 0x0A, 0x1B, 0x3E,
    0xE7, 0xC4, 0xE5, 0x3D, 0x0E, 0x5C, 0x87, 0x3D, 0xF0, 0xE2, 0xB7, 0x3C, 0x74, 0x5A, 0xBB, 0x3C,
    0xCB, 0xB1, 0xC3, 0x3C, 0xC8, 0xA9, 0xC7, 0x3C, 0x9B, 0x6F, 0xC9, 0x3C, 0xBC, 0x8F, 0xC9, 0x3C,
    0xE9, 0x22, 0xCD, 0x3C, 0xA5, 0x79, 0xD0, 0x3C, 0x11, 0x4B, 0xD1, 0x3C, 0x52, 0x06, 0xD3, 0xBC,
    0x0B, 0x22, 0xD9, 0xBC, 0xCD, 0xFD, 0xDC, 0xBC, 0xED, 0x7F, 0xDF, 0xBC, 0x3D, 0x80, 0xE1, 0xBC,
    0x7D, 0x6D, 0xE8, 0xBC, 0xB2, 0x1B, 0xEB, 0xBC, 0x48, 0xA7, 0xEF, 0xBC, 0x74, 0x5A, 0xBB, 0x3C,
    0xCB, 0xB1, 0xC3, 0x3C, 0xC8, 0xA9, 0xC7, 0x3C, 0x9B, 0x6F, 0xC9, 0x3C, 0xBC, 0x8F, 0xC9, 0xBC,
    0xE9, 0x22, 0xCD, 0xBC, 0xA5, 0x79, 0xD0, 0xBC, 0x11, 0x4B, 0xD1, 0xBC, 0x52, 0x06, 0xD3, 0x3C,
    0x0B, 0x22, 0xD9, 0x3C, 0xCD, 0xFD, 0xDC, 0x3C, 0xED, 0x7F, 0xDF, 0x3C, 0x3D, 0x80, 0xE1, 0xBC,
    0x7D, 0x6D, 0xE8, 0xBC, 0xB2, 0x1B, 0xEB, 0xBC, 0x48, 0xA7, 0xEF, 0xBC, 0x74, 0x5A, 0xBB, 0xBC,
    0xCB, 0xB1, 0xC3, 0xBC, 0xC8, 0xA9, 0xC7, 0xBC, 0x9B, 0x6F, 0xC9, 0xBC, 0xBC, 0x8F, 0xC9, 0x3C,
    0xE9, 0x22, 0xCD, 0x3C, 0xA5, 0x79, 0xD0, 0x3C, 0x11, 0x4B, 0xD1, 0x3C, 0x52, 0x06, 0xD3, 0x3C,
    0x0B, 0x22, 0xD9, 0x3C, 0xCD, 0xFD, 0xDC, 0x3C, 0xED, 0x7F, 0xDF, 0x3C, 0x3D, 0x80, 0xE1, 0xBC,
    0x7D, 0x6D, 0xE8, 0xBC, 0xB2, 0x1B, 0xEB, 0xBC, 0x48, 0xA7, 0xEF, 0xBC, 0x74, 0x5A, 0xBB, 0x3C,
    0xCB, 0xB1, 0xC3, 0x3C, 0xC8, 0xA9, 0xC7, 0xBC, 0x9B, 0x6F, 0xC9, 0xBC, 0xBC, 0x8F, 0xC9, 0x3C,
    0xE9, 0x22, 0xCD, 0x3C, 0xA5, 0x79, 0xD0, 0xBC, 0x11, 0x4B, 0xD1, 0xBC, 0x52, 0x06, 0xD3, 0x3C,
    0x0B, 0x22, 0xD9, 0x3C, 0xCD, 0xFD, 0xDC, 0xBC, 0xED, 0x7F, 0xDF, 0xBC, 0x3D, 0x80, 0xE1, 0x3C,
    0x7D, 0x6D, 0xE8, 0x3C, 0xB2, 0x1B, 0xEB, 0xBC, 0x48, 0xA7, 0xEF, 0xBC, 0x74, 0x5A, 0xBB, 0xBC,
    0xCB, 0xB1, 0xC3, 0xBC, 0xC8, 0xA9, 0xC7, 0x3C, 0x9B, 0x6F, 0xC9, 0x3C, 0xBC, 0x8F, 0xC9, 0xBC,
    0xE9, 0x22, 0xCD, 0xBC, 0xA5, 0x79, 0xD0, 0x3C, 0x11, 0x4B, 0xD1, 0x3C, 0x52, 0x06, 0xD3, 0x3C,
    0x0B, 0x22, 0xD9, 0x3C, 0xCD, 0xFD, 0xDC, 0xBC, 0xED, 0x7F, 0xDF, 0xBC, 0x3D, 0x80, 0xE1, 0x3C,
    0x7D, 0x6D, 0xE8, 0x3C, 0xB2, 0x1B, 0xEB, 0xBC, 0x48, 0xA7, 0xEF, 0xBC, 0x74, 0x5A, 0xBB, 0xBC,
    0xCB, 0xB1, 0xC3, 0xBC, 0xC8, 0xA9, 0xC7, 0x3C, 0x9B, 0x6F, 0xC9, 0x3C, 0xBC, 0x8F, 0xC9, 0x3C,
    0xE9, 0x22, 0xCD, 0x3C, 0xA5, 0x79, 0xD0, 0xBC, 0x11, 0x4B, 0xD1, 0xBC, 0x52, 0x06, 0xD3, 0xBC,
    0x0B, 0x22, 0xD9, 0xBC, 0xCD, 0xFD, 0xDC, 0x3C, 0xED, 0x7F, 0xDF, 0x3C, 0x3D, 0x80, 0xE1, 0x3C,
    0x7D, 0x6D, 0xE8, 0x3C, 0xB2, 0x1B, 0xEB, 0xBC, 0x48, 0xA7, 0xEF, 0xBC, 0x74, 0x5A, 0xBB, 0x3C,
    0xCB, 0xB1, 0xC3, 0x3C, 0xC8, 0xA9, 0xC7, 0xBC, 0x9B, 0x6F, 0xC9, 0xBC, 0xBC, 0x8F, 0xC9, 0xBC,
    0xE9, 0x22, 0xCD, 0xBC, 0xA5, 0x79, 0xD0, 0x3C, 0x11, 0x4B, 0xD1, 0x3C, 0x52, 0x06, 0xD3, 0xBC,
    0x0B, 0x22, 0xD9, 0xBC, 0xCD, 0xFD, 0xDC, 0x3C, 0xED, 0x7F, 0xDF, 0x3C, 0x3D, 0x80, 0xE1, 0x3C,
    0x7D, 0x6D, 0xE8, 0x3C, 0xB2, 0x1B, 0xEB, 0xBC, 0x48, 0xA7, 0xEF, 0xBC, 0x74, 0x5A, 0xBB, 0xBC,
    0xCB, 0xB1, 0xC3, 0x3C, 0xC8, 0xA9, 0xC7, 0x3C, 0x9B, 0x6F, 0xC9, 0xBC, 0xBC, 0x8F, 0xC9, 0xBC,
    0xE9, 0x22, 0xCD, 0x3C, 0xA5, 0x79, 0xD0, 0x3C, 0x11, 0x4B, 0xD1, 0xBC, 0x52, 0x06, 0xD3, 0xBC,
    0x0B, 0x22, 0xD9, 0x3C, 0xCD, 0xFD, 0xDC, 0x3C, 0xED, 0x7F, 0xDF, 0xBC, 0x3D, 0x80, 0xE1, 0xBC,
    0x7D, 0x6D, 0xE8, 0x3C, 0xB2, 0x1B, 0xEB, 0x3C, 0x48, 0xA7, 0xEF, 0xBC, 0x89, 0x01, 0x00, 0x00,
    0x93, 0x00, 0x00, 0x00, 0xA1, 0x02, 0x00, 0x00, 0x30, 0x00, 0x00, 0x00, 0xFA, 0x36, 0x00, 0xC1,
    0x00, 0x00, 0x00, 0x00, 0x00, 0x00, 0x00, 0x00, 0xD7, 0x74, 0x8C, 0xC0, 0x00, 0x00, 0x00, 0x00,
    0x4C, 0x41, 0xF2, 0x3F, 0xA7, 0xA6, 0xA3, 0xC0, 0x67, 0x71, 0x46, 0x40, 0x00, 0x00, 0x50, 0x40,
    0x00, 0x00, 0x00, 0x00, 0x00, 0x00, 0x00, 0x00, 0x00, 0x00, 0x00, 0x00, 0x00, 0x00, 0x00, 0x00,
    0x00, 0x00, 0x00, 0x00, 0x00, 0x00, 0x80, 0xBE, 0x00, 0x00, 0x00, 0x00, 0xE4, 0x38, 0x1F, 0xC1,
    0x00, 0x00, 0x40, 0xC0, 0x00, 0x00, 0xB8, 0xC1, 0x00, 0x00, 0x40, 0xC0, 0x00, 0x00, 0x00, 0x00,
    0x00, 0x00, 0xA0, 0xC1, 0x00, 0x00, 0x68, 0xC1, 0x00, 0x00, 0x40, 0xC0, 0x00, 0x00, 0xF0, 0xC0,
    0x00, 0x00, 0x40, 0xC0, 0x00, 0x00, 0xB0, 0xC0, 0x00, 0x00, 0x40, 0xC0, 0x00, 0x00, 0xC0, 0xBF,
    0x00, 0x00, 0xC0, 0xC0, 0x00, 0x00, 0x00, 0x00, 0x00, 0x00, 0x00, 0x00, 0x00, 0x00, 0x00, 0x00,
}};

alignas(4) constexpr std::array<std::uint8_t, 7568> kXinnSpreset_2in6_3 = {{
    0x11, 0x00, 0x00, 0x00, 0x20, 0x00, 0x00, 0x00, 0x00, 0xA0, 0x0C, 0x46, 0x70, 0x03, 0x06, 0xC0,
    0x66, 0x66, 0x86, 0x3F, 0x3F, 0x8E, 0x63, 0x3D, 0xE0, 0x38, 0x0E, 0xBE, 0x4A, 0x00, 0x00, 0x00,
    0x10, 0x22, 0x0F, 0x3F, 0xCC, 0x00, 0x00, 0x00, 0x89, 0x91, 0x66, 0x3E, 0x25, 0x02, 0x00, 0x00,
    0xE8, 0xDE, 0x61, 0x3D, 0x34, 0x06, 0x00, 0x00, 0x23, 0xCE, 0x65, 0x3D, 0x3B, 0x06, 0x00, 0x00,
    0xFB, 0xAA, 0xE2, 0x3C, 0x48, 0x06, 0x00, 0x00, 0x1C, 0x1C, 0xF7, 0xBC, 0xA4, 0x06, 0x00, 0x00,
    0x01, 0x96, 0xA9, 0xBC, 0xFE, 0x06, 0x00, 0x00, 0x26, 0x59, 0x80, 0x3C, 0x4E, 0x07, 0x00, 0x00,
    0x57, 0x88, 0x39, 0xBC, 0xA0, 0x07, 0x00, 0x00, 0xDE, 0x65, 0xB2, 0x3C, 0xE0, 0x07, 0x00, 0x00,
    0x04, 0x77, 0x3B, 0xBC, 0x2A, 0x08, 0x00, 0x00, 0xEE, 0x63, 0x3F, 0x3C, 0xAA, 0x08, 0x00, 0x00,
    0x94, 0x29, 0x8A, 0xBC, 0x2A, 0x09, 0x00, 0x00, 0x39, 0x91, 0x49, 0x3C, 0x5B, 0x09, 0x00, 0x00,
    0x17, 0xA9, 0x45, 0x3C, 0x9B, 0x09, 0x00, 0x00, 0xA8, 0x54, 0xC6, 0xBC, 0xD9, 0x09, 0x00, 0x00,
    0x9A, 0x49, 0x6F, 0x3C, 0xFD, 0x09, 0x00, 0x00, 0x83, 0x88, 0x93, 0x3C, 0x34, 0x0A, 0x00, 0x00,
    0xEA, 0xD7, 0x8F, 0x3C, 0x85, 0x0A, 0x00, 0x00, 0x54, 0x56, 0x72, 0x3C, 0xA9, 0x0A, 0x00, 0x00,
    0x85, 0xD1, 0x28, 0xBC, 0xEF, 0x0A, 0x00, 0x00, 0xC6, 0x43, 0x4A, 0xBC, 0x50, 0x0B, 0x00, 0x00,
    0x9C, 0x83, 0xCE, 0xBB, 0x76, 0x0B, 0x00, 0x00, 0x92, 0x7D, 0x0A, 0xBC, 0x93, 0x0B, 0x00, 0x00,
    0x59, 0xBC, 0x5A, 0x3C, 0xB6, 0x0B, 0x00, 0x00, 0xAB, 0xC3, 0x3C, 0xBC, 0xD9, 0x0B, 0x00, 0x00,
    0x98, 0xDA, 0x33, 0x3C, 0xED, 0x0B, 0x00, 0x00, 0x5B, 0x8C, 0x6C, 0xBC, 0x28, 0x0C, 0x00, 0x00,
    0x39, 0xCD, 0x46, 0xBC, 0x3C, 0x0C, 0x00, 0x00, 0xEE, 0x8C, 0x1D, 0xBC, 0x4E, 0x0C, 0x00, 0x00,
    0x14, 0xFD, 0x29, 0x3C, 0x59, 0x0C, 0x00, 0x00, 0x35, 0xE2, 0x13, 0xBC, 0x00, 0x00, 0x00, 0x00,
    0x00, 0x00, 0x00, 0x00, 0x00, 0x00, 0x00, 0x00, 0x00, 0x00, 0x00, 0x00, 0x00, 0x00, 0x00, 0x00,
    0x00, 0x00, 0x00, 0x00, 0x00, 0x00, 0x00, 0x00, 0x00, 0x00, 0x00, 0x00, 0x00, 0x00, 0x00, 0x00,
    0x00, 0x00, 0x00, 0x00, 0x00, 0x00, 0x00, 0x00, 0x00, 0x00, 0x00, 0x00, 0x00, 0x00, 0x00, 0x00,
    0x00, 0x00, 0x00, 0x00, 0x00, 0x00, 0x00, 0x00, 0x00, 0x00, 0x00, 0x00, 0x00, 0x00, 0x00, 0x00,
    0x00, 0x00, 0x00, 0x00, 0x00, 0x00, 0x00, 0x00, 0x00, 0x00, 0x00, 0x00, 0x00, 0x00, 0x00, 0x00,
    0x00, 0x00, 0x00, 0x00, 0x00, 0x00, 0x00, 0x00, 0x00, 0x00, 0x00, 0x00, 0x00, 0x00, 0x00, 0x00,
    0x00, 0x00, 0x00, 0x00, 0x00, 0x00, 0x00, 0x00, 0x00, 0x00, 0x00, 0x00, 0x00, 0x00, 0x00, 0x00,
    0x00, 0x00, 0x00, 0x00, 0x00, 0x00, 0x00, 0x00, 0x00, 0x00, 0x00, 0x00, 0xB0, 0x00, 0x00, 0x00,
    0x95, 0xF4, 0xEB, 0x3D, 0x23, 0x01, 0x00, 0x00, 0x15, 0xB5, 0x02, 0x3E, 0xA6, 0x04, 0x00, 0x00,
    0x1C, 0x3C, 0xD6, 0x3C, 0xDC, 0x04, 0x00, 0x00, 0xE4, 0x9F, 0x1C, 0x3D, 0x0A, 0x05, 0x00, 0x00,
    0x10, 0x61, 0x29, 0x3D, 0x49, 0x05, 0x00, 0x00, 0x82, 0x9A, 0xB2, 0xBC, 0x4B, 0x05, 0x00, 0x00,
    0x21, 0x15, 0xD2, 0x3C, 0x4D, 0x05, 0x00, 0x00, 0x7A, 0x65, 0xC8, 0xBC, 0x7B, 0x05, 0x00, 0x00,
    0x11, 0xC4, 0x19, 0x3D, 0xF8, 0x05, 0x00, 0x00, 0x91, 0xBA, 0x08, 0x3D, 0xFA, 0x05, 0x00, 0x00,
    0x05, 0xF9, 0xDA, 0xBC, 0x3B, 0x06, 0x00, 0x00, 0x40, 0x9B, 0x41, 0xBC, 0xB7, 0x06, 0x00, 0x00,
    0x68, 0x06, 0x4E, 0xBC, 0x28, 0x07, 0x00, 0x00, 0xA2, 0x53, 0xA2, 0xBC, 0x44, 0x07, 0x00, 0x00,
    0xD7, 0x70, 0x8B, 0x3C, 0x4A, 0x07, 0x00, 0x00, 0x0B, 0xAA, 0x9A, 0x3C, 0x58, 0x07, 0x00, 0x00,
    0x8B, 0x41, 0xB4, 0x3C, 0x5B, 0x07, 0x00, 0x00, 0xF0, 0x1F, 0x02, 0xBD, 0x5F, 0x07, 0x00, 0x00,
    0x5B, 0xC4, 0xA1, 0x3C, 0x6B, 0x07, 0x00, 0x00, 0x36, 0x0E, 0x8D, 0x3C, 0x84, 0x07, 0x00, 0x00,
    0x59, 0xBC, 0x5A, 0x3C, 0xC9, 0x07, 0x00, 0x00, 0xC3, 0x34, 0x63, 0xBC, 0x1C, 0x08, 0x00, 0x00,
    0xFC, 0x17, 0x6D, 0xBC, 0x69, 0x08, 0x00, 0x00, 0x9B, 0x7F, 0x68, 0x3C, 0x26, 0x09, 0x00, 0x00,
    0xA5, 0xFF, 0x5B, 0xBC, 0x43, 0x09, 0x00, 0x00, 0xD8, 0x94, 0x52, 0xBC, 0x4B, 0x09, 0x00, 0x00,
    0x38, 0x4D, 0x7C, 0x3C, 0x8C, 0x09, 0x00, 0x00, 0x25, 0xB8, 0x47, 0xBC, 0xC8, 0x09, 0x00, 0x00,
    0xE1, 0x90, 0x36, 0xBC, 0x09, 0x0A, 0x00, 0x00, 0xC7, 0x6A, 0x0C, 0xBC, 0x0C, 0x0A, 0x00, 0x00,
    0xFC, 0xC5, 0x2A, 0x3C, 0x1A, 0x0A, 0x00, 0x00, 0xA1, 0xDA, 0x3D, 0x3C, 0x00, 0x00, 0x00, 0x00,
    0x00, 0x00, 0x00, 0x00, 0x00, 0x00, 0x00, 0x00, 0x00, 0x00, 0x00, 0x00, 0x00, 0x00, 0x00, 0x00,
    0x00, 0x00, 0x00, 0x00, 0x00, 0x00, 0x00, 0x00, 0x00, 0x00, 0x00, 0x00, 0x00, 0x00, 0x00, 0x00,
    0x00, 0x00, 0x00, 0x00, 0x00, 0x00, 0x00, 0x00, 0x00, 0x00, 0x00, 0x00, 0x00, 0x00, 0x00, 0x00,
    0x00, 0x00, 0x00, 0x00, 0x00, 0x00, 0x00, 0x00, 0x00, 0x00, 0x00, 0x00, 0x00, 0x00, 0x00, 0x00,
    0x00, 0x00, 0x00, 0x00, 0x00, 0x00, 0x00, 0x00, 0x00, 0x00, 0x00, 0x00, 0x00, 0x00, 0x00, 0x00,
    0x00, 0x00, 0x00, 0x00, 0x00, 0x00, 0x00, 0x00, 0x00, 0x00, 0x00, 0x00, 0x00, 0x00, 0x00, 0x00,
    0x00, 0x00, 0x00, 0x00, 0x00, 0x00, 0x00, 0x00, 0x00, 0x00, 0x00, 0x00, 0x00, 0x00, 0x00, 0x00,
    0x00, 0x00, 0x00, 0x00, 0x00, 0x00, 0x00, 0x00, 0x00, 0x00, 0x00, 0x00, 0xAB, 0x00, 0x00, 0x00,
    0x95, 0xF4, 0xEB, 0x3D, 0x1E, 0x01, 0x00, 0x00, 0xA7, 0x86, 0xAB, 0x3D, 0x57, 0x02, 0x00, 0x00,
    0x57, 0xB2, 0x04, 0xBD, 0x14, 0x05, 0x00, 0x00, 0x8B, 0x08, 0xC4, 0x3D, 0x17, 0x05, 0x00, 0x00,
    0xBC, 0x19, 0xBC, 0xBC, 0xB5, 0x05, 0x00, 0x00, 0x06, 0xED, 0x2C, 0x3D, 0xC7, 0x05, 0x00, 0x00,
    0x3B, 0x1A, 0xC6, 0xBC, 0xDE, 0x05, 0x00, 0x00, 0xE5, 0xD7, 0x0E, 0x3D, 0x63, 0x06, 0x00, 0x00,
    0xCC, 0x37, 0x8D, 0xBC, 0x38, 0x07, 0x00, 0x00, 0x50, 0x0B, 0x00, 0x3D, 0x3E, 0x07, 0x00, 0x00,
    0x33, 0xAD, 0x09, 0x3D, 0x62, 0x07, 0x00, 0x00, 0x54, 0xFF, 0x9E, 0x3C, 0xE8, 0x07, 0x00, 0x00,
    0xC8, 0xF5, 0x8A, 0x3C, 0x0D, 0x08, 0x00, 0x00, 0xE0, 0x01, 0x91, 0xBC, 0x6B, 0x08, 0x00, 0x00,
    0xE8, 0xA3, 0x6D, 0x3C, 0xBB, 0x08, 0x00, 0x00, 0x99, 0x18, 0x84, 0xBC, 0x27, 0x09, 0x00, 0x00,
    0xC7, 0xB7, 0x98, 0xBC, 0x4E, 0x09, 0x00, 0x00, 0x81, 0x08, 0x8E, 0xBC, 0x7A, 0x09, 0x00, 0x00,
    0xD1, 0xF0, 0x80, 0xBC, 0x7E, 0x09, 0x00, 0x00, 0x05, 0xA8, 0x27, 0x3C, 0xA7, 0x09, 0x00, 0x00,
    0x23, 0x6E, 0x67, 0xBC, 0xCE, 0x09, 0x00, 0x00, 0x1D, 0x3B, 0x68, 0xBC, 0xFF, 0x09, 0x00, 0x00,
    0x1D, 0xBB, 0x59, 0xBC, 0x0F, 0x0A, 0x00, 0x00, 0x63, 0x32, 0x8E, 0x3C, 0x3C, 0x0A, 0x00, 0x00,
    0x88, 0x40, 0x5C, 0xBC, 0x3E, 0x0A, 0x00, 0x00, 0x95, 0xC7, 0x85, 0x3C, 0x99, 0x0A, 0x00, 0x00,
    0x2E, 0xB1, 0x4F, 0x3C, 0x09, 0x0B, 0x00, 0x00, 0x4A, 0x1C, 0x20, 0xBC, 0x1D, 0x0B, 0x00, 0x00,
    0x5C, 0x07, 0x24, 0xBC, 0x2C, 0x0B, 0x00, 0x00, 0xBE, 0xC1, 0x55, 0x3C, 0x39, 0x0B, 0x00, 0x00,
    0xD2, 0xF1, 0x62, 0x3C, 0x49, 0x0B, 0x00, 0x00, 0x96, 0x4C, 0xA6, 0x3C, 0x00, 0x00, 0x00, 0x00,
    0x00, 0x00, 0x00, 0x00, 0x00, 0x00, 0x00, 0x00, 0x00, 0x00, 0x00, 0x00, 0x00, 0x00, 0x00, 0x00,
    0x00, 0x00, 0x00, 0x00, 0x00, 0x00, 0x00, 0x00, 0x00, 0x00, 0x00, 0x00, 0x00, 0x00, 0x00, 0x00,
    0x00, 0x00, 0x00, 0x00, 0x00, 0x00, 0x00, 0x00, 0x00, 0x00, 0x00, 0x00, 0x00, 0x00, 0x00, 0x00,
    0x00, 0x00, 0x00, 0x00, 0x00, 0x00, 0x00, 0x00, 0x00, 0x00, 0x00, 0x00, 0x00, 0x00, 0x00, 0x00,
    0x00, 0x00, 0x00, 0x00, 0x00, 0x00, 0x00, 0x00, 0x00, 0x00, 0x00, 0x00, 0x00, 0x00, 0x00, 0x00,
    0x00, 0x00, 0x00, 0x00, 0x00, 0x00, 0x00, 0x00, 0x00, 0x00, 0x00, 0x00, 0x00, 0x00, 0x00, 0x00,
    0x00, 0x00, 0x00, 0x00, 0x00, 0x00, 0x00, 0x00, 0x00, 0x00, 0x00, 0x00, 0x00, 0x00, 0x00, 0x00,
    0x00, 0x00, 0x00, 0x00, 0x00, 0x00, 0x00, 0x00, 0x00, 0x00, 0x00, 0x00, 0x45, 0x00, 0x00, 0x00,
    0x10, 0x22, 0x0F, 0x3F, 0xCC, 0x00, 0x00, 0x00, 0x24, 0xAF, 0x56, 0x3E, 0x23, 0x01, 0x00, 0x00,
    0xEC, 0xBB, 0x68, 0xBD, 0x87, 0x01, 0x00, 0x00, 0x42, 0x16, 0x04, 0x3D, 0x2B, 0x05, 0x00, 0x00,
    0x01, 0xFE, 0x63, 0x3C, 0xDB, 0x05, 0x00, 0x00, 0x8F, 0x1B, 0x7B, 0x3D, 0xDE, 0x05, 0x00, 0x00,
    0x8B, 0x41, 0xB4, 0xBC, 0xE0, 0x05, 0x00, 0x00, 0xCC, 0xD5, 0x09, 0x3D, 0xF3, 0x05, 0x00, 0x00,
    0x1C, 0x3C, 0xD6, 0x3C, 0x08, 0x06, 0x00, 0x00, 0x12, 0xF7, 0xD8, 0x3C, 0x17, 0x06, 0x00, 0x00,
    0xE3, 0x4A, 0xE5, 0xBC, 0x44, 0x06, 0x00, 0x00, 0x74, 0x10, 0xCD, 0xBC, 0x75, 0x06, 0x00, 0x00,
    0x87, 0xBA, 0xD6, 0xBC, 0x96, 0x06, 0x00, 0x00, 0xC1, 0x5B, 0x9D, 0x3C, 0xC7, 0x06, 0x00, 0x00,
    0x52, 0xA6, 0x6A, 0xBC, 0x32, 0x07, 0x00, 0x00, 0x30, 0xDD, 0x60, 0xBC, 0x9E, 0x07, 0x00, 0x00,
    0x83, 0xB8, 0xDA, 0xBC, 0xA0, 0x07, 0x00, 0x00, 0x4C, 0x45, 0xD4, 0x3C, 0xC2, 0x07, 0x00, 0x00,
    0x24, 0xD8, 0xF4, 0x3C, 0xD3, 0x07, 0x00, 0x00, 0x52, 0xDA, 0x06, 0xBD, 0x7F, 0x08, 0x00, 0x00,
    0x8A, 0x1D, 0x70, 0x3C, 0xA7, 0x08, 0x00, 0x00, 0x49, 0xFB, 0x59, 0xBC, 0x64, 0x09, 0x00, 0x00,
    0x96, 0x04, 0xCA, 0xBC, 0x98, 0x09, 0x00, 0x00, 0x26, 0x90, 0x6F, 0x3C, 0x09, 0x0A, 0x00, 0x00,
    0x81, 0x4D, 0x69, 0xBC, 0x28, 0x0A, 0x00, 0x00, 0x7B, 0x6C, 0x88, 0x3C, 0x89, 0x0A, 0x00, 0x00,
    0xB7, 0xBC, 0x6E, 0x3C, 0xCC, 0x0A, 0x00, 0x00, 0xAD, 0xD7, 0x76, 0xBC, 0x0F, 0x0B, 0x00, 0x00,
    0x55, 0x92, 0x69, 0x3C, 0x15, 0x0B, 0x00, 0x00, 0x8A, 0x1D, 0x70, 0x3C, 0x2F, 0x0B, 0x00, 0x00,
    0x25, 0x76, 0x6B, 0xBC, 0x45, 0x0B, 0x00, 0x00, 0x54, 0x56, 0x72, 0xBC, 0x00, 0x00, 0x00, 0x00,
    0x00, 0x00, 0x00, 0x00, 0x00, 0x00, 0x00, 0x00, 0x00, 0x00, 0x00, 0x00, 0x00, 0x00, 0x00, 0x00,
    0x00, 0x00, 0x00, 0x00, 0x00, 0x00, 0x00, 0x00, 0x00, 0x00, 0x00, 0x00, 0x00, 0x00, 0x00, 0x00,
    0x00, 0x00, 0x00, 0x00, 0x00, 0x00, 0x00, 0x00, 0x00, 0x00, 0x00, 0x00, 0x00, 0x00, 0x00, 0x00,
    0x00, 0x00, 0x00, 0x00, 0x00, 0x00, 0x00, 0x00, 0x00, 0x00, 0x00, 0x00, 0x00, 0x00, 0x00, 0x00,
    0x00, 0x00, 0x00, 0x00, 0x00, 0x00, 0x00, 0x00, 0x00, 0x00, 0x00, 0x00, 0x00, 0x00, 0x00, 0x00,
    0x00, 0x00, 0x00, 0x00, 0x00, 0x00, 0x00, 0x00, 0x00, 0x00, 0x00, 0x00, 0x00, 0x00, 0x00, 0x00,
    0x00, 0x00, 0x00, 0x00, 0x00, 0x00, 0x00, 0x00, 0x00, 0x00, 0x00, 0x00, 0x00, 0x00, 0x00, 0x00,
    0x00, 0x00, 0x00, 0x00, 0x00, 0x00, 0x00, 0x00, 0x00, 0x00, 0x00, 0x00, 0x8A, 0x00, 0x00, 0x00,
    0x11, 0xAB, 0x55, 0x3F, 0x8A, 0x01, 0x00, 0x00, 0xF4, 0x2D, 0x5B, 0x3E, 0x6C, 0x02, 0x00, 0x00,
    0x44, 0x11, 0xB9, 0x3D, 0x8E, 0x02, 0x00, 0x00, 0xE0, 0x13, 0x6A, 0xBD, 0xE8, 0x02, 0x00, 0x00,
    0xD5, 0x85, 0x4D, 0xBD, 0x80, 0x03, 0x00, 0x00, 0x61, 0x3E, 0x34, 0xBD, 0x4D, 0x04, 0x00, 0x00,
    0x2F, 0x28, 0xFD, 0xBC, 0x66, 0x05, 0x00, 0x00, 0x3D, 0xCE, 0xBA, 0x3C, 0xEB, 0x05, 0x00, 0x00,
    0xBE, 0xB3, 0x35, 0x3D, 0x54, 0x06, 0x00, 0x00, 0x81, 0x27, 0x87, 0x3D, 0x57, 0x06, 0x00, 0x00,
    0x50, 0x0B, 0x00, 0xBD, 0x61, 0x06, 0x00, 0x00, 0x71, 0xF9, 0xF5, 0xBC, 0x6C, 0x06, 0x00, 0x00,
    0x10, 0xA5, 0xA7, 0x3C, 0x1A, 0x07, 0x00, 0x00, 0xE5, 0x11, 0x95, 0x3C, 0xB3, 0x07, 0x00, 0x00,
    0x0F, 0x5D, 0x93, 0xBC, 0xC0, 0x07, 0x00, 0x00, 0x44, 0xF8, 0x96, 0x3C, 0x06, 0x08, 0x00, 0x00,
    0x44, 0xF8, 0x96, 0x3C, 0x11, 0x08, 0x00, 0x00, 0x15, 0x06, 0xA1, 0x3C, 0x39, 0x08, 0x00, 0x00,
    0x81, 0x95, 0x82, 0xBC, 0x94, 0x08, 0x00, 0x00, 0x54, 0x56, 0x72, 0x3C, 0xB9, 0x08, 0x00, 0x00,
    0x47, 0x44, 0x88, 0xBC, 0xCC, 0x08, 0x00, 0x00, 0x20, 0x7E, 0x5B, 0x3C, 0xE5, 0x08, 0x00, 0x00,
    0xD5, 0xA1, 0x66, 0x3C, 0x23, 0x09, 0x00, 0x00, 0x10, 0xA5, 0xA7, 0xBC, 0x48, 0x09, 0x00, 0x00,
    0x8A, 0x39, 0xA8, 0xBC, 0x79, 0x09, 0x00, 0x00, 0x55, 0x92, 0x69, 0xBC, 0x8A, 0x09, 0x00, 0x00,
    0x97, 0x0D, 0x80, 0x3C, 0xBB, 0x09, 0x00, 0x00, 0x71, 0x57, 0x91, 0x3C, 0xCC, 0x09, 0x00, 0x00,
    0x1E, 0xA4, 0x48, 0xBC, 0x52, 0x0A, 0x00, 0x00, 0x93, 0x5E, 0x89, 0xBC, 0x63, 0x0A, 0x00, 0x00,
    0x50, 0x86, 0x8E, 0x3C, 0x72, 0x0A, 0x00, 0x00, 0xD0, 0x78, 0x85, 0xBC, 0x00, 0x00, 0x00, 0x00,
    0x00, 0x00, 0x00, 0x00, 0x00, 0x00, 0x00, 0x00, 0x00, 0x00, 0x00, 0x00, 0x00, 0x00, 0x00, 0x00,
    0x00, 0x00, 0x00, 0x00, 0x00, 0x00, 0x00, 0x00, 0x00, 0x00, 0x00, 0x00, 0x00, 0x00, 0x00, 0x00,
    0x00, 0x00, 0x00, 0x00, 0x00, 0x00, 0x00, 0x00, 0x00, 0x00, 0x00, 0x00, 0x00, 0x00, 0x00, 0x00,
    0x00, 0x00, 0x00, 0x00, 0x00, 0x00, 0x00, 0x00, 0x00, 0x00, 0x00, 0x00, 0x00, 0x00, 0x00, 0x00,
    0x00, 0x00, 0x00, 0x00, 0x00, 0x00, 0x00, 0x00, 0x00, 0x00, 0x00, 0x00, 0x00, 0x00, 0x00, 0x00,
    0x00, 0x00, 0x00, 0x00, 0x00, 0x00, 0x00, 0x00, 0x00, 0x00, 0x00, 0x00, 0x00, 0x00, 0x00, 0x00,
    0x00, 0x00, 0x00, 0x00, 0x00, 0x00, 0x00, 0x00, 0x00, 0x00, 0x00, 0x00, 0x00, 0x00, 0x00, 0x00,
    0x00, 0x00, 0x00, 0x00, 0x00, 0x00, 0x00, 0x00, 0x00, 0x00, 0x00, 0x00, 0xA5, 0x00, 0x00, 0x00,
    0x06, 0x4B, 0x22, 0x3E, 0xA0, 0x01, 0x00, 0x00, 0xCE, 0x00, 0x47, 0x3D, 0x2A, 0x02, 0x00, 0x00,
    0x85, 0x25, 0x85, 0x3D, 0x75, 0x03, 0x00, 0x00, 0x56, 0x5A, 0x1F, 0xBD, 0x00, 0x04, 0x00, 0x00,
    0xEA, 0x4C, 0xCD, 0x3C, 0x20, 0x05, 0x00, 0x00, 0x5B, 0xEF, 0x03, 0xBD, 0x8C, 0x05, 0x00, 0x00,
    0xCF, 0xC9, 0xF8, 0x3D, 0x8E, 0x05, 0x00, 0x00, 0x94, 0x37, 0xB8, 0xBD, 0xBB, 0x05, 0x00, 0x00,
    0xE9, 0x8A, 0x06, 0xBD, 0xEB, 0x05, 0x00, 0x00, 0xE1, 0x3A, 0x84, 0x3D, 0x4E, 0x06, 0x00, 0x00,
    0x4B, 0x1C, 0x0B, 0x3D, 0x9B, 0x06, 0x00, 0x00, 0xB0, 0x8B, 0x74, 0x3D, 0x9D, 0x06, 0x00, 0x00,
    0x40, 0x62, 0x21, 0xBD, 0x33, 0x07, 0x00, 0x00, 0x10, 0xF4, 0x87, 0x3C, 0x36, 0x07, 0x00, 0x00,
    0xFC, 0xA6, 0xF0, 0xBC, 0x48, 0x07, 0x00, 0x00, 0x05, 0xF9, 0xDA, 0xBC, 0x7D, 0x07, 0x00, 0x00,
    0x4D, 0x8E, 0x94, 0xBC, 0xAF, 0x07, 0x00, 0x00, 0x2C, 0xC3, 0xB0, 0x3C, 0xC6, 0x07, 0x00, 0x00,
    0x29, 0x72, 0xEE, 0xBC, 0xCC, 0x07, 0x00, 0x00, 0xAF, 0x73, 0xBB, 0x3C, 0x13, 0x08, 0x00, 0x00,
    0xF1, 0x7A, 0x59, 0xBC, 0x86, 0x08, 0x00, 0x00, 0x64, 0x18, 0x9C, 0x3C, 0xAE, 0x08, 0x00, 0x00,
    0xBC, 0x95, 0xA4, 0xBC, 0xE1, 0x08, 0x00, 0x00, 0x6A, 0xB3, 0x79, 0xBC, 0x04, 0x09, 0x00, 0x00,
    0xA2, 0x68, 0x37, 0x3C, 0x4A, 0x09, 0x00, 0x00, 0xB8, 0xA2, 0x3D, 0xBC, 0xAF, 0x09, 0x00, 0x00,
    0x68, 0x61, 0x2A, 0x3C, 0xC7, 0x09, 0x00, 0x00, 0x1B, 0x01, 0x6C, 0xBC, 0xD7, 0x09, 0x00, 0x00,
    0x07, 0xFD, 0x79, 0xBC, 0x09, 0x0A, 0x00, 0x00, 0x54, 0x82, 0x91, 0x3C, 0x3C, 0x0A, 0x00, 0x00,
    0x9A, 0xE8, 0x14, 0x3C, 0x3F, 0x0A, 0x00, 0x00, 0x5D, 0x86, 0x22, 0xBC, 0x00, 0x00, 0x00, 0x00,
    0x00, 0x00, 0x00, 0x00, 0x00, 0x00, 0x00, 0x00, 0x00, 0x00, 0x00, 0x00, 0x00, 0x00, 0x00, 0x00,
    0x00, 0x00, 0x00, 0x00, 0x00, 0x00, 0x00, 0x00, 0x00, 0x00, 0x00, 0x00, 0x00, 0x00, 0x00, 0x00,
    0x00, 0x00, 0x00, 0x00, 0x00, 0x00, 0x00, 0x00, 0x00, 0x00, 0x00, 0x00, 0x00, 0x00, 0x00, 0x00,
    0x00, 0x00, 0x00, 0x00, 0x00, 0x00, 0x00, 0x00, 0x00, 0x00, 0x00, 0x00, 0x00, 0x00, 0x00, 0x00,
    0x00, 0x00, 0x00, 0x00, 0x00, 0x00, 0x00, 0x00, 0x00, 0x00, 0x00, 0x00, 0x00, 0x00, 0x00, 0x00,
    0x00, 0x00, 0x00, 0x00, 0x00, 0x00, 0x00, 0x00, 0x00, 0x00, 0x00, 0x00, 0x00, 0x00, 0x00, 0x00,
    0x00, 0x00, 0x00, 0x00, 0x00, 0x00, 0x00, 0x00, 0x00, 0x00, 0x00, 0x00, 0x00, 0x00, 0x00, 0x00,
    0x00, 0x00, 0x00, 0x00, 0x00, 0x00, 0x00, 0x00, 0x00, 0x00, 0x00, 0x00, 0xA2, 0x00, 0x00, 0x00,
    0x06, 0x4B, 0x22, 0x3E, 0x9A, 0x01, 0x00, 0x00, 0x1C, 0x15, 0x96, 0x3D, 0x7B, 0x02, 0x00, 0x00,
    0x5B, 0x76, 0x5B, 0x3D, 0xF3, 0x02, 0x00, 0x00, 0x2B, 0xA2, 0xEA, 0x3C, 0xF6, 0x02, 0x00, 0x00,
    0xA9, 0xA7, 0x3B, 0xBD, 0x97, 0x03, 0x00, 0x00, 0xBB, 0x60, 0x01, 0xBD, 0xCA, 0x05, 0x00, 0x00,
    0x05, 0x2F, 0xA4, 0x3D, 0x35, 0x06, 0x00, 0x00, 0xB4, 0x28, 0xE3, 0x3D, 0x42, 0x06, 0x00, 0x00,
    0x50, 0x5B, 0x9B, 0xBD, 0x4E, 0x06, 0x00, 0x00, 0xD4, 0x54, 0xE0, 0x3C, 0x79, 0x06, 0x00, 0x00,
    0x96, 0x4C, 0xA6, 0xBC, 0x8F, 0x06, 0x00, 0x00, 0xB5, 0x59, 0xED, 0xBC, 0x9F, 0x06, 0x00, 0x00,
    0x7C, 0x3C, 0xBB, 0x3C, 0xE3, 0x06, 0x00, 0x00, 0x8C, 0x43, 0xA3, 0xBC, 0xFF, 0x06, 0x00, 0x00,
    0x92, 0x39, 0xDB, 0x3C, 0x16, 0x07, 0x00, 0x00, 0x54, 0x52, 0x8A, 0xBC, 0x6B, 0x07, 0x00, 0x00,
    0x09, 0xE1, 0xF2, 0xBC, 0x92, 0x07, 0x00, 0x00, 0xF3, 0x22, 0xAE, 0xBC, 0xCB, 0x07, 0x00, 0x00,
    0x96, 0x4C, 0xA6, 0x3C, 0x0A, 0x08, 0x00, 0x00, 0xA8, 0xA2, 0x9C, 0xBC, 0x5E, 0x08, 0x00, 0x00,
    0xA0, 0x48, 0x82, 0x3C, 0xB5, 0x08, 0x00, 0x00, 0xB0, 0x48, 0xA0, 0x3C, 0x38, 0x09, 0x00, 0x00,
    0x82, 0xAD, 0xCF, 0xBC, 0x5B, 0x09, 0x00, 0x00, 0xDF, 0x43, 0x55, 0x3C, 0xA6, 0x09, 0x00, 0x00,
    0xA5, 0xFF, 0x5B, 0x3C, 0xE4, 0x09, 0x00, 0x00, 0x93, 0x5E, 0x89, 0xBC, 0x20, 0x0A, 0x00, 0x00,
    0x98, 0x1B, 0xA6, 0x3C, 0x78, 0x0A, 0x00, 0x00, 0x03, 0xA4, 0x87, 0xBC, 0xA0, 0x0A, 0x00, 0x00,
    0x56, 0x70, 0xCF, 0xBC, 0xDA, 0x0A, 0x00, 0x00, 0xBC, 0x30, 0xE3, 0xBC, 0xEE, 0x0A, 0x00, 0x00,
    0xC7, 0x8B, 0x5E, 0x3C, 0xF7, 0x0A, 0x00, 0x00, 0x26, 0xD2, 0x6C, 0xBC, 0x00, 0x00, 0x00, 0x00,
    0x00, 0x00, 0x00, 0x00, 0x00, 0x00, 0x00, 0x00, 0x00, 0x00, 0x00, 0x00, 0x00, 0x00, 0x00, 0x00,
    0x00, 0x00, 0x00, 0x00, 0x00, 0x00, 0x00, 0x00, 0x00, 0x00, 0x00, 0x00, 0x00, 0x00, 0x00, 0x00,
    0x00, 0x00, 0x00, 0x00, 0x00, 0x00, 0x00, 0x00, 0x00, 0x00, 0x00, 0x00, 0x00, 0x00, 0x00, 0x00,
    0x00, 0x00, 0x00, 0x00, 0x00, 0x00, 0x00, 0x00, 0x00, 0x00, 0x00, 0x00, 0x00, 0x00, 0x00, 0x00,
    0x00, 0x00, 0x00, 0x00, 0x00, 0x00, 0x00, 0x00, 0x00, 0x00, 0x00, 0x00, 0x00, 0x00, 0x00, 0x00,
    0x00, 0x00, 0x00, 0x00, 0x00, 0x00, 0x00, 0x00, 0x00, 0x00, 0x00, 0x00, 0x00, 0x00, 0x00, 0x00,
    0x00, 0x00, 0x00, 0x00, 0x00, 0x00, 0x00, 0x00, 0x00, 0x00, 0x00, 0x00, 0x00, 0x00, 0x00, 0x00,
    0x00, 0x00, 0x00, 0x00, 0x00, 0x00, 0x00, 0x00, 0x00, 0x00, 0x00, 0x00, 0x8B, 0x00, 0x00, 0x00,
    0xDA, 0xE6, 0x56, 0x3F, 0x8C, 0x01, 0x00, 0x00, 0x13, 0x05, 0x44, 0x3E, 0x1D, 0x02, 0x00, 0x00,
    0x5E, 0x6A, 0x33, 0x3D, 0x6A, 0x03, 0x00, 0x00, 0xDF, 0x0F, 0xC9, 0x3D, 0x8E, 0x03, 0x00, 0x00,
    0xF9, 0xF9, 0x7B, 0x3D, 0xB1, 0x05, 0x00, 0x00, 0x4C, 0xEA, 0x85, 0x3D, 0xB3, 0x05, 0x00, 0x00,
    0x61, 0x8D, 0x52, 0xBD, 0x0E, 0x06, 0x00, 0x00, 0xC2, 0xF8, 0x6B, 0x3D, 0x10, 0x06, 0x00, 0x00,
    0x4B, 0x1C, 0x0B, 0xBD, 0xBB, 0x06, 0x00, 0x00, 0xC6, 0xAB, 0x26, 0x3D, 0xBD, 0x06, 0x00, 0x00,
    0xC4, 0x79, 0x1A, 0xBD, 0xE9, 0x06, 0x00, 0x00, 0x85, 0x8E, 0xE5, 0x3C, 0x4E, 0x07, 0x00, 0x00,
    0x93, 0xA0, 0xC8, 0x3C, 0x51, 0x07, 0x00, 0x00, 0xD4, 0x54, 0xE0, 0xBC, 0x96, 0x07, 0x00, 0x00,
    0x32, 0xF6, 0xCE, 0xBC, 0xDA, 0x07, 0x00, 0x00, 0x14, 0xFA, 0xA9, 0x3C, 0x13, 0x08, 0x00, 0x00,
    0xD3, 0x34, 0xA4, 0x3C, 0xC1, 0x08, 0x00, 0x00, 0x7B, 0x89, 0xCD, 0xBC, 0x03, 0x09, 0x00, 0x00,
    0xAB, 0xEA, 0xA5, 0xBC, 0x36, 0x09, 0x00, 0x00, 0x8C, 0xEC, 0xB5, 0x3C, 0x6D, 0x09, 0x00, 0x00,
    0xF4, 0x58, 0x8F, 0x3C, 0x13, 0x0A, 0x00, 0x00, 0xB0, 0x48, 0xA0, 0xBC, 0x15, 0x0A, 0x00, 0x00,
    0x84, 0x25, 0xE2, 0x3C, 0x17, 0x0A, 0x00, 0x00, 0x0B, 0xAA, 0x9A, 0xBC, 0x6B, 0x0A, 0x00, 0x00,
    0xBB, 0xAF, 0x92, 0x3C, 0x80, 0x0A, 0x00, 0x00, 0x1E, 0x7B, 0x8A, 0xBC, 0xB3, 0x0A, 0x00, 0x00,
    0xA4, 0x2C, 0xEB, 0xBC, 0x25, 0x0B, 0x00, 0x00, 0x68, 0x2D, 0x9D, 0x3C, 0x49, 0x0B, 0x00, 0x00,
    0x12, 0x6A, 0x08, 0x3D, 0x4D, 0x0B, 0x00, 0x00, 0x2E, 0x8E, 0xE9, 0xBC, 0x50, 0x0B, 0x00, 0x00,
    0xB4, 0x0B, 0x0D, 0x3D, 0x5C, 0x0B, 0x00, 0x00, 0xFC, 0x64, 0xF7, 0xBC, 0x00, 0x00, 0x00, 0x00,
    0x00, 0x00, 0x00, 0x00, 0x00, 0x00, 0x00, 0x00, 0x00, 0x00, 0x00, 0x00, 0x00, 0x00, 0x00, 0x00,
    0x00, 0x00, 0x00, 0x00, 0x00, 0x00, 0x00, 0x00, 0x00, 0x00, 0x00, 0x00, 0x00, 0x00, 0x00, 0x00,
    0x00, 0x00, 0x00, 0x00, 0x00, 0x00, 0x00, 0x00, 0x00, 0x00, 0x00, 0x00, 0x00, 0x00, 0x00, 0x00,
    0x00, 0x00, 0x00, 0x00, 0x00, 0x00, 0x00, 0x00, 0x00, 0x00, 0x00, 0x00, 0x00, 0x00, 0x00, 0x00,
    0x00, 0x00, 0x00, 0x00, 0x00, 0x00, 0x00, 0x00, 0x00, 0x00, 0x00, 0x00, 0x00, 0x00, 0x00, 0x00,
    0x00, 0x00, 0x00, 0x00, 0x00, 0x00, 0x00, 0x00, 0x00, 0x00, 0x00, 0x00, 0x00, 0x00, 0x00, 0x00,
    0x00, 0x00, 0x00, 0x00, 0x00, 0x00, 0x00, 0x00, 0x00, 0x00, 0x00, 0x00, 0x00, 0x00, 0x00, 0x00,
    0x00, 0x00, 0x00, 0x00, 0x00, 0x00, 0x00, 0x00, 0x00, 0x00, 0x00, 0x00, 0xDA, 0x00, 0x00, 0x00,
    0x93, 0x92, 0x33, 0x3F, 0xCD, 0x01, 0x00, 0x00, 0xA6, 0x67, 0x88, 0x3D, 0x37, 0x02, 0x00, 0x00,
    0x28, 0x84, 0xAC, 0x3D, 0xAE, 0x02, 0x00, 0x00, 0xBD, 0x7F, 0x11, 0x3D, 0xCD, 0x02, 0x00, 0x00,
    0x80, 0xB7, 0x14, 0xBD, 0x8C, 0x03, 0x00, 0x00, 0x87, 0xF2, 0x4E, 0x3D, 0x8E, 0x03, 0x00, 0x00,
    0x9C, 0x60, 0x77, 0xBD, 0x7B, 0x04, 0x00, 0x00, 0xB8, 0x78, 0xD7, 0x3C, 0xCD, 0x04, 0x00, 0x00,
    0x28, 0x2F, 0xCB, 0xBC, 0x14, 0x05, 0x00, 0x00, 0xD4, 0x54, 0xE0, 0x3C, 0x60, 0x05, 0x00, 0x00,
    0xAB, 0x42, 0xC0, 0x3C, 0x92, 0x05, 0x00, 0x00, 0xB6, 0x8C, 0xAB, 0xBC, 0x44, 0x06, 0x00, 0x00,
    0x43, 0xF3, 0xAF, 0xBC, 0x7E, 0x06, 0x00, 0x00, 0x66, 0xF9, 0xB6, 0xBC, 0xAC, 0x06, 0x00, 0x00,
    0xE6, 0x83, 0xD4, 0x3C, 0xFF, 0x06, 0x00, 0x00, 0x4F, 0x56, 0xAE, 0xBC, 0x3E, 0x07, 0x00, 0x00,
    0xF5, 0xEC, 0xC0, 0xBC, 0xA6, 0x07, 0x00, 0x00, 0x1A, 0x65, 0xA1, 0xBC, 0xD0, 0x07, 0x00, 0x00,
    0xEE, 0x5F, 0x14, 0xBD, 0x43, 0x08, 0x00, 0x00, 0x34, 0xEE, 0x95, 0x3C, 0x81, 0x08, 0x00, 0x00,
    0x7E, 0xD6, 0xA7, 0x3C, 0xD1, 0x08, 0x00, 0x00, 0xCF, 0x17, 0xB9, 0xBC, 0xD5, 0x08, 0x00, 0x00,
    0xAB, 0x8D, 0xB6, 0xBC, 0x06, 0x09, 0x00, 0x00, 0x81, 0x08, 0x8E, 0x3C, 0x87, 0x09, 0x00, 0x00,
    0x55, 0x77, 0xD8, 0xBC, 0xE2, 0x09, 0x00, 0x00, 0xB6, 0xAE, 0xA6, 0xBC, 0xF4, 0x09, 0x00, 0x00,
    0x8B, 0x3F, 0x84, 0x3C, 0x7D, 0x0A, 0x00, 0x00, 0xAB, 0xDE, 0x8D, 0x3C, 0xC5, 0x0A, 0x00, 0x00,
    0xDE, 0xF7, 0xD7, 0xBC, 0xE0, 0x0A, 0x00, 0x00, 0x70, 0x99, 0xD1, 0xBC, 0x07, 0x0B, 0x00, 0x00,
    0x83, 0x88, 0x93, 0x3C, 0x75, 0x0B, 0x00, 0x00, 0xC7, 0x79, 0xC7, 0x3C, 0x00, 0x00, 0x00, 0x00,
    0x00, 0x00, 0x00, 0x00, 0x00, 0x00, 0x00, 0x00, 0x00, 0x00, 0x00, 0x00, 0x00, 0x00, 0x00, 0x00,
    0x00, 0x00, 0x00, 0x00, 0x00, 0x00, 0x00, 0x00, 0x00, 0x00, 0x00, 0x00, 0x00, 0x00, 0x00, 0x00,
    0x00, 0x00, 0x00, 0x00, 0x00, 0x00, 0x00, 0x00, 0x00, 0x00, 0x00, 0x00, 0x00, 0x00, 0x00, 0x00,
    0x00, 0x00, 0x00, 0x00, 0x00, 0x00, 0x00, 0x00, 0x00, 0x00, 0x00, 0x00, 0x00, 0x00, 0x00, 0x00,
    0x00, 0x00, 0x00, 0x00, 0x00, 0x00, 0x00, 0x00, 0x00, 0x00, 0x00, 0x00, 0x00, 0x00, 0x00, 0x00,
    0x00, 0x00, 0x00, 0x00, 0x00, 0x00, 0x00, 0x00, 0x00, 0x00, 0x00, 0x00, 0x00, 0x00, 0x00, 0x00,
    0x00, 0x00, 0x00, 0x00, 0x00, 0x00, 0x00, 0x00, 0x00, 0x00, 0x00, 0x00, 0x00, 0x00, 0x00, 0x00,
    0x00, 0x00, 0x00, 0x00, 0x00, 0x00, 0x00, 0x00, 0x00, 0x00, 0x00, 0x00, 0x07, 0x01, 0x00, 0x00,
    0x99, 0x87, 0x2A, 0x3E, 0x46, 0x02, 0x00, 0x00, 0x4E, 0x89, 0xF8, 0x3C, 0x88, 0x03, 0x00, 0x00,
    0x70, 0x99, 0xD1, 0x3C, 0x0A, 0x04, 0x00, 0x00, 0x70, 0xC2, 0x4D, 0x3D, 0xF6, 0x04, 0x00, 0x00,
    0x0F, 0x5D, 0x93, 0x3C, 0x2D, 0x05, 0x00, 0x00, 0x5B, 0xC4, 0xA1, 0x3C, 0xB7, 0x05, 0x00, 0x00,
    0x0C, 0x94, 0xB1, 0xBC, 0x82, 0x06, 0x00, 0x00, 0x37, 0xBB, 0x9F, 0x3C, 0x38, 0x07, 0x00, 0x00,
    0x51, 0xA7, 0x1A, 0x3D, 0x6B, 0x07, 0x00, 0x00, 0xBC, 0x2D, 0x45, 0x3D, 0x6D, 0x07, 0x00, 0x00,
    0x5D, 0x06, 0x72, 0xBD, 0x8C, 0x07, 0x00, 0x00, 0xC1, 0x5B, 0x9D, 0x3C, 0x37, 0x08, 0x00, 0x00,
    0xA5, 0xD6, 0xA0, 0xBC, 0x3C, 0x08, 0x00, 0x00, 0x43, 0xF3, 0xAF, 0x3C, 0x56, 0x08, 0x00, 0x00,
    0x70, 0xC3, 0xDD, 0xBC, 0xA8, 0x08, 0x00, 0x00, 0x01, 0x7F, 0x80, 0x3C, 0xE5, 0x08, 0x00, 0x00,
    0x88, 0x40, 0x5C, 0x3C, 0xF7, 0x08, 0x00, 0x00, 0xE9, 0x50, 0x5F, 0x3C, 0x53, 0x09, 0x00, 0x00,
    0xB4, 0xF6, 0x67, 0x3C, 0x8A, 0x09, 0x00, 0x00, 0x1E, 0xE2, 0x7C, 0xBC, 0xDF, 0x09, 0x00, 0x00,
    0xB3, 0x34, 0x45, 0x3C, 0xF7, 0x09, 0x00, 0x00, 0x52, 0x8D, 0x2C, 0xBC, 0x13, 0x0A, 0x00, 0x00,
    0xDA, 0x6A, 0x3D, 0x3C, 0x8F, 0x0A, 0x00, 0x00, 0xCE, 0xE2, 0x26, 0xBC, 0xDD, 0x0A, 0x00, 0x00,
    0x81, 0xBF, 0x2D, 0xBC, 0x0E, 0x0B, 0x00, 0x00, 0x35, 0xE2, 0x13, 0x3C, 0x7A, 0x0B, 0x00, 0x00,
    0x37, 0x49, 0x1C, 0xBC, 0xE7, 0x0B, 0x00, 0x00, 0xBC, 0x95, 0xA4, 0x3C, 0xE9, 0x0B, 0x00, 0x00,
    0xBE, 0xC1, 0x55, 0xBC, 0xEC, 0x0B, 0x00, 0x00, 0xAA, 0x65, 0x86, 0x3C, 0xF6, 0x0B, 0x00, 0x00,
    0x55, 0x77, 0xD8, 0x3C, 0xF8, 0x0B, 0x00, 0x00, 0xD2, 0xDB, 0x84, 0xBC, 0x00, 0x00, 0x00, 0x00,
    0x00, 0x00, 0x00, 0x00, 0x00, 0x00, 0x00, 0x00, 0x00, 0x00, 0x00, 0x00, 0x00, 0x00, 0x00, 0x00,
    0x00, 0x00, 0x00, 0x00, 0x00, 0x00, 0x00, 0x00, 0x00, 0x00, 0x00, 0x00, 0x00, 0x00, 0x00, 0x00,
    0x00, 0x00, 0x00, 0x00, 0x00, 0x00, 0x00, 0x00, 0x00, 0x00, 0x00, 0x00, 0x00, 0x00, 0x00, 0x00,
    0x00, 0x00, 0x00, 0x00, 0x00, 0x00, 0x00, 0x00, 0x00, 0x00, 0x00, 0x00, 0x00, 0x00, 0x00, 0x00,
    0x00, 0x00, 0x00, 0x00, 0x00, 0x00, 0x00, 0x00, 0x00, 0x00, 0x00, 0x00, 0x00, 0x00, 0x00, 0x00,
    0x00, 0x00, 0x00, 0x00, 0x00, 0x00, 0x00, 0x00, 0x00, 0x00, 0x00, 0x00, 0x00, 0x00, 0x00, 0x00,
    0x00, 0x00, 0x00, 0x00, 0x00, 0x00, 0x00, 0x00, 0x00, 0x00, 0x00, 0x00, 0x00, 0x00, 0x00, 0x00,
    0x00, 0x00, 0x00, 0x00, 0x00, 0x00, 0x00, 0x00, 0x00, 0x00, 0x00, 0x00, 0x03, 0x01, 0x00, 0x00,
    0x8B, 0xFD, 0x20, 0x3E, 0xEB, 0x01, 0x00, 0x00, 0xB8, 0x78, 0xD7, 0x3C, 0x60, 0x02, 0x00, 0x00,
    0x19, 0x8F, 0xB0, 0xBC, 0xC6, 0x02, 0x00, 0x00, 0xA1, 0xFC, 0x36, 0xBC, 0x83, 0x03, 0x00, 0x00,
    0xDE, 0xDF, 0xA6, 0x3C, 0xBE, 0x03, 0x00, 0x00, 0xDF, 0x69, 0x95, 0x3C, 0x15, 0x04, 0x00, 0x00,
    0xAE, 0x91, 0x8C, 0x3C, 0xCA, 0x04, 0x00, 0x00, 0x80, 0x81, 0x5C, 0x3C, 0x9F, 0x05, 0x00, 0x00,
    0x3C, 0xB7, 0xD9, 0xBC, 0xA1, 0x05, 0x00, 0x00, 0xFC, 0xA6, 0xF0, 0x3C, 0xB0, 0x05, 0x00, 0x00,
    0x59, 0xFB, 0x77, 0x3C, 0x71, 0x06, 0x00, 0x00, 0xBA, 0x76, 0xB4, 0xBC, 0x73, 0x06, 0x00, 0x00,
    0xA1, 0x8E, 0x9B, 0x3C, 0x80, 0x06, 0x00, 0x00, 0xAE, 0x91, 0x8C, 0x3C, 0xD9, 0x06, 0x00, 0x00,
    0x13, 0x07, 0x33, 0xBC, 0x03, 0x07, 0x00, 0x00, 0x58, 0x9C, 0x3F, 0x3C, 0xD8, 0x07, 0x00, 0x00,
    0x9A, 0x49, 0x6F, 0xBC, 0xDB, 0x07, 0x00, 0x00, 0x09, 0xBF, 0x39, 0x3C, 0x94, 0x08, 0x00, 0x00,
    0xBE, 0xC1, 0x55, 0x3C, 0x9B, 0x08, 0x00, 0x00, 0x1F, 0x30, 0x6E, 0x3C, 0xBE, 0x08, 0x00, 0x00,
    0xD2, 0xF1, 0x62, 0xBC, 0xC1, 0x08, 0x00, 0x00, 0xB2, 0xD4, 0x5F, 0xBC, 0xFD, 0x08, 0x00, 0x00,
    0x8F, 0x2B, 0x3F, 0xBC, 0xBB, 0x09, 0x00, 0x00, 0x32, 0xC0, 0x2C, 0xBC, 0xCF, 0x09, 0x00, 0x00,
    0xFC, 0x8E, 0x1F, 0x3C, 0xE1, 0x09, 0x00, 0x00, 0x0B, 0x14, 0x27, 0x3C, 0x49, 0x0A, 0x00, 0x00,
    0xAE, 0x5F, 0x13, 0xBC, 0x85, 0x0A, 0x00, 0x00, 0x92, 0x7D, 0x0A, 0xBC, 0x09, 0x0B, 0x00, 0x00,
    0x4F, 0x65, 0xEA, 0xBB, 0x76, 0x0B, 0x00, 0x00, 0x6C, 0x0D, 0x40, 0xBC, 0x77, 0x0B, 0x00, 0x00,
    0x5C, 0x07, 0x24, 0x3C, 0x7C, 0x0B, 0x00, 0x00, 0x6B, 0x27, 0x2F, 0xBC, 0x00, 0x00, 0x00, 0x00,
    0x00, 0x00, 0x00, 0x00, 0x00, 0x00, 0x00, 0x00, 0x00, 0x00, 0x00, 0x00, 0x00, 0x00, 0x00, 0x00,
    0x00, 0x00, 0x00, 0x00, 0x00, 0x00, 0x00, 0x00, 0x00, 0x00, 0x00, 0x00, 0x00, 0x00, 0x00, 0x00,
    0x00, 0x00, 0x00, 0x00, 0x00, 0x00, 0x00, 0x00, 0x00, 0x00, 0x00, 0x00, 0x00, 0x00, 0x00, 0x00,
    0x00, 0x00, 0x00, 0x00, 0x00, 0x00, 0x00, 0x00, 0x00, 0x00, 0x00, 0x00, 0x00, 0x00, 0x00, 0x00,
    0x00, 0x00, 0x00, 0x00, 0x00, 0x00, 0x00, 0x00, 0x00, 0x00, 0x00, 0x00, 0x00, 0x00, 0x00, 0x00,
    0x00, 0x00, 0x00, 0x00, 0x00, 0x00, 0x00, 0x00, 0x00, 0x00, 0x00, 0x00, 0x00, 0x00, 0x00, 0x00,
    0x00, 0x00, 0x00, 0x00, 0x00, 0x00, 0x00, 0x00, 0x00, 0x00, 0x00, 0x00, 0x00, 0x00, 0x00, 0x00,
    0x00, 0x00, 0x00, 0x00, 0x00, 0x00, 0x00, 0x00, 0x00, 0x00, 0x00, 0x00, 0xDB, 0x00, 0x00, 0x00,
    0x3A, 0xD1, 0x34, 0x3F, 0xD1, 0x01, 0x00, 0x00, 0xCA, 0x11, 0x86, 0x3D, 0x41, 0x02, 0x00, 0x00,
    0x0A, 0x61, 0x79, 0x3D, 0x75, 0x03, 0x00, 0x00, 0x40, 0xB4, 0x6E, 0x3D, 0x98, 0x03, 0x00, 0x00,
    0x4C, 0xA4, 0xB8, 0x3D, 0x71, 0x07, 0x00, 0x00, 0x30, 0x70, 0x1E, 0x3D, 0x74, 0x07, 0x00, 0x00,
    0x6F, 0x22, 0x41, 0xBD, 0x79, 0x07, 0x00, 0x00, 0xAE, 0x4E, 0x17, 0xBD, 0xAC, 0x07, 0x00, 0x00,
    0x64, 0xB7, 0x82, 0x3D, 0xDB, 0x07, 0x00, 0x00, 0x0C, 0x2F, 0x13, 0xBD, 0xE5, 0x07, 0x00, 0x00,
    0x32, 0xCB, 0xFF, 0xBC, 0x3A, 0x08, 0x00, 0x00, 0x3D, 0x1F, 0xCC, 0xBC, 0x3D, 0x08, 0x00, 0x00,
    0x4E, 0xF3, 0xCA, 0xBC, 0x76, 0x08, 0x00, 0x00, 0x6C, 0xBC, 0xAD, 0xBC, 0x8E, 0x08, 0x00, 0x00,
    0xAF, 0x78, 0x4E, 0x3D, 0x91, 0x08, 0x00, 0x00, 0xCC, 0xD5, 0x09, 0xBD, 0x95, 0x08, 0x00, 0x00,
    0x79, 0x0F, 0xC4, 0xBC, 0x55, 0x09, 0x00, 0x00, 0x18, 0x6B, 0xCB, 0x3C, 0x59, 0x09, 0x00, 0x00,
    0x9F, 0xF8, 0xF9, 0x3C, 0x72, 0x0A, 0x00, 0x00, 0xF8, 0x98, 0xBF, 0x3C, 0x7A, 0x0A, 0x00, 0x00,
    0x09, 0xD4, 0xCC, 0x3C, 0x81, 0x0A, 0x00, 0x00, 0x6E, 0xB7, 0xEB, 0xBC, 0x60, 0x0B, 0x00, 0x00,
    0x25, 0x4F, 0x05, 0x3D, 0x7E, 0x0B, 0x00, 0x00, 0x7F, 0xC9, 0xDE, 0x3C, 0x94, 0x0B, 0x00, 0x00,
    0x74, 0xA2, 0xB3, 0xBC, 0xB6, 0x0B, 0x00, 0x00, 0x57, 0xC3, 0xF1, 0xBC, 0xF7, 0x0B, 0x00, 0x00,
    0xE5, 0xA2, 0xD0, 0x3C, 0x0F, 0x0C, 0x00, 0x00, 0x23, 0xCE, 0x65, 0xBD, 0x10, 0x0C, 0x00, 0x00,
    0xB8, 0x2C, 0x63, 0x3D, 0x22, 0x0C, 0x00, 0x00, 0xF6, 0x1E, 0x36, 0x3D, 0x4D, 0x0C, 0x00, 0x00,
    0xB5, 0x59, 0xED, 0x3C, 0x81, 0x0C, 0x00, 0x00, 0x10, 0xA5, 0xA7, 0x3C, 0x00, 0x00, 0x00, 0x00,
    0x00, 0x00, 0x00, 0x00, 0x00, 0x00, 0x00, 0x00, 0x00, 0x00, 0x00, 0x00, 0x00, 0x00, 0x00, 0x00,
    0x00, 0x00, 0x00, 0x00, 0x00, 0x00, 0x00, 0x00, 0x00, 0x00, 0x00, 0x00, 0x00, 0x00, 0x00, 0x00,
    0x00, 0x00, 0x00, 0x00, 0x00, 0x00, 0x00, 0x00, 0x00, 0x00, 0x00, 0x00, 0x00, 0x00, 0x00, 0x00,
    0x00, 0x00, 0x00, 0x00, 0x00, 0x00, 0x00, 0x00, 0x00, 0x00, 0x00, 0x00, 0x00, 0x00, 0x00, 0x00,
    0x00, 0x00, 0x00, 0x00, 0x00, 0x00, 0x00, 0x00, 0x00, 0x00, 0x00, 0x00, 0x00, 0x00, 0x00, 0x00,
    0x00, 0x00, 0x00, 0x00, 0x00, 0x00, 0x00, 0x00, 0x00, 0x00, 0x00, 0x00, 0x00, 0x00, 0x00, 0x00,
    0x00, 0x00, 0x00, 0x00, 0x00, 0x00, 0x00, 0x00, 0x00, 0x00, 0x00, 0x00, 0x00, 0x00, 0x00, 0x00,
    0x00, 0x00, 0x00, 0x00, 0x00, 0x00, 0x00, 0x00, 0x00, 0x00, 0x00, 0x00, 0x00, 0x00, 0x00, 0x00,
    0x00, 0x00, 0x00, 0x00, 0x00, 0x00, 0x00, 0x00, 0x00, 0x00, 0x00, 0x00, 0x00, 0x00, 0x00, 0x00,
    0x00, 0x00, 0x00, 0x00, 0x00, 0x00, 0x00, 0x00, 0x00, 0x00, 0x00, 0x00, 0x00, 0x00, 0x00, 0x00,
    0x00, 0x00, 0x00, 0x00, 0x00, 0x00, 0x00, 0x00, 0x00, 0x00, 0x00, 0x00, 0x00, 0x00, 0x00, 0x00,
    0x00, 0x00, 0x00, 0x00, 0x00, 0x00, 0x00, 0x00, 0x00, 0x00, 0x00, 0x00, 0x00, 0x00, 0x00, 0x00,
    0x00, 0x00, 0x00, 0x00, 0x00, 0x00, 0x00, 0x00, 0x00, 0x00, 0x00, 0x00, 0x00, 0x00, 0x00, 0x00,
    0x00, 0x00, 0x00, 0x00, 0x00, 0x00, 0x00, 0x00, 0x00, 0x00, 0x00, 0x00, 0x00, 0x00, 0x00, 0x00,
    0x00, 0x00, 0x00, 0x00, 0x00, 0x00, 0x00, 0x00, 0x00, 0x00, 0x00, 0x00, 0x00, 0x00, 0x00, 0x00,
    0x00, 0x00, 0x00, 0x00, 0x00, 0x00, 0x00, 0x00, 0x00, 0x00, 0x00, 0x00, 0x00, 0x00, 0x00, 0x00,
    0x00, 0x00, 0x00, 0x00, 0x00, 0x00, 0x00, 0x00, 0x00, 0x00, 0x00, 0x00, 0x00, 0x00, 0x00, 0x00,
    0x00, 0x00, 0x00, 0x00, 0x00, 0x00, 0x00, 0x00, 0x00, 0x00, 0x00, 0x00, 0x00, 0x00, 0x00, 0x00,
    0x00, 0x00, 0x00, 0x00, 0x00, 0x00, 0x00, 0x00, 0x00, 0x00, 0x00, 0x00, 0x00, 0x00, 0x00, 0x00,
    0x00, 0x00, 0x00, 0x00, 0x00, 0x00, 0x00, 0x00, 0x00, 0x00, 0x00, 0x00, 0x00, 0x00, 0x00, 0x00,
    0x00, 0x00, 0x00, 0x00, 0x00, 0x00, 0x00, 0x00, 0x00, 0x00, 0x00, 0x00, 0x00, 0x00, 0x00, 0x00,
    0x00, 0x00, 0x00, 0x00, 0x00, 0x00, 0x00, 0x00, 0x00, 0x00, 0x00, 0x00, 0x00, 0x00, 0x00, 0x00,
    0x00, 0x00, 0x00, 0x00, 0x00, 0x00, 0x00, 0x00, 0x00, 0x00, 0x00, 0x00, 0x00, 0x00, 0x00, 0x00,
    0x00, 0x00, 0x00, 0x00, 0x00, 0x00, 0x00, 0x00, 0x00, 0x00, 0x00, 0x00, 0x00, 0x00, 0x00, 0x00,
    0x00, 0x00, 0x00, 0x00, 0x00, 0x00, 0x00, 0x00, 0x00, 0x00, 0x00, 0x00, 0x00, 0x00, 0x00, 0x00,
    0x00, 0x00, 0x00, 0x00, 0x00, 0x00, 0x00, 0x00, 0x00, 0x00, 0x00, 0x00, 0x00, 0x00, 0x00, 0x00,
    0x00, 0x00, 0x00, 0x00, 0x00, 0x00, 0x00, 0x00, 0x00, 0x00, 0x00, 0x00, 0x00, 0x00, 0x00, 0x00,
    0x00, 0x00, 0x00, 0x00, 0x00, 0x00, 0x00, 0x00, 0x00, 0x00, 0x00, 0x00, 0x00, 0x00, 0x00, 0x00,
    0x00, 0x00, 0x00, 0x00, 0x00, 0x00, 0x00, 0x00, 0x00, 0x00, 0x00, 0x00, 0x00, 0x00, 0x00, 0x00,
    0x00, 0x00, 0x00, 0x00, 0x00, 0x00, 0x00, 0x00, 0x00, 0x00, 0x00, 0x00, 0x00, 0x00, 0x00, 0x00,
    0x00, 0x00, 0x00, 0x00, 0x00, 0x00, 0x00, 0x00, 0x00, 0x00, 0x00, 0x00, 0x00, 0x00, 0x00, 0x00,
    0x00, 0x00, 0x00, 0x00, 0x00, 0x00, 0x00, 0x00, 0x00, 0x00, 0x00, 0x00, 0x00, 0x00, 0x00, 0x00,
    0x00, 0x00, 0x00, 0x00, 0x00, 0x00, 0x00, 0x00, 0x00, 0x00, 0x00, 0x00, 0x00, 0x00, 0x00, 0x00,
    0x00, 0x00, 0x00, 0x00, 0x00, 0x00, 0x00, 0x00, 0x00, 0x00, 0x00, 0x00, 0x00, 0x00, 0x00, 0x00,
    0x00, 0x00, 0x00, 0x00, 0x00, 0x00, 0x00, 0x00, 0x00, 0x00, 0x00, 0x00, 0x00, 0x00, 0x00, 0x00,
    0x00, 0x00, 0x00, 0x00, 0x00, 0x00, 0x00, 0x00, 0x00, 0x00, 0x00, 0x00, 0x00, 0x00, 0x00, 0x00,
    0x00, 0x00, 0x00, 0x00, 0x00, 0x00, 0x00, 0x00, 0x00, 0x00, 0x00, 0x00, 0x00, 0x00, 0x00, 0x00,
    0x00, 0x00, 0x00, 0x00, 0x00, 0x00, 0x00, 0x00, 0x00, 0x00, 0x00, 0x00, 0x00, 0x00, 0x00, 0x00,
    0x00, 0x00, 0x00, 0x00, 0x00, 0x00, 0x00, 0x00, 0x00, 0x00, 0x00, 0x00, 0x00, 0x00, 0x00, 0x00,
    0x00, 0x00, 0x00, 0x00, 0x00, 0x00, 0x00, 0x00, 0x00, 0x00, 0x00, 0x00, 0x00, 0x00, 0x00, 0x00,
    0x00, 0x00, 0x00, 0x00, 0x00, 0x00, 0x00, 0x00, 0x00, 0x00, 0x00, 0x00, 0x00, 0x00, 0x00, 0x00,
    0x00, 0x00, 0x00, 0x00, 0x00, 0x00, 0x00, 0x00, 0x00, 0x00, 0x00, 0x00, 0x00, 0x00, 0x00, 0x00,
    0x00, 0x00, 0x00, 0x00, 0x00, 0x00, 0x00, 0x00, 0x00, 0x00, 0x00, 0x00, 0x00, 0x00, 0x00, 0x00,
    0x00, 0x00, 0x00, 0x00, 0x00, 0x00, 0x00, 0x00, 0x00, 0x00, 0x00, 0x00, 0x00, 0x00, 0x00, 0x00,
    0x00, 0x00, 0x00, 0x00, 0x00, 0x00, 0x00, 0x00, 0x00, 0x00, 0x00, 0x00, 0x00, 0x00, 0x00, 0x00,
    0x00, 0x00, 0x00, 0x00, 0x00, 0x00, 0x00, 0x00, 0x00, 0x00, 0x00, 0x00, 0x00, 0x00, 0x00, 0x00,
    0x00, 0x00, 0x00, 0x00, 0x00, 0x00, 0x00, 0x00, 0x00, 0x00, 0x00, 0x00, 0x00, 0x00, 0x00, 0x00,
    0x00, 0x00, 0x00, 0x00, 0x00, 0x00, 0x00, 0x00, 0x00, 0x00, 0x00, 0x00, 0x00, 0x00, 0x00, 0x00,
    0x00, 0x00, 0x00, 0x00, 0x00, 0x00, 0x00, 0x00, 0x00, 0x00, 0x00, 0x00, 0x00, 0x00, 0x00, 0x00,
    0x00, 0x00, 0x00, 0x00, 0x00, 0x00, 0x00, 0x00, 0x00, 0x00, 0x00, 0x00, 0x00, 0x00, 0x00, 0x00,
    0x00, 0x00, 0x00, 0x00, 0x00, 0x00, 0x00, 0x00, 0x00, 0x00, 0x00, 0x00, 0x00, 0x00, 0x00, 0x00,
    0x00, 0x00, 0x00, 0x00, 0x00, 0x00, 0x00, 0x00, 0x00, 0x00, 0x00, 0x00, 0x00, 0x00, 0x00, 0x00,
    0x00, 0x00, 0x00, 0x00, 0x00, 0x00, 0x00, 0x00, 0x00, 0x00, 0x00, 0x00, 0x00, 0x00, 0x00, 0x00,
    0x00, 0x00, 0x00, 0x00, 0x00, 0x00, 0x00, 0x00, 0x00, 0x00, 0x00, 0x00, 0x00, 0x00, 0x00, 0x00,
    0x00, 0x00, 0x00, 0x00, 0x00, 0x00, 0x00, 0x00, 0x00, 0x00, 0x00, 0x00, 0x00, 0x00, 0x00, 0x00,
    0x00, 0x00, 0x00, 0x00, 0x00, 0x00, 0x00, 0x00, 0x00, 0x00, 0x00, 0x00, 0x00, 0x00, 0x00, 0x00,
    0x00, 0x00, 0x00, 0x00, 0x00, 0x00, 0x00, 0x00, 0x00, 0x00, 0x00, 0x00, 0x00, 0x00, 0x00, 0x00,
    0x00, 0x00, 0x00, 0x00, 0x00, 0x00, 0x00, 0x00, 0x00, 0x00, 0x00, 0x00, 0x00, 0x00, 0x00, 0x00,
    0x00, 0x00, 0x00, 0x00, 0x00, 0x00, 0x00, 0x00, 0x00, 0x00, 0x00, 0x00, 0x00, 0x00, 0x00, 0x00,
    0x00, 0x00, 0x00, 0x00, 0x00, 0x00, 0x00, 0x00, 0x00, 0x00, 0x00, 0x00, 0x00, 0x00, 0x00, 0x00,
    0x00, 0x00, 0x00, 0x00, 0x00, 0x00, 0x00, 0x00, 0x00, 0x00, 0x00, 0x00, 0x00, 0x00, 0x00, 0x00,
    0x00, 0x00, 0x00, 0x00, 0x00, 0x00, 0x00, 0x00, 0x00, 0x00, 0x00, 0x00, 0x00, 0x00, 0x00, 0x00,
    0x00, 0x00, 0x00, 0x00, 0x00, 0x00, 0x00, 0x00, 0x00, 0x00, 0x00, 0x00, 0x00, 0x00, 0x00, 0x00,
    0x00, 0x00, 0x00, 0x00, 0x00, 0x00, 0x00, 0x00, 0x00, 0x00, 0x00, 0x00, 0x00, 0x00, 0x00, 0x00,
    0x00, 0x00, 0x00, 0x00, 0x00, 0x00, 0x00, 0x00, 0x00, 0x00, 0x00, 0x00, 0x00, 0x00, 0x00, 0x00,
    0x00, 0x00, 0x00, 0x00, 0x00, 0x00, 0x00, 0x00, 0x00, 0x00, 0x00, 0x00, 0x00, 0x00, 0x00, 0x00,
    0x00, 0x00, 0x00, 0x00, 0x00, 0x00, 0x00, 0x00, 0x00, 0x00, 0x00, 0x00, 0x00, 0x00, 0x00, 0x00,
    0x00, 0x00, 0x00, 0x00, 0x00, 0x00, 0x00, 0x00, 0x00, 0x00, 0x00, 0x00, 0x00, 0x00, 0x00, 0x00,
    0x00, 0x00, 0x00, 0x00, 0x00, 0x00, 0x00, 0x00, 0x00, 0x00, 0x00, 0x00, 0x00, 0x00, 0x00, 0x00,
    0x00, 0x00, 0x00, 0x00, 0x00, 0x00, 0x00, 0x00, 0x00, 0x00, 0x00, 0x00, 0x00, 0x00, 0x00, 0x00,
    0x00, 0x00, 0x00, 0x00, 0x00, 0x00, 0x00, 0x00, 0x00, 0x00, 0x00, 0x00, 0x00, 0x00, 0x00, 0x00,
    0x00, 0x00, 0x00, 0x00, 0x00, 0x00, 0x00, 0x00, 0x00, 0x00, 0x00, 0x00, 0x00, 0x00, 0x00, 0x00,
    0x00, 0x00, 0x00, 0x00, 0x00, 0x00, 0x00, 0x00, 0x00, 0x00, 0x00, 0x00, 0x00, 0x00, 0x00, 0x00,
    0x00, 0x00, 0x00, 0x00, 0x00, 0x00, 0x00, 0x00, 0x00, 0x00, 0x00, 0x00, 0x00, 0x00, 0x00, 0x00,
    0x00, 0x00, 0x00, 0x00, 0x00, 0x00, 0x00, 0x00, 0x00, 0x00, 0x00, 0x00, 0x00, 0x00, 0x00, 0x00,
    0x00, 0x00, 0x00, 0x00, 0x00, 0x00, 0x00, 0x00, 0x00, 0x00, 0x00, 0x00, 0x00, 0x00, 0x00, 0x00,
    0x00, 0x00, 0x00, 0x00, 0x00, 0x00, 0x00, 0x00, 0x00, 0x00, 0x00, 0x00, 0x00, 0x00, 0x00, 0x00,
    0x00, 0x00, 0x00, 0x00, 0x00, 0x00, 0x00, 0x00, 0x00, 0x00, 0x00, 0x00, 0x00, 0x00, 0x00, 0x00,
    0x00, 0x00, 0x00, 0x00, 0x00, 0x00, 0x00, 0x00, 0x00, 0x00, 0x00, 0x00, 0x00, 0x00, 0x00, 0x00,
    0x00, 0x00, 0x00, 0x00, 0x00, 0x00, 0x00, 0x00, 0x00, 0x00, 0x00, 0x00, 0x00, 0x00, 0x00, 0x00,
    0x00, 0x00, 0x00, 0x00, 0x00, 0x00, 0x00, 0x00, 0x00, 0x00, 0x00, 0x00, 0x00, 0x00, 0x00, 0x00,
    0x00, 0x00, 0x00, 0x00, 0x00, 0x00, 0x00, 0x00, 0x00, 0x00, 0x00, 0x00, 0x00, 0x00, 0x00, 0x00,
    0x00, 0x00, 0x00, 0x00, 0x00, 0x00, 0x00, 0x00, 0x00, 0x00, 0x00, 0x00, 0x00, 0x00, 0x00, 0x00,
    0x00, 0x00, 0x00, 0x00, 0x00, 0x00, 0x00, 0x00, 0x00, 0x00, 0x00, 0x00, 0x00, 0x00, 0x00, 0x00,
    0x00, 0x00, 0x00, 0x00, 0x00, 0x00, 0x00, 0x00, 0x00, 0x00, 0x00, 0x00, 0x00, 0x00, 0x00, 0x00,
    0x00, 0x00, 0x00, 0x00, 0x00, 0x00, 0x00, 0x00, 0x00, 0x00, 0x00, 0x00, 0x00, 0x00, 0x00, 0x00,
    0x00, 0x00, 0x00, 0x00, 0x00, 0x00, 0x00, 0x00, 0x00, 0x00, 0x00, 0x00, 0x00, 0x00, 0x00, 0x00,
    0x00, 0x00, 0x00, 0x00, 0x00, 0x00, 0x00, 0x00, 0x00, 0x00, 0x00, 0x00, 0x00, 0x00, 0x00, 0x00,
    0x00, 0x00, 0x00, 0x00, 0x00, 0x00, 0x00, 0x00, 0x00, 0x00, 0x00, 0x00, 0x00, 0x00, 0x00, 0x00,
    0x00, 0x00, 0x00, 0x00, 0x00, 0x00, 0x00, 0x00, 0x00, 0x00, 0x00, 0x00, 0x00, 0x00, 0x00, 0x00,
    0x00, 0x00, 0x00, 0x00, 0x00, 0x00, 0x00, 0x00, 0x00, 0x00, 0x00, 0x00, 0x00, 0x00, 0x00, 0x00,
    0x00, 0x00, 0x00, 0x00, 0x00, 0x00, 0x00, 0x00, 0x00, 0x00, 0x00, 0x00, 0x00, 0x00, 0x00, 0x00,
    0x00, 0x00, 0x00, 0x00, 0x00, 0x00, 0x00, 0x00, 0x00, 0x00, 0x00, 0x00, 0x00, 0x00, 0x00, 0x00,
    0x00, 0x00, 0x00, 0x00, 0x00, 0x00, 0x00, 0x00, 0x00, 0x00, 0x00, 0x00, 0x00, 0x00, 0x00, 0x00,
    0x00, 0x00, 0x00, 0x00, 0x00, 0x00, 0x00, 0x00, 0x00, 0x00, 0x00, 0x00, 0x00, 0x00, 0x00, 0x00,
    0x00, 0x00, 0x00, 0x00, 0x00, 0x00, 0x00, 0x00, 0x00, 0x00, 0x00, 0x00, 0x00, 0x00, 0x00, 0x00,
    0x00, 0x00, 0x00, 0x00, 0x00, 0x00, 0x00, 0x00, 0x00, 0x00, 0x00, 0x00, 0x00, 0x00, 0x00, 0x00,
    0x00, 0x00, 0x00, 0x00, 0x00, 0x00, 0x00, 0x00, 0x00, 0x00, 0x00, 0x00, 0x00, 0x00, 0x00, 0x00,
    0x00, 0x00, 0x00, 0x00, 0x00, 0x00, 0x00, 0x00, 0x00, 0x00, 0x00, 0x00, 0x00, 0x00, 0x00, 0x00,
    0x00, 0x00, 0x00, 0x00, 0x00, 0x00, 0x00, 0x00, 0x00, 0x00, 0x00, 0x00, 0x00, 0x00, 0x00, 0x00,
    0x00, 0x00, 0x00, 0x00, 0x00, 0x00, 0x00, 0x00, 0x00, 0x00, 0x00, 0x00, 0x00, 0x00, 0x00, 0x00,
    0x00, 0x00, 0x00, 0x00, 0x00, 0x00, 0x00, 0x00, 0x00, 0x00, 0x00, 0x00, 0x00, 0x00, 0x00, 0x00,
    0x00, 0x00, 0x00, 0x00, 0x00, 0x00, 0x00, 0x00, 0x00, 0x00, 0x00, 0x00, 0x00, 0x00, 0x00, 0x00,
    0x00, 0x00, 0x00, 0x00, 0x00, 0x00, 0x00, 0x00, 0x00, 0x00, 0x00, 0x00, 0x00, 0x38, 0x1E, 0x3F,
    0x00, 0x00, 0x80, 0x3F, 0x00, 0x80, 0x7D, 0x3F, 0x00, 0x00, 0x20, 0x3C, 0xFA, 0x01, 0x00, 0x00,
    0x30, 0x00, 0x00, 0x00, 0x00, 0x00, 0xFA, 0x45, 0xE4, 0x38, 0x4E, 0xBF, 0x81, 0x02, 0x00, 0x00,
    0x56, 0x08, 0x00, 0x00, 0xD7, 0x0A, 0x00, 0x00, 0xDA, 0x5C, 0x2A, 0x3E, 0xBD, 0xAA, 0xB0, 0x3C,
    0x97, 0x0B, 0x82, 0x3D, 0x8D, 0xBF, 0xDC, 0x3D, 0x45, 0x58, 0x03, 0x3E, 0x8D, 0xBF, 0xDC, 0x3D,
    0x97, 0x0B, 0x82, 0x3D, 0xBD, 0xAA, 0xB0, 0x3C, 0xB1, 0x02, 0x00, 0x00, 0x30, 0x09, 0x00, 0x00,
    0xE1, 0x0B, 0x00, 0x00, 0x95, 0xC4, 0x33, 0x3E, 0xDB, 0xED, 0xA5, 0x3C, 0x44, 0x48, 0x74, 0x3D,
    0xCB, 0x54, 0xCF, 0x3D, 0x13, 0xA4, 0xF5, 0x3D, 0xCB, 0x54, 0xCF, 0x3D, 0x44, 0x48, 0x74, 0x3D,
    0xDB, 0xED, 0xA5, 0x3C, 0xD4, 0x02, 0x00, 0x00, 0xCF, 0x09, 0x00, 0x00, 0xA3, 0x0C, 0x00, 0x00,
    0xEB, 0x0E, 0x3A, 0x3E, 0x2D, 0x76, 0x9E, 0x3C, 0xDB, 0x49, 0x69, 0x3D, 0x1A, 0x00, 0xC6, 0x3D,
    0x77, 0x21, 0xEA, 0x3D, 0x1A, 0x00, 0xC6, 0x3D, 0xDB, 0x49, 0x69, 0x3D, 0x2D, 0x76, 0x9E, 0x3C,
    0xFB, 0x02, 0x00, 0x00, 0xCB, 0x09, 0x00, 0x00, 0xC6, 0x0C, 0x00, 0x00, 0xE9, 0x24, 0x3B, 0x3E,
    0xC6, 0x25, 0x9D, 0x3C, 0x9A, 0x5A, 0x67, 0x3D, 0xC2, 0x5B, 0xC4, 0x3D, 0x42, 0x20, 0xE8, 0x3D,
    0xC2, 0x5B, 0xC4, 0x3D, 0x9A, 0x5A, 0x67, 0x3D, 0xC6, 0x25, 0x9D, 0x3C, 0xEF, 0x02, 0x00, 0x00,
    0xDD, 0x09, 0x00, 0x00, 0xCC, 0x0C, 0x00, 0x00, 0x32, 0x54, 0x3B, 0x3E, 0x5A, 0xEC, 0x9C, 0x3C,
    0x14, 0x06, 0x67, 0x3D, 0x06, 0x14, 0xC4, 0x3D, 0xD0, 0xC8, 0xE7, 0x3D, 0x06, 0x14, 0xC4, 0x3D,
    0x14, 0x06, 0x67, 0x3D, 0x5A, 0xEC, 0x9C, 0x3C, 0x21, 0x03, 0x00, 0x00, 0x69, 0x0A, 0x00, 0x00,
    0x8A, 0x0D, 0x00, 0x00, 0x85, 0xF5, 0x40, 0x3E, 0xAC, 0xF9, 0x95, 0x3C, 0x80, 0xCB, 0x5C, 0x3D,
    0x8B, 0x65, 0xBB, 0x3D, 0x5D, 0x44, 0xDD, 0x3D, 0x8B, 0x65, 0xBB, 0x3D, 0x80, 0xCB, 0x5C, 0x3D,
    0xAC, 0xF9, 0x95, 0x3C, 0x2F, 0x03, 0x00, 0x00, 0x9D, 0x0A, 0x00, 0x00, 0xCC, 0x0D, 0x00, 0x00,
    0x6A, 0xD1, 0x42, 0x3E, 0x83, 0xA1, 0x93, 0x3C, 0xED, 0x57, 0x59, 0x3D, 0x9E, 0x77, 0xB8, 0x3D,
    0x14, 0xBE, 0xD9, 0x3D, 0x9E, 0x77, 0xB8, 0x3D, 0xED, 0x57, 0x59, 0x3D, 0x83, 0xA1, 0x93, 0x3C,
    0x3B, 0x03, 0x00, 0x00, 0xD3, 0x0A, 0x00, 0x00, 0x0E, 0x0E, 0x00, 0x00, 0xE3, 0xA0, 0x44, 0x3E,
    0x5D, 0x52, 0x91, 0x3C, 0x9F, 0xF1, 0x55, 0x3D, 0xF5, 0x94, 0xB5, 0x3D, 0xD3, 0x47, 0xD6, 0x3D,
    0xF5, 0x94, 0xB5, 0x3D, 0x9F, 0xF1, 0x55, 0x3D, 0x5D, 0x52, 0x91, 0x3C, 0x4C, 0x03, 0x00, 0x00,
    0x5A, 0x0B, 0x00, 0x00, 0xA6, 0x0E, 0x00, 0x00, 0x37, 0x9E, 0x48, 0x3E, 0xB9, 0x22, 0x8C, 0x3C,
    0x13, 0x4F, 0x4E, 0x3D, 0x10, 0x1A, 0xAF, 0x3D, 0xED, 0x88, 0xCE, 0x3D, 0x10, 0x1A, 0xAF, 0x3D,
    0x13, 0x4F, 0x4E, 0x3D, 0xB9, 0x22, 0x8C, 0x3C, 0xA1, 0x03, 0x00, 0x00, 0x0C, 0x0C, 0x00, 0x00,
    0xAD, 0x0F, 0x00, 0x00, 0xEF, 0xF3, 0x4E, 0x3E, 0x0D, 0x96, 0x83, 0x3C, 0xE5, 0xB8, 0x41, 0x3D,
    0x48, 0x6B, 0xA4, 0x3D, 0xBF, 0xD4, 0xC1, 0x3D, 0x48, 0x6B, 0xA4, 0x3D, 0xE5, 0xB8, 0x41, 0x3D,
    0x0D, 0x96, 0x83, 0x3C, 0xA5, 0x03, 0x00, 0x00, 0x7D, 0x0C, 0x00, 0x00, 0x22, 0x10, 0x00, 0x00,
    0xDB, 0x8C, 0x51, 0x3E, 0x4A, 0xE6, 0x7F, 0x3C, 0x63, 0x5E, 0x3C, 0x3D, 0x15, 0xE0, 0x9F, 0x3D,
    0xF5, 0x71, 0xBC, 0x3D, 0x15, 0xE0, 0x9F, 0x3D, 0x63, 0x5E, 0x3C, 0x3D, 0x4A, 0xE6, 0x7F, 0x3C,
    0xDC, 0x03, 0x00, 0x00, 0x18, 0x0D, 0x00, 0x00, 0xF4, 0x10, 0x00, 0x00, 0x79, 0xE3, 0x55, 0x3E,
    0x5B, 0x57, 0x73, 0x3C, 0xE0, 0x1F, 0x33, 0x3D, 0x89, 0x07, 0x98, 0x3D, 0x6B, 0x29, 0xB3, 0x3D,
    0x89, 0x07, 0x98, 0x3D, 0xE0, 0x1F, 0x33, 0x3D, 0x5B, 0x57, 0x73, 0x3C, 0xFC, 0x03, 0x00, 0x00,
    0x56, 0x0D, 0x00, 0x00, 0x52, 0x11, 0x00, 0x00, 0x66, 0xB3, 0x57, 0x3E, 0x80, 0xEB, 0x6D, 0x3C,
    0x45, 0x22, 0x2F, 0x3D, 0x77, 0xA4, 0x94, 0x3D, 0xC4, 0x28, 0xAF, 0x3D, 0x77, 0xA4, 0x94, 0x3D,
    0x45, 0x22, 0x2F, 0x3D, 0x80, 0xEB, 0x6D, 0x3C, 0xAB, 0x04, 0x00, 0x00, 0xA0, 0x0D, 0x00, 0x00,
    0x4B, 0x12, 0x00, 0x00, 0xE3, 0x21, 0x5C, 0x3E, 0x14, 0x22, 0x60, 0x3C, 0x3B, 0xFC, 0x24, 0x3D,
    0x6C, 0x07, 0x8C, 0x3D, 0x69, 0xFD, 0xA4, 0x3D, 0x6C, 0x07, 0x8C, 0x3D, 0x3B, 0xFC, 0x24, 0x3D,
    0x14, 0x22, 0x60, 0x3C, 0x7F, 0x04, 0x00, 0x00, 0x88, 0x0E, 0x00, 0x00, 0x07, 0x13, 0x00, 0x00,
    0xD4, 0x23, 0x5F, 0x3E, 0xF5, 0x40, 0x56, 0x3C, 0x8F, 0xB6, 0x1D, 0x3D, 0x58, 0xDB, 0x85, 0x3D,
    0x78, 0xB5, 0x9D, 0x3D, 0x58, 0xDB, 0x85, 0x3D, 0x8F, 0xB6, 0x1D, 0x3D, 0xF5, 0x40, 0x56, 0x3C,
    0x5D, 0x04, 0x00, 0x00, 0xC6, 0x0F, 0x00, 0x00, 0x23, 0x14, 0x00, 0x00, 0x85, 0x2A, 0x63, 0x3E,
    0xC9, 0x25, 0x48, 0x3C, 0x5E, 0x54, 0x13, 0x3D, 0x7C, 0x16, 0x7A, 0x3D, 0x74, 0x51, 0x93, 0x3D,
    0x7C, 0x16, 0x7A, 0x3D, 0x5E, 0x54, 0x13, 0x3D, 0xC9, 0x25, 0x48, 0x3C, 0x95, 0xDC, 0xF9, 0x3C,
    0xF4, 0xF2, 0x00, 0x3D, 0x8E, 0xA6, 0x03, 0x3D, 0x78, 0x1E, 0x04, 0x3D, 0xE3, 0x32, 0x04, 0x3D,
    0x6C, 0xA4, 0x06, 0x3D, 0x96, 0x74, 0x07, 0x3D, 0x46, 0x40, 0x08, 0x3D, 0x01, 0x05, 0x0A, 0xBD,
    0x06, 0xE2, 0x0C, 0xBD, 0x11, 0x15, 0x0E, 0xBD, 0x08, 0x21, 0x10, 0xBD, 0xDC, 0x00, 0x11, 0xBD,
    0xF7, 0x33, 0x13, 0xBD, 0x44, 0xC2, 0x14, 0xBD, 0xCD, 0xF3, 0x16, 0xBD, 0x95, 0xDC, 0xF9, 0x3C,
    0xF4, 0xF2, 0x00, 0x3D, 0x8E, 0xA6, 0x03, 0x3D, 0x78, 0x1E, 0x04, 0x3D, 0xE3, 0x32, 0x04, 0xBD,
    0x6C, 0xA4, 0x06, 0xBD, 0x96, 0x74, 0x07, 0xBD, 0x46, 0x40, 0x08, 0xBD, 0x01, 0x05, 0x0A, 0x3D,
    0x06, 0xE2, 0x0C, 0x3D, 0x11, 0x15, 0x0E, 0x3D, 0x08, 0x21, 0x10, 0x3D, 0xDC, 0x00, 0x11, 0xBD,
    0xF7, 0x33, 0x13, 0xBD, 0x44, 0xC2, 0x14, 0xBD, 0xCD, 0xF3, 0x16, 0xBD, 0x95, 0xDC, 0xF9, 0xBC,
    0xF4, 0xF2, 0x00, 0xBD, 0x8E, 0xA6, 0x03, 0xBD, 0x78, 0x1E, 0x04, 0xBD, 0xE3, 0x32, 0x04, 0x3D,
    0x6C, 0xA4, 0x06, 0x3D, 0x96, 0x74, 0x07, 0x3D, 0x46, 0x40, 0x08, 0x3D, 0x01, 0x05, 0x0A, 0x3D,
    0x06, 0xE2, 0x0C, 0x3D, 0x11, 0x15, 0x0E, 0x3D, 0x08, 0x21, 0x10, 0x3D, 0xDC, 0x00, 0x11, 0xBD,
    0xF7, 0x33, 0x13, 0xBD, 0x44, 0xC2, 0x14, 0xBD, 0xCD, 0xF3, 0x16, 0xBD, 0x95, 0xDC, 0xF9, 0x3C,
    0xF4, 0xF2, 0x00, 0x3D, 0x8E, 0xA6, 0x03, 0xBD, 0x78, 0x1E, 0x04, 0xBD, 0xE3, 0x32, 0x04, 0x3D,
    0x6C, 0xA4, 0x06, 0x3D, 0x96, 0x74, 0x07, 0xBD, 0x46, 0x40, 0x08, 0xBD, 0x01, 0x05, 0x0A, 0x3D,
    0x06, 0xE2, 0x0C, 0x3D, 0x11, 0x15, 0x0E, 0xBD, 0x08, 0x21, 0x10, 0xBD, 0xDC, 0x00, 0x11, 0x3D,
    0xF7, 0x33, 0x13, 0x3D, 0x44, 0xC2, 0x14, 0xBD, 0xCD, 0xF3, 0x16, 0xBD, 0x95, 0xDC, 0xF9, 0xBC,
    0xF4, 0xF2, 0x00, 0xBD, 0x8E, 0xA6, 0x03, 0x3D, 0x78, 0x1E, 0x04, 0x3D, 0xE3, 0x32, 0x04, 0xBD,
    0x6C, 0xA4, 0x06, 0xBD, 0x96, 0x74, 0x07, 0x3D, 0x46, 0x40, 0x08, 0x3D, 0x01, 0x05, 0x0A, 0x3D,
    0x06, 0xE2, 0x0C, 0x3D, 0x11, 0x15, 0x0E, 0xBD, 0x08, 0x21, 0x10, 0xBD, 0xDC, 0x00, 0x11, 0x3D,
    0xF7, 0x33, 0x13, 0x3D, 0x44, 0xC2, 0x14, 0xBD, 0xCD, 0xF3, 0x16, 0xBD, 0x95, 0xDC, 0xF9, 0xBC,
    0xF4, 0xF2, 0x00, 0xBD, 0x8E, 0xA6, 0x03, 0x3D, 0x78, 0x1E, 0x04, 0x3D, 0xE3, 0x32, 0x04, 0x3D,
    0x6C, 0xA4, 0x06, 0x3D, 0x96, 0x74, 0x07, 0xBD, 0x46, 0x40, 0x08, 0xBD, 0x01, 0x05, 0x0A, 0xBD,
    0x06, 0xE2, 0x0C, 0xBD, 0x11, 0x15, 0x0E, 0x3D, 0x08, 0x21, 0x10, 0x3D, 0xDC, 0x00, 0x11, 0x3D,
    0xF7, 0x33, 0x13, 0x3D, 0x44, 0xC2, 0x14, 0xBD, 0xCD, 0xF3, 0x16, 0xBD, 0x95, 0xDC, 0xF9, 0x3C,
    0xF4, 0xF2, 0x00, 0x3D, 0x8E, 0xA6, 0x03, 0xBD, 0x78, 0x1E, 0x04, 0xBD, 0xE3, 0x32, 0x04, 0xBD,
    0x6C, 0xA4, 0x06, 0xBD, 0x96, 0x74, 0x07, 0x3D, 0x46, 0x40, 0x08, 0x3D, 0x01, 0x05, 0x0A, 0xBD,
    0x06, 0xE2, 0x0C, 0xBD, 0x11, 0x15, 0x0E, 0x3D, 0x08, 0x21, 0x10, 0x3D, 0xDC, 0x00, 0x11, 0x3D,
    0xF7, 0x33, 0x13, 0x3D, 0x44, 0xC2, 0x14, 0xBD, 0xCD, 0xF3, 0x16, 0xBD, 0x95, 0xDC, 0xF9, 0xBC,
    0xF4, 0xF2, 0x00, 0x3D, 0x8E, 0xA6, 0x03, 0x3D, 0x78, 0x1E, 0x04, 0xBD, 0xE3, 0x32, 0x04, 0xBD,
    0x6C, 0xA4, 0x06, 0x3D, 0x96, 0x74, 0x07, 0x3D, 0x46, 0x40, 0x08, 0xBD, 0x01, 0x05, 0x0A, 0xBD,
    0x06, 0xE2, 0x0C, 0x3D, 0x11, 0x15, 0x0E, 0x3D, 0x08, 0x21, 0x10, 0xBD, 0xDC, 0x00, 0x11, 0xBD,
    0xF7, 0x33, 0x13, 0x3D, 0x44, 0xC2, 0x14, 0x3D, 0xCD, 0xF3, 0x16, 0xBD, 0x89, 0x01, 0x00, 0x00,
    0x93, 0x00, 0x00, 0x00, 0xA1, 0x02, 0x00, 0x00, 0x30, 0x00, 0x00, 0x00, 0xFA, 0x36, 0x00, 0xC1,
    0x00, 0x00, 0x00, 0x00, 0x00, 0x00, 0x00, 0x00, 0xD7, 0x74, 0x8C, 0xC0, 0x00, 0x00, 0x00, 0x00,
    0x4C, 0x41, 0xF2, 0x3F, 0xA7, 0xA6, 0xA3, 0xC0, 0x67, 0x71, 0x46, 0x40, 0x01, 0x00, 0x00, 0x40,
    0x00, 0x00, 0x00, 0x00, 0x00, 0x00, 0x00, 0x00, 0x00, 0x00, 0x00, 0x00, 0x00, 0x00, 0x00, 0x00,
    0x00, 0x00, 0x00, 0x00, 0xFF, 0xFF, 0xBF, 0xC0, 0x00, 0x00, 0x00, 0x00, 0xE4, 0x38, 0x1F, 0xC1,
    0x00, 0x00, 0x40, 0xC0, 0x00, 0x00, 0xB8, 0xC1, 0x00, 0x00, 0x40, 0xC0, 0x00, 0x00, 0x00, 0x00,
    0x00, 0x00, 0xA0, 0xC1, 0x00, 0x00, 0x68, 0xC1, 0x00, 0x00, 0x40, 0xC0, 0x00, 0x00, 0xF0, 0xC0,
    0x00, 0x00, 0x40, 0xC0, 0x00, 0x00, 0xB0, 0xC0, 0x00, 0x00, 0x40, 0xC0, 0x00, 0x00, 0xC0, 0xBF,
    0x00, 0x00, 0xC0, 0xC0, 0x00, 0x00, 0x00, 0x00, 0x00, 0x00, 0x00, 0x00, 0x00, 0x00, 0x00, 0x00,
}};

alignas(4) constexpr std::array<std::uint8_t, 7568> kXinnSpreset_2in6_4 = {{
    0x11, 0x00, 0x00, 0x00, 0x20, 0x00, 0x00, 0x00, 0x00, 0xA0, 0x0C, 0x46, 0x70, 0x03, 0x06, 0xC0,
    0x66, 0x66, 0x86, 0x3F, 0xE4, 0x38, 0xCE, 0x3E, 0x56, 0x55, 0x35, 0xBF, 0x4A, 0x00, 0x00, 0x00,
    0x10, 0x22, 0x0F, 0x3F, 0xCC, 0x00, 0x00, 0x00, 0x89, 0x91, 0x66, 0x3E, 0x25, 0x02, 0x00, 0x00,
    0xE8, 0xDE, 0x61, 0x3D, 0x34, 0x06, 0x00, 0x00, 0x23, 0xCE, 0x65, 0x3D, 0x3B, 0x06, 0x00, 0x00,
    0xFB, 0xAA, 0xE2, 0x3C, 0x48, 0x06, 0x00, 0x00, 0x1C, 0x1C, 0xF7, 0xBC, 0xA4, 0x06, 0x00, 0x00,
    0x01, 0x96, 0xA9, 0xBC, 0xFE, 0x06, 0x00, 0x00, 0x26, 0x59, 0x80, 0x3C, 0x4E, 0x07, 0x00, 0x00,
    0x57, 0x88, 0x39, 0xBC, 0xA0, 0x07, 0x00, 0x00, 0xDE, 0x65, 0xB2, 0x3C, 0xE0, 0x07, 0x00, 0x00,
    0x04, 0x77, 0x3B, 0xBC, 0x2A, 0x08, 0x00, 0x00, 0xEE, 0x63, 0x3F, 0x3C, 0xAA, 0x08, 0x00, 0x00,
    0x94, 0x29, 0x8A, 0xBC, 0x2A, 0x09, 0x00, 0x00, 0x39, 0x91, 0x49, 0x3C, 0x5B, 0x09, 0x00, 0x00,
    0x17, 0xA9, 0x45, 0x3C, 0x9B, 0x09, 0x00, 0x00, 0xA8, 0x54, 0xC6, 0xBC, 0xD9, 0x09, 0x00, 0x00,
    0x9A, 0x49, 0x6F, 0x3C, 0xFD, 0x09, 0x00, 0x00, 0x83, 0x88, 0x93, 0x3C, 0x34, 0x0A, 0x00, 0x00,
    0xEA, 0xD7, 0x8F, 0x3C, 0x85, 0x0A, 0x00, 0x00, 0x54, 0x56, 0x72, 0x3C, 0xA9, 0x0A, 0x00, 0x00,
    0x85, 0xD1, 0x28, 0xBC, 0xEF, 0x0A, 0x00, 0x00, 0xC6, 0x43, 0x4A, 0xBC, 0x50, 0x0B, 0x00, 0x00,
    0x9C, 0x83, 0xCE, 0xBB, 0x76, 0x0B, 0x00, 0x00, 0x92, 0x7D, 0x0A, 0xBC, 0x93, 0x0B, 0x00, 0x00,
    0x59, 0xBC, 0x5A, 0x3C, 0xB6, 0x0B, 0x00, 0x00, 0xAB, 0xC3, 0x3C, 0xBC, 0xD9, 0x0B, 0x00, 0x00,
    0x98, 0xDA, 0x33, 0x3C, 0xED, 0x0B, 0x00, 0x00, 0x5B, 0x8C, 0x6C, 0xBC, 0x28, 0x0C, 0x00, 0x00,
    0x39, 0xCD, 0x46, 0xBC, 0x3C, 0x0C, 0x00, 0x00, 0xEE, 0x8C, 0x1D, 0xBC, 0x4E, 0x0C, 0x00, 0x00,
    0x14, 0xFD, 0x29, 0x3C, 0x59, 0x0C, 0x00, 0x00, 0x35, 0xE2, 0x13, 0xBC, 0x00, 0x00, 0x00, 0x00,
    0x00, 0x00, 0x00, 0x00, 0x00, 0x00, 0x00, 0x00, 0x00, 0x00, 0x00, 0x00, 0x00, 0x00, 0x00, 0x00,
    0x00, 0x00, 0x00, 0x00, 0x00, 0x00, 0x00, 0x00, 0x00, 0x00, 0x00, 0x00, 0x00, 0x00, 0x00, 0x00,
    0x00, 0x00, 0x00, 0x00, 0x00, 0x00, 0x00, 0x00, 0x00, 0x00, 0x00, 0x00, 0x00, 0x00, 0x00, 0x00,
    0x00, 0x00, 0x00, 0x00, 0x00, 0x00, 0x00, 0x00, 0x00, 0x00, 0x00, 0x00, 0x00, 0x00, 0x00, 0x00,
    0x00, 0x00, 0x00, 0x00, 0x00, 0x00, 0x00, 0x00, 0x00, 0x00, 0x00, 0x00, 0x00, 0x00, 0x00, 0x00,
    0x00, 0x00, 0x00, 0x00, 0x00, 0x00, 0x00, 0x00, 0x00, 0x00, 0x00, 0x00, 0x00, 0x00, 0x00, 0x00,
    0x00, 0x00, 0x00, 0x00, 0x00, 0x00, 0x00, 0x00, 0x00, 0x00, 0x00, 0x00, 0x00, 0x00, 0x00, 0x00,
    0x00, 0x00, 0x00, 0x00, 0x00, 0x00, 0x00, 0x00, 0x00, 0x00, 0x00, 0x00, 0xB0, 0x00, 0x00, 0x00,
    0x95, 0xF4, 0xEB, 0x3D, 0x23, 0x01, 0x00, 0x00, 0x15, 0xB5, 0x02, 0x3E, 0xA6, 0x04, 0x00, 0x00,
    0x1C, 0x3C, 0xD6, 0x3C, 0xDC, 0x04, 0x00, 0x00, 0xE4, 0x9F, 0x1C, 0x3D, 0x0A, 0x05, 0x00, 0x00,
    0x10, 0x61, 0x29, 0x3D, 0x49, 0x05, 0x00, 0x00, 0x82, 0x9A, 0xB2, 0xBC, 0x4B, 0x05, 0x00, 0x00,
    0x21, 0x15, 0xD2, 0x3C, 0x4D, 0x05, 0x00, 0x00, 0x7A, 0x65, 0xC8, 0xBC, 0x7B, 0x05, 0x00, 0x00,
    0x11, 0xC4, 0x19, 0x3D, 0xF8, 0x05, 0x00, 0x00, 0x91, 0xBA, 0x08, 0x3D, 0xFA, 0x05, 0x00, 0x00,
    0x05, 0xF9, 0xDA, 0xBC, 0x3B, 0x06, 0x00, 0x00, 0x40, 0x9B, 0x41, 0xBC, 0xB7, 0x06, 0x00, 0x00,
    0x68, 0x06, 0x4E, 0xBC, 0x28, 0x07, 0x00, 0x00, 0xA2, 0x53, 0xA2, 0xBC, 0x44, 0x07, 0x00, 0x00,
    0xD7, 0x70, 0x8B, 0x3C, 0x4A, 0x07, 0x00, 0x00, 0x0B, 0xAA, 0x9A, 0x3C, 0x58, 0x07, 0x00, 0x00,
    0x8B, 0x41, 0xB4, 0x3C, 0x5B, 0x07, 0x00, 0x00, 0xF0, 0x1F, 0x02, 0xBD, 0x5F, 0x07, 0x00, 0x00,
    0x5B, 0xC4, 0xA1, 0x3C, 0x6B, 0x07, 0x00, 0x00, 0x36, 0x0E, 0x8D, 0x3C, 0x84, 0x07, 0x00, 0x00,
    0x59, 0xBC, 0x5A, 0x3C, 0xC9, 0x07, 0x00, 0x00, 0xC3, 0x34, 0x63, 0xBC, 0x1C, 0x08, 0x00, 0x00,
    0xFC, 0x17, 0x6D, 0xBC, 0x69, 0x08, 0x00, 0x00, 0x9B, 0x7F, 0x68, 0x3C, 0x26, 0x09, 0x00, 0x00,
    0xA5, 0xFF, 0x5B, 0xBC, 0x43, 0x09, 0x00, 0x00, 0xD8, 0x94, 0x52, 0xBC, 0x4B, 0x09, 0x00, 0x00,
    0x38, 0x4D, 0x7C, 0x3C, 0x8C, 0x09, 0x00, 0x00, 0x25, 0xB8, 0x47, 0xBC, 0xC8, 0x09, 0x00, 0x00,
    0xE1, 0x90, 0x36, 0xBC, 0x09, 0x0A, 0x00, 0x00, 0xC7, 0x6A, 0x0C, 0xBC, 0x0C, 0x0A, 0x00, 0x00,
    0xFC, 0xC5, 0x2A, 0x3C, 0x1A, 0x0A, 0x00, 0x00, 0xA1, 0xDA, 0x3D, 0x3C, 0x00, 0x00, 0x00, 0x00,
    0x00, 0x00, 0x00, 0x00, 0x00, 0x00, 0x00, 0x00, 0x00, 0x00, 0x00, 0x00, 0x00, 0x00, 0x00, 0x00,
    0x00, 0x00, 0x00, 0x00, 0x00, 0x00, 0x00, 0x00, 0x00, 0x00, 0x00, 0x00, 0x00, 0x00, 0x00, 0x00,
    0x00, 0x00, 0x00, 0x00, 0x00, 0x00, 0x00, 0x00, 0x00, 0x00, 0x00, 0x00, 0x00, 0x00, 0x00, 0x00,
    0x00, 0x00, 0x00, 0x00, 0x00, 0x00, 0x00, 0x00, 0x00, 0x00, 0x00, 0x00, 0x00, 0x00, 0x00, 0x00,
    0x00, 0x00, 0x00, 0x00, 0x00, 0x00, 0x00, 0x00, 0x00, 0x00, 0x00, 0x00, 0x00, 0x00, 0x00, 0x00,
    0x00, 0x00, 0x00, 0x00, 0x00, 0x00, 0x00, 0x00, 0x00, 0x00, 0x00, 0x00, 0x00, 0x00, 0x00, 0x00,
    0x00, 0x00, 0x00, 0x00, 0x00, 0x00, 0x00, 0x00, 0x00, 0x00, 0x00, 0x00, 0x00, 0x00, 0x00, 0x00,
    0x00, 0x00, 0x00, 0x00, 0x00, 0x00, 0x00, 0x00, 0x00, 0x00, 0x00, 0x00, 0xAB, 0x00, 0x00, 0x00,
    0x95, 0xF4, 0xEB, 0x3D, 0x1E, 0x01, 0x00, 0x00, 0xA7, 0x86, 0xAB, 0x3D, 0x57, 0x02, 0x00, 0x00,
    0x57, 0xB2, 0x04, 0xBD, 0x14, 0x05, 0x00, 0x00, 0x8B, 0x08, 0xC4, 0x3D, 0x17, 0x05, 0x00, 0x00,
    0xBC, 0x19, 0xBC, 0xBC, 0xB5, 0x05, 0x00, 0x00, 0x06, 0xED, 0x2C, 0x3D, 0xC7, 0x05, 0x00, 0x00,
    0x3B, 0x1A, 0xC6, 0xBC, 0xDE, 0x05, 0x00, 0x00, 0xE5, 0xD7, 0x0E, 0x3D, 0x63, 0x06, 0x00, 0x00,
    0xCC, 0x37, 0x8D, 0xBC, 0x38, 0x07, 0x00, 0x00, 0x50, 0x0B, 0x00, 0x3D, 0x3E, 0x07, 0x00, 0x00,
    0x33, 0xAD, 0x09, 0x3D, 0x62, 0x07, 0x00, 0x00, 0x54, 0xFF, 0x9E, 0x3C, 0xE8, 0x07, 0x00, 0x00,
    0xC8, 0xF5, 0x8A, 0x3C, 0x0D, 0x08, 0x00, 0x00, 0xE0, 0x01, 0x91, 0xBC, 0x6B, 0x08, 0x00, 0x00,
    0xE8, 0xA3, 0x6D, 0x3C, 0xBB, 0x08, 0x00, 0x00, 0x99, 0x18, 0x84, 0xBC, 0x27, 0x09, 0x00, 0x00,
    0xC7, 0xB7, 0x98, 0xBC, 0x4E, 0x09, 0x00, 0x00, 0x81, 0x08, 0x8E, 0xBC, 0x7A, 0x09, 0x00, 0x00,
    0xD1, 0xF0, 0x80, 0xBC, 0x7E, 0x09, 0x00, 0x00, 0x05, 0xA8, 0x27, 0x3C, 0xA7, 0x09, 0x00, 0x00,
    0x23, 0x6E, 0x67, 0xBC, 0xCE, 0x09, 0x00, 0x00, 0x1D, 0x3B, 0x68, 0xBC, 0xFF, 0x09, 0x00, 0x00,
    0x1D, 0xBB, 0x59, 0xBC, 0x0F, 0x0A, 0x00, 0x00, 0x63, 0x32, 0x8E, 0x3C, 0x3C, 0x0A, 0x00, 0x00,
    0x88, 0x40, 0x5C, 0xBC, 0x3E, 0x0A, 0x00, 0x00, 0x95, 0xC7, 0x85, 0x3C, 0x99, 0x0A, 0x00, 0x00,
    0x2E, 0xB1, 0x4F, 0x3C, 0x09, 0x0B, 0x00, 0x00, 0x4A, 0x1C, 0x20, 0xBC, 0x1D, 0x0B, 0x00, 0x00,
    0x5C, 0x07, 0x24, 0xBC, 0x2C, 0x0B, 0x00, 0x00, 0xBE, 0xC1, 0x55, 0x3C, 0x39, 0x0B, 0x00, 0x00,
    0xD2, 0xF1, 0x62, 0x3C, 0x49, 0x0B, 0x00, 0x00, 0x96, 0x4C, 0xA6, 0x3C, 0x00, 0x00, 0x00, 0x00,
    0x00, 0x00, 0x00, 0x00, 0x00, 0x00, 0x00, 0x00, 0x00, 0x00, 0x00, 0x00, 0x00, 0x00, 0x00, 0x00,
    0x00, 0x00, 0x00, 0x00, 0x00, 0x00, 0x00, 0x00, 0x00, 0x00, 0x00, 0x00, 0x00, 0x00, 0x00, 0x00,
    0x00, 0x00, 0x00, 0x00, 0x00, 0x00, 0x00, 0x00, 0x00, 0x00, 0x00, 0x00, 0x00, 0x00, 0x00, 0x00,
    0x00, 0x00, 0x00, 0x00, 0x00, 0x00, 0x00, 0x00, 0x00, 0x00, 0x00, 0x00, 0x00, 0x00, 0x00, 0x00,
    0x00, 0x00, 0x00, 0x00, 0x00, 0x00, 0x00, 0x00, 0x00, 0x00, 0x00, 0x00, 0x00, 0x00, 0x00, 0x00,
    0x00, 0x00, 0x00, 0x00, 0x00, 0x00, 0x00, 0x00, 0x00, 0x00, 0x00, 0x00, 0x00, 0x00, 0x00, 0x00,
    0x00, 0x00, 0x00, 0x00, 0x00, 0x00, 0x00, 0x00, 0x00, 0x00, 0x00, 0x00, 0x00, 0x00, 0x00, 0x00,
    0x00, 0x00, 0x00, 0x00, 0x00, 0x00, 0x00, 0x00, 0x00, 0x00, 0x00, 0x00, 0x45, 0x00, 0x00, 0x00,
    0x10, 0x22, 0x0F, 0x3F, 0xCC, 0x00, 0x00, 0x00, 0x24, 0xAF, 0x56, 0x3E, 0x23, 0x01, 0x00, 0x00,
    0xEC, 0xBB, 0x68, 0xBD, 0x87, 0x01, 0x00, 0x00, 0x42, 0x16, 0x04, 0x3D, 0x2B, 0x05, 0x00, 0x00,
    0x01, 0xFE, 0x63, 0x3C, 0xDB, 0x05, 0x00, 0x00, 0x8F, 0x1B, 0x7B, 0x3D, 0xDE, 0x05, 0x00, 0x00,
    0x8B, 0x41, 0xB4, 0xBC, 0xE0, 0x05, 0x00, 0x00, 0xCC, 0xD5, 0x09, 0x3D, 0xF3, 0x05, 0x00, 0x00,
    0x1C, 0x3C, 0xD6, 0x3C, 0x08, 0x06, 0x00, 0x00, 0x12, 0xF7, 0xD8, 0x3C, 0x17, 0x06, 0x00, 0x00,
    0xE3, 0x4A, 0xE5, 0xBC, 0x44, 0x06, 0x00, 0x00, 0x74, 0x10, 0xCD, 0xBC, 0x75, 0x06, 0x00, 0x00,
    0x87, 0xBA, 0xD6, 0xBC, 0x96, 0x06, 0x00, 0x00, 0xC1, 0x5B, 0x9D, 0x3C, 0xC7, 0x06, 0x00, 0x00,
    0x52, 0xA6, 0x6A, 0xBC, 0x32, 0x07, 0x00, 0x00, 0x30, 0xDD, 0x60, 0xBC, 0x9E, 0x07, 0x00, 0x00,
    0x83, 0xB8, 0xDA, 0xBC, 0xA0, 0x07, 0x00, 0x00, 0x4C, 0x45, 0xD4, 0x3C, 0xC2, 0x07, 0x00, 0x00,
    0x24, 0xD8, 0xF4, 0x3C, 0xD3, 0x07, 0x00, 0x00, 0x52, 0xDA, 0x06, 0xBD, 0x7F, 0x08, 0x00, 0x00,
    0x8A, 0x1D, 0x70, 0x3C, 0xA7, 0x08, 0x00, 0x00, 0x49, 0xFB, 0x59, 0xBC, 0x64, 0x09, 0x00, 0x00,
    0x96, 0x04, 0xCA, 0xBC, 0x98, 0x09, 0x00, 0x00, 0x26, 0x90, 0x6F, 0x3C, 0x09, 0x0A, 0x00, 0x00,
    0x81, 0x4D, 0x69, 0xBC, 0x28, 0x0A, 0x00, 0x00, 0x7B, 0x6C, 0x88, 0x3C, 0x89, 0x0A, 0x00, 0x00,
    0xB7, 0xBC, 0x6E, 0x3C, 0xCC, 0x0A, 0x00, 0x00, 0xAD, 0xD7, 0x76, 0xBC, 0x0F, 0x0B, 0x00, 0x00,
    0x55, 0x92, 0x69, 0x3C, 0x15, 0x0B, 0x00, 0x00, 0x8A, 0x1D, 0x70, 0x3C, 0x2F, 0x0B, 0x00, 0x00,
    0x25, 0x76, 0x6B, 0xBC, 0x45, 0x0B, 0x00, 0x00, 0x54, 0x56, 0x72, 0xBC, 0x00, 0x00, 0x00, 0x00,
    0x00, 0x00, 0x00, 0x00, 0x00, 0x00, 0x00, 0x00, 0x00, 0x00, 0x00, 0x00, 0x00, 0x00, 0x00, 0x00,
    0x00, 0x00, 0x00, 0x00, 0x00, 0x00, 0x00, 0x00, 0x00, 0x00, 0x00, 0x00, 0x00, 0x00, 0x00, 0x00,
    0x00, 0x00, 0x00, 0x00, 0x00, 0x00, 0x00, 0x00, 0x00, 0x00, 0x00, 0x00, 0x00, 0x00, 0x00, 0x00,
    0x00, 0x00, 0x00, 0x00, 0x00, 0x00, 0x00, 0x00, 0x00, 0x00, 0x00, 0x00, 0x00, 0x00, 0x00, 0x00,
    0x00, 0x00, 0x00, 0x00, 0x00, 0x00, 0x00, 0x00, 0x00, 0x00, 0x00, 0x00, 0x00, 0x00, 0x00, 0x00,
    0x00, 0x00, 0x00, 0x00, 0x00, 0x00, 0x00, 0x00, 0x00, 0x00, 0x00, 0x00, 0x00, 0x00, 0x00, 0x00,
    0x00, 0x00, 0x00, 0x00, 0x00, 0x00, 0x00, 0x00, 0x00, 0x00, 0x00, 0x00, 0x00, 0x00, 0x00, 0x00,
    0x00, 0x00, 0x00, 0x00, 0x00, 0x00, 0x00, 0x00, 0x00, 0x00, 0x00, 0x00, 0x8A, 0x00, 0x00, 0x00,
    0x11, 0xAB, 0x55, 0x3F, 0x8A, 0x01, 0x00, 0x00, 0xF4, 0x2D, 0x5B, 0x3E, 0x6C, 0x02, 0x00, 0x00,
    0x44, 0x11, 0xB9, 0x3D, 0x8E, 0x02, 0x00, 0x00, 0xE0, 0x13, 0x6A, 0xBD, 0xE8, 0x02, 0x00, 0x00,
    0xD5, 0x85, 0x4D, 0xBD, 0x80, 0x03, 0x00, 0x00, 0x61, 0x3E, 0x34, 0xBD, 0x4D, 0x04, 0x00, 0x00,
    0x2F, 0x28, 0xFD, 0xBC, 0x66, 0x05, 0x00, 0x00, 0x3D, 0xCE, 0xBA, 0x3C, 0xEB, 0x05, 0x00, 0x00,
    0xBE, 0xB3, 0x35, 0x3D, 0x54, 0x06, 0x00, 0x00, 0x81, 0x27, 0x87, 0x3D, 0x57, 0x06, 0x00, 0x00,
    0x50, 0x0B, 0x00, 0xBD, 0x61, 0x06, 0x00, 0x00, 0x71, 0xF9, 0xF5, 0xBC, 0x6C, 0x06, 0x00, 0x00,
    0x10, 0xA5, 0xA7, 0x3C, 0x1A, 0x07, 0x00, 0x00, 0xE5, 0x11, 0x95, 0x3C, 0xB3, 0x07, 0x00, 0x00,
    0x0F, 0x5D, 0x93, 0xBC, 0xC0, 0x07, 0x00, 0x00, 0x44, 0xF8, 0x96, 0x3C, 0x06, 0x08, 0x00, 0x00,
    0x44, 0xF8, 0x96, 0x3C, 0x11, 0x08, 0x00, 0x00, 0x15, 0x06, 0xA1, 0x3C, 0x39, 0x08, 0x00, 0x00,
    0x81, 0x95, 0x82, 0xBC, 0x94, 0x08, 0x00, 0x00, 0x54, 0x56, 0x72, 0x3C, 0xB9, 0x08, 0x00, 0x00,
    0x47, 0x44, 0x88, 0xBC, 0xCC, 0x08, 0x00, 0x00, 0x20, 0x7E, 0x5B, 0x3C, 0xE5, 0x08, 0x00, 0x00,
    0xD5, 0xA1, 0x66, 0x3C, 0x23, 0x09, 0x00, 0x00, 0x10, 0xA5, 0xA7, 0xBC, 0x48, 0x09, 0x00, 0x00,
    0x8A, 0x39, 0xA8, 0xBC, 0x79, 0x09, 0x00, 0x00, 0x55, 0x92, 0x69, 0xBC, 0x8A, 0x09, 0x00, 0x00,
    0x97, 0x0D, 0x80, 0x3C, 0xBB, 0x09, 0x00, 0x00, 0x71, 0x57, 0x91, 0x3C, 0xCC, 0x09, 0x00, 0x00,
    0x1E, 0xA4, 0x48, 0xBC, 0x52, 0x0A, 0x00, 0x00, 0x93, 0x5E, 0x89, 0xBC, 0x63, 0x0A, 0x00, 0x00,
    0x50, 0x86, 0x8E, 0x3C, 0x72, 0x0A, 0x00, 0x00, 0xD0, 0x78, 0x85, 0xBC, 0x00, 0x00, 0x00, 0x00,
    0x00, 0x00, 0x00, 0x00, 0x00, 0x00, 0x00, 0x00, 0x00, 0x00, 0x00, 0x00, 0x00, 0x00, 0x00, 0x00,
    0x00, 0x00, 0x00, 0x00, 0x00, 0x00, 0x00, 0x00, 0x00, 0x00, 0x00, 0x00, 0x00, 0x00, 0x00, 0x00,
    0x00, 0x00, 0x00, 0x00, 0x00, 0x00, 0x00, 0x00, 0x00, 0x00, 0x00, 0x00, 0x00, 0x00, 0x00, 0x00,
    0x00, 0x00, 0x00, 0x00, 0x00, 0x00, 0x00, 0x00, 0x00, 0x00, 0x00, 0x00, 0x00, 0x00, 0x00, 0x00,
    0x00, 0x00, 0x00, 0x00, 0x00, 0x00, 0x00, 0x00, 0x00, 0x00, 0x00, 0x00, 0x00, 0x00, 0x00, 0x00,
    0x00, 0x00, 0x00, 0x00, 0x00, 0x00, 0x00, 0x00, 0x00, 0x00, 0x00, 0x00, 0x00, 0x00, 0x00, 0x00,
    0x00, 0x00, 0x00, 0x00, 0x00, 0x00, 0x00, 0x00, 0x00, 0x00, 0x00, 0x00, 0x00, 0x00, 0x00, 0x00,
    0x00, 0x00, 0x00, 0x00, 0x00, 0x00, 0x00, 0x00, 0x00, 0x00, 0x00, 0x00, 0xA5, 0x00, 0x00, 0x00,
    0x06, 0x4B, 0x22, 0x3E, 0xA0, 0x01, 0x00, 0x00, 0xCE, 0x00, 0x47, 0x3D, 0x2A, 0x02, 0x00, 0x00,
    0x85, 0x25, 0x85, 0x3D, 0x75, 0x03, 0x00, 0x00, 0x56, 0x5A, 0x1F, 0xBD, 0x00, 0x04, 0x00, 0x00,
    0xEA, 0x4C, 0xCD, 0x3C, 0x20, 0x05, 0x00, 0x00, 0x5B, 0xEF, 0x03, 0xBD, 0x8C, 0x05, 0x00, 0x00,
    0xCF, 0xC9, 0xF8, 0x3D, 0x8E, 0x05, 0x00, 0x00, 0x94, 0x37, 0xB8, 0xBD, 0xBB, 0x05, 0x00, 0x00,
    0xE9, 0x8A, 0x06, 0xBD, 0xEB, 0x05, 0x00, 0x00, 0xE1, 0x3A, 0x84, 0x3D, 0x4E, 0x06, 0x00, 0x00,
    0x4B, 0x1C, 0x0B, 0x3D, 0x9B, 0x06, 0x00, 0x00, 0xB0, 0x8B, 0x74, 0x3D, 0x9D, 0x06, 0x00, 0x00,
    0x40, 0x62, 0x21, 0xBD, 0x33, 0x07, 0x00, 0x00, 0x10, 0xF4, 0x87, 0x3C, 0x36, 0x07, 0x00, 0x00,
    0xFC, 0xA6, 0xF0, 0xBC, 0x48, 0x07, 0x00, 0x00, 0x05, 0xF9, 0xDA, 0xBC, 0x7D, 0x07, 0x00, 0x00,
    0x4D, 0x8E, 0x94, 0xBC, 0xAF, 0x07, 0x00, 0x00, 0x2C, 0xC3, 0xB0, 0x3C, 0xC6, 0x07, 0x00, 0x00,
    0x29, 0x72, 0xEE, 0xBC, 0xCC, 0x07, 0x00, 0x00, 0xAF, 0x73, 0xBB, 0x3C, 0x13, 0x08, 0x00, 0x00,
    0xF1, 0x7A, 0x59, 0xBC, 0x86, 0x08, 0x00, 0x00, 0x64, 0x18, 0x9C, 0x3C, 0xAE, 0x08, 0x00, 0x00,
    0xBC, 0x95, 0xA4, 0xBC, 0xE1, 0x08, 0x00, 0x00, 0x6A, 0xB3, 0x79, 0xBC, 0x04, 0x09, 0x00, 0x00,
    0xA2, 0x68, 0x37, 0x3C, 0x4A, 0x09, 0x00, 0x00, 0xB8, 0xA2, 0x3D, 0xBC, 0xAF, 0x09, 0x00, 0x00,
    0x68, 0x61, 0x2A, 0x3C, 0xC7, 0x09, 0x00, 0x00, 0x1B, 0x01, 0x6C, 0xBC, 0xD7, 0x09, 0x00, 0x00,
    0x07, 0xFD, 0x79, 0xBC, 0x09, 0x0A, 0x00, 0x00, 0x54, 0x82, 0x91, 0x3C, 0x3C, 0x0A, 0x00, 0x00,
    0x9A, 0xE8, 0x14, 0x3C, 0x3F, 0x0A, 0x00, 0x00, 0x5D, 0x86, 0x22, 0xBC, 0x00, 0x00, 0x00, 0x00,
    0x00, 0x00, 0x00, 0x00, 0x00, 0x00, 0x00, 0x00, 0x00, 0x00, 0x00, 0x00, 0x00, 0x00, 0x00, 0x00,
    0x00, 0x00, 0x00, 0x00, 0x00, 0x00, 0x00, 0x00, 0x00, 0x00, 0x00, 0x00, 0x00, 0x00, 0x00, 0x00,
    0x00, 0x00, 0x00, 0x00, 0x00, 0x00, 0x00, 0x00, 0x00, 0x00, 0x00, 0x00, 0x00, 0x00, 0x00, 0x00,
    0x00, 0x00, 0x00, 0x00, 0x00, 0x00, 0x00, 0x00, 0x00, 0x00, 0x00, 0x00, 0x00, 0x00, 0x00, 0x00,
    0x00, 0x00, 0x00, 0x00, 0x00, 0x00, 0x00, 0x00, 0x00, 0x00, 0x00, 0x00, 0x00, 0x00, 0x00, 0x00,
    0x00, 0x00, 0x00, 0x00, 0x00, 0x00, 0x00, 0x00, 0x00, 0x00, 0x00, 0x00, 0x00, 0x00, 0x00, 0x00,
    0x00, 0x00, 0x00, 0x00, 0x00, 0x00, 0x00, 0x00, 0x00, 0x00, 0x00, 0x00, 0x00, 0x00, 0x00, 0x00,
    0x00, 0x00, 0x00, 0x00, 0x00, 0x00, 0x00, 0x00, 0x00, 0x00, 0x00, 0x00, 0xA2, 0x00, 0x00, 0x00,
    0x06, 0x4B, 0x22, 0x3E, 0x9A, 0x01, 0x00, 0x00, 0x1C, 0x15, 0x96, 0x3D, 0x7B, 0x02, 0x00, 0x00,
    0x5B, 0x76, 0x5B, 0x3D, 0xF3, 0x02, 0x00, 0x00, 0x2B, 0xA2, 0xEA, 0x3C, 0xF6, 0x02, 0x00, 0x00,
    0xA9, 0xA7, 0x3B, 0xBD, 0x97, 0x03, 0x00, 0x00, 0xBB, 0x60, 0x01, 0xBD, 0xCA, 0x05, 0x00, 0x00,
    0x05, 0x2F, 0xA4, 0x3D, 0x35, 0x06, 0x00, 0x00, 0xB4, 0x28, 0xE3, 0x3D, 0x42, 0x06, 0x00, 0x00,
    0x50, 0x5B, 0x9B, 0xBD, 0x4E, 0x06, 0x00, 0x00, 0xD4, 0x54, 0xE0, 0x3C, 0x79, 0x06, 0x00, 0x00,
    0x96, 0x4C, 0xA6, 0xBC, 0x8F, 0x06, 0x00, 0x00, 0xB5, 0x59, 0xED, 0xBC, 0x9F, 0x06, 0x00, 0x00,
    0x7C, 0x3C, 0xBB, 0x3C, 0xE3, 0x06, 0x00, 0x00, 0x8C, 0x43, 0xA3, 0xBC, 0xFF, 0x06, 0x00, 0x00,
    0x92, 0x39, 0xDB, 0x3C, 0x16, 0x07, 0x00, 0x00, 0x54, 0x52, 0x8A, 0xBC, 0x6B, 0x07, 0x00, 0x00,
    0x09, 0xE1, 0xF2, 0xBC, 0x92, 0x07, 0x00, 0x00, 0xF3, 0x22, 0xAE, 0xBC, 0xCB, 0x07, 0x00, 0x00,
    0x96, 0x4C, 0xA6, 0x3C, 0x0A, 0x08, 0x00, 0x00, 0xA8, 0xA2, 0x9C, 0xBC, 0x5E, 0x08, 0x00, 0x00,
    0xA0, 0x48, 0x82, 0x3C, 0xB5, 0x08, 0x00, 0x00, 0xB0, 0x48, 0xA0, 0x3C, 0x38, 0x09, 0x00, 0x00,
    0x82, 0xAD, 0xCF, 0xBC, 0x5B, 0x09, 0x00, 0x00, 0xDF, 0x43, 0x55, 0x3C, 0xA6, 0x09, 0x00, 0x00,
    0xA5, 0xFF, 0x5B, 0x3C, 0xE4, 0x09, 0x00, 0x00, 0x93, 0x5E, 0x89, 0xBC, 0x20, 0x0A, 0x00, 0x00,
    0x98, 0x1B, 0xA6, 0x3C, 0x78, 0x0A, 0x00, 0x00, 0x03, 0xA4, 0x87, 0xBC, 0xA0, 0x0A, 0x00, 0x00,
    0x56, 0x70, 0xCF, 0xBC, 0xDA, 0x0A, 0x00, 0x00, 0xBC, 0x30, 0xE3, 0xBC, 0xEE, 0x0A, 0x00, 0x00,
    0xC7, 0x8B, 0x5E, 0x3C, 0xF7, 0x0A, 0x00, 0x00, 0x26, 0xD2, 0x6C, 0xBC, 0x00, 0x00, 0x00, 0x00,
    0x00, 0x00, 0x00, 0x00, 0x00, 0x00, 0x00, 0x00, 0x00, 0x00, 0x00, 0x00, 0x00, 0x00, 0x00, 0x00,
    0x00, 0x00, 0x00, 0x00, 0x00, 0x00, 0x00, 0x00, 0x00, 0x00, 0x00, 0x00, 0x00, 0x00, 0x00, 0x00,
    0x00, 0x00, 0x00, 0x00, 0x00, 0x00, 0x00, 0x00, 0x00, 0x00, 0x00, 0x00, 0x00, 0x00, 0x00, 0x00,
    0x00, 0x00, 0x00, 0x00, 0x00, 0x00, 0x00, 0x00, 0x00, 0x00, 0x00, 0x00, 0x00, 0x00, 0x00, 0x00,
    0x00, 0x00, 0x00, 0x00, 0x00, 0x00, 0x00, 0x00, 0x00, 0x00, 0x00, 0x00, 0x00, 0x00, 0x00, 0x00,
    0x00, 0x00, 0x00, 0x00, 0x00, 0x00, 0x00, 0x00, 0x00, 0x00, 0x00, 0x00, 0x00, 0x00, 0x00, 0x00,
    0x00, 0x00, 0x00, 0x00, 0x00, 0x00, 0x00, 0x00, 0x00, 0x00, 0x00, 0x00, 0x00, 0x00, 0x00, 0x00,
    0x00, 0x00, 0x00, 0x00, 0x00, 0x00, 0x00, 0x00, 0x00, 0x00, 0x00, 0x00, 0x8B, 0x00, 0x00, 0x00,
    0xDA, 0xE6, 0x56, 0x3F, 0x8C, 0x01, 0x00, 0x00, 0x13, 0x05, 0x44, 0x3E, 0x1D, 0x02, 0x00, 0x00,
    0x5E, 0x6A, 0x33, 0x3D, 0x6A, 0x03, 0x00, 0x00, 0xDF, 0x0F, 0xC9, 0x3D, 0x8E, 0x03, 0x00, 0x00,
    0xF9, 0xF9, 0x7B, 0x3D, 0xB1, 0x05, 0x00, 0x00, 0x4C, 0xEA, 0x85, 0x3D, 0xB3, 0x05, 0x00, 0x00,
    0x61, 0x8D, 0x52, 0xBD, 0x0E, 0x06, 0x00, 0x00, 0xC2, 0xF8, 0x6B, 0x3D, 0x10, 0x06, 0x00, 0x00,
    0x4B, 0x1C, 0x0B, 0xBD, 0xBB, 0x06, 0x00, 0x00, 0xC6, 0xAB, 0x26, 0x3D, 0xBD, 0x06, 0x00, 0x00,
    0xC4, 0x79, 0x1A, 0xBD, 0xE9, 0x06, 0x00, 0x00, 0x85, 0x8E, 0xE5, 0x3C, 0x4E, 0x07, 0x00, 0x00,
    0x93, 0xA0, 0xC8, 0x3C, 0x51, 0x07, 0x00, 0x00, 0xD4, 0x54, 0xE0, 0xBC, 0x96, 0x07, 0x00, 0x00,
    0x32, 0xF6, 0xCE, 0xBC, 0xDA, 0x07, 0x00, 0x00, 0x14, 0xFA, 0xA9, 0x3C, 0x13, 0x08, 0x00, 0x00,
    0xD3, 0x34, 0xA4, 0x3C, 0xC1, 0x08, 0x00, 0x00, 0x7B, 0x89, 0xCD, 0xBC, 0x03, 0x09, 0x00, 0x00,
    0xAB, 0xEA, 0xA5, 0xBC, 0x36, 0x09, 0x00, 0x00, 0x8C, 0xEC, 0xB5, 0x3C, 0x6D, 0x09, 0x00, 0x00,
    0xF4, 0x58, 0x8F, 0x3C, 0x13, 0x0A, 0x00, 0x00, 0xB0, 0x48, 0xA0, 0xBC, 0x15, 0x0A, 0x00, 0x00,
    0x84, 0x25, 0xE2, 0x3C, 0x17, 0x0A, 0x00, 0x00, 0x0B, 0xAA, 0x9A, 0xBC, 0x6B, 0x0A, 0x00, 0x00,
    0xBB, 0xAF, 0x92, 0x3C, 0x80, 0x0A, 0x00, 0x00, 0x1E, 0x7B, 0x8A, 0xBC, 0xB3, 0x0A, 0x00, 0x00,
    0xA4, 0x2C, 0xEB, 0xBC, 0x25, 0x0B, 0x00, 0x00, 0x68, 0x2D, 0x9D, 0x3C, 0x49, 0x0B, 0x00, 0x00,
    0x12, 0x6A, 0x08, 0x3D, 0x4D, 0x0B, 0x00, 0x00, 0x2E, 0x8E, 0xE9, 0xBC, 0x50, 0x0B, 0x00, 0x00,
    0xB4, 0x0B, 0x0D, 0x3D, 0x5C, 0x0B, 0x00, 0x00, 0xFC, 0x64, 0xF7, 0xBC, 0x00, 0x00, 0x00, 0x00,
    0x00, 0x00, 0x00, 0x00, 0x00, 0x00, 0x00, 0x00, 0x00, 0x00, 0x00, 0x00, 0x00, 0x00, 0x00, 0x00,
    0x00, 0x00, 0x00, 0x00, 0x00, 0x00, 0x00, 0x00, 0x00, 0x00, 0x00, 0x00, 0x00, 0x00, 0x00, 0x00,
    0x00, 0x00, 0x00, 0x00, 0x00, 0x00, 0x00, 0x00, 0x00, 0x00, 0x00, 0x00, 0x00, 0x00, 0x00, 0x00,
    0x00, 0x00, 0x00, 0x00, 0x00, 0x00, 0x00, 0x00, 0x00, 0x00, 0x00, 0x00, 0x00, 0x00, 0x00, 0x00,
    0x00, 0x00, 0x00, 0x00, 0x00, 0x00, 0x00, 0x00, 0x00, 0x00, 0x00, 0x00, 0x00, 0x00, 0x00, 0x00,
    0x00, 0x00, 0x00, 0x00, 0x00, 0x00, 0x00, 0x00, 0x00, 0x00, 0x00, 0x00, 0x00, 0x00, 0x00, 0x00,
    0x00, 0x00, 0x00, 0x00, 0x00, 0x00, 0x00, 0x00, 0x00, 0x00, 0x00, 0x00, 0x00, 0x00, 0x00, 0x00,
    0x00, 0x00, 0x00, 0x00, 0x00, 0x00, 0x00, 0x00, 0x00, 0x00, 0x00, 0x00, 0xDA, 0x00, 0x00, 0x00,
    0x93, 0x92, 0x33, 0x3F, 0xCD, 0x01, 0x00, 0x00, 0xA6, 0x67, 0x88, 0x3D, 0x37, 0x02, 0x00, 0x00,
    0x28, 0x84, 0xAC, 0x3D, 0xAE, 0x02, 0x00, 0x00, 0xBD, 0x7F, 0x11, 0x3D, 0xCD, 0x02, 0x00, 0x00,
    0x80, 0xB7, 0x14, 0xBD, 0x8C, 0x03, 0x00, 0x00, 0x87, 0xF2, 0x4E, 0x3D, 0x8E, 0x03, 0x00, 0x00,
    0x9C, 0x60, 0x77, 0xBD, 0x7B, 0x04, 0x00, 0x00, 0xB8, 0x78, 0xD7, 0x3C, 0xCD, 0x04, 0x00, 0x00,
    0x28, 0x2F, 0xCB, 0xBC, 0x14, 0x05, 0x00, 0x00, 0xD4, 0x54, 0xE0, 0x3C, 0x60, 0x05, 0x00, 0x00,
    0xAB, 0x42, 0xC0, 0x3C, 0x92, 0x05, 0x00, 0x00, 0xB6, 0x8C, 0xAB, 0xBC, 0x44, 0x06, 0x00, 0x00,
    0x43, 0xF3, 0xAF, 0xBC, 0x7E, 0x06, 0x00, 0x00, 0x66, 0xF9, 0xB6, 0xBC, 0xAC, 0x06, 0x00, 0x00,
    0xE6, 0x83, 0xD4, 0x3C, 0xFF, 0x06, 0x00, 0x00, 0x4F, 0x56, 0xAE, 0xBC, 0x3E, 0x07, 0x00, 0x00,
    0xF5, 0xEC, 0xC0, 0xBC, 0xA6, 0x07, 0x00, 0x00, 0x1A, 0x65, 0xA1, 0xBC, 0xD0, 0x07, 0x00, 0x00,
    0xEE, 0x5F, 0x14, 0xBD, 0x43, 0x08, 0x00, 0x00, 0x34, 0xEE, 0x95, 0x3C, 0x81, 0x08, 0x00, 0x00,
    0x7E, 0xD6, 0xA7, 0x3C, 0xD1, 0x08, 0x00, 0x00, 0xCF, 0x17, 0xB9, 0xBC, 0xD5, 0x08, 0x00, 0x00,
    0xAB, 0x8D, 0xB6, 0xBC, 0x06, 0x09, 0x00, 0x00, 0x81, 0x08, 0x8E, 0x3C, 0x87, 0x09, 0x00, 0x00,
    0x55, 0x77, 0xD8, 0xBC, 0xE2, 0x09, 0x00, 0x00, 0xB6, 0xAE, 0xA6, 0xBC, 0xF4, 0x09, 0x00, 0x00,
    0x8B, 0x3F, 0x84, 0x3C, 0x7D, 0x0A, 0x00, 0x00, 0xAB, 0xDE, 0x8D, 0x3C, 0xC5, 0x0A, 0x00, 0x00,
    0xDE, 0xF7, 0xD7, 0xBC, 0xE0, 0x0A, 0x00, 0x00, 0x70, 0x99, 0xD1, 0xBC, 0x07, 0x0B, 0x00, 0x00,
    0x83, 0x88, 0x93, 0x3C, 0x75, 0x0B, 0x00, 0x00, 0xC7, 0x79, 0xC7, 0x3C, 0x00, 0x00, 0x00, 0x00,
    0x00, 0x00, 0x00, 0x00, 0x00, 0x00, 0x00, 0x00, 0x00, 0x00, 0x00, 0x00, 0x00, 0x00, 0x00, 0x00,
    0x00, 0x00, 0x00, 0x00, 0x00, 0x00, 0x00, 0x00, 0x00, 0x00, 0x00, 0x00, 0x00, 0x00, 0x00, 0x00,
    0x00, 0x00, 0x00, 0x00, 0x00, 0x00, 0x00, 0x00, 0x00, 0x00, 0x00, 0x00, 0x00, 0x00, 0x00, 0x00,
    0x00, 0x00, 0x00, 0x00, 0x00, 0x00, 0x00, 0x00, 0x00, 0x00, 0x00, 0x00, 0x00, 0x00, 0x00, 0x00,
    0x00, 0x00, 0x00, 0x00, 0x00, 0x00, 0x00, 0x00, 0x00, 0x00, 0x00, 0x00, 0x00, 0x00, 0x00, 0x00,
    0x00, 0x00, 0x00, 0x00, 0x00, 0x00, 0x00, 0x00, 0x00, 0x00, 0x00, 0x00, 0x00, 0x00, 0x00, 0x00,
    0x00, 0x00, 0x00, 0x00, 0x00, 0x00, 0x00, 0x00, 0x00, 0x00, 0x00, 0x00, 0x00, 0x00, 0x00, 0x00,
    0x00, 0x00, 0x00, 0x00, 0x00, 0x00, 0x00, 0x00, 0x00, 0x00, 0x00, 0x00, 0x07, 0x01, 0x00, 0x00,
    0x99, 0x87, 0x2A, 0x3E, 0x46, 0x02, 0x00, 0x00, 0x4E, 0x89, 0xF8, 0x3C, 0x88, 0x03, 0x00, 0x00,
    0x70, 0x99, 0xD1, 0x3C, 0x0A, 0x04, 0x00, 0x00, 0x70, 0xC2, 0x4D, 0x3D, 0xF6, 0x04, 0x00, 0x00,
    0x0F, 0x5D, 0x93, 0x3C, 0x2D, 0x05, 0x00, 0x00, 0x5B, 0xC4, 0xA1, 0x3C, 0xB7, 0x05, 0x00, 0x00,
    0x0C, 0x94, 0xB1, 0xBC, 0x82, 0x06, 0x00, 0x00, 0x37, 0xBB, 0x9F, 0x3C, 0x38, 0x07, 0x00, 0x00,
    0x51, 0xA7, 0x1A, 0x3D, 0x6B, 0x07, 0x00, 0x00, 0xBC, 0x2D, 0x45, 0x3D, 0x6D, 0x07, 0x00, 0x00,
    0x5D, 0x06, 0x72, 0xBD, 0x8C, 0x07, 0x00, 0x00, 0xC1, 0x5B, 0x9D, 0x3C, 0x37, 0x08, 0x00, 0x00,
    0xA5, 0xD6, 0xA0, 0xBC, 0x3C, 0x08, 0x00, 0x00, 0x43, 0xF3, 0xAF, 0x3C, 0x56, 0x08, 0x00, 0x00,
    0x70, 0xC3, 0xDD, 0xBC, 0xA8, 0x08, 0x00, 0x00, 0x01, 0x7F, 0x80, 0x3C, 0xE5, 0x08, 0x00, 0x00,
    0x88, 0x40, 0x5C, 0x3C, 0xF7, 0x08, 0x00, 0x00, 0xE9, 0x50, 0x5F, 0x3C, 0x53, 0x09, 0x00, 0x00,
    0xB4, 0xF6, 0x67, 0x3C, 0x8A, 0x09, 0x00, 0x00, 0x1E, 0xE2, 0x7C, 0xBC, 0xDF, 0x09, 0x00, 0x00,
    0xB3, 0x34, 0x45, 0x3C, 0xF7, 0x09, 0x00, 0x00, 0x52, 0x8D, 0x2C, 0xBC, 0x13, 0x0A, 0x00, 0x00,
    0xDA, 0x6A, 0x3D, 0x3C, 0x8F, 0x0A, 0x00, 0x00, 0xCE, 0xE2, 0x26, 0xBC, 0xDD, 0x0A, 0x00, 0x00,
    0x81, 0xBF, 0x2D, 0xBC, 0x0E, 0x0B, 0x00, 0x00, 0x35, 0xE2, 0x13, 0x3C, 0x7A, 0x0B, 0x00, 0x00,
    0x37, 0x49, 0x1C, 0xBC, 0xE7, 0x0B, 0x00, 0x00, 0xBC, 0x95, 0xA4, 0x3C, 0xE9, 0x0B, 0x00, 0x00,
    0xBE, 0xC1, 0x55, 0xBC, 0xEC, 0x0B, 0x00, 0x00, 0xAA, 0x65, 0x86, 0x3C, 0xF6, 0x0B, 0x00, 0x00,
    0x55, 0x77, 0xD8, 0x3C, 0xF8, 0x0B, 0x00, 0x00, 0xD2, 0xDB, 0x84, 0xBC, 0x00, 0x00, 0x00, 0x00,
    0x00, 0x00, 0x00, 0x00, 0x00, 0x00, 0x00, 0x00, 0x00, 0x00, 0x00, 0x00, 0x00, 0x00, 0x00, 0x00,
    0x00, 0x00, 0x00, 0x00, 0x00, 0x00, 0x00, 0x00, 0x00, 0x00, 0x00, 0x00, 0x00, 0x00, 0x00, 0x00,
    0x00, 0x00, 0x00, 0x00, 0x00, 0x00, 0x00, 0x00, 0x00, 0x00, 0x00, 0x00, 0x00, 0x00, 0x00, 0x00,
    0x00, 0x00, 0x00, 0x00, 0x00, 0x00, 0x00, 0x00, 0x00, 0x00, 0x00, 0x00, 0x00, 0x00, 0x00, 0x00,
    0x00, 0x00, 0x00, 0x00, 0x00, 0x00, 0x00, 0x00, 0x00, 0x00, 0x00, 0x00, 0x00, 0x00, 0x00, 0x00,
    0x00, 0x00, 0x00, 0x00, 0x00, 0x00, 0x00, 0x00, 0x00, 0x00, 0x00, 0x00, 0x00, 0x00, 0x00, 0x00,
    0x00, 0x00, 0x00, 0x00, 0x00, 0x00, 0x00, 0x00, 0x00, 0x00, 0x00, 0x00, 0x00, 0x00, 0x00, 0x00,
    0x00, 0x00, 0x00, 0x00, 0x00, 0x00, 0x00, 0x00, 0x00, 0x00, 0x00, 0x00, 0x03, 0x01, 0x00, 0x00,
    0x8B, 0xFD, 0x20, 0x3E, 0xEB, 0x01, 0x00, 0x00, 0xB8, 0x78, 0xD7, 0x3C, 0x60, 0x02, 0x00, 0x00,
    0x19, 0x8F, 0xB0, 0xBC, 0xC6, 0x02, 0x00, 0x00, 0xA1, 0xFC, 0x36, 0xBC, 0x83, 0x03, 0x00, 0x00,
    0xDE, 0xDF, 0xA6, 0x3C, 0xBE, 0x03, 0x00, 0x00, 0xDF, 0x69, 0x95, 0x3C, 0x15, 0x04, 0x00, 0x00,
    0xAE, 0x91, 0x8C, 0x3C, 0xCA, 0x04, 0x00, 0x00, 0x80, 0x81, 0x5C, 0x3C, 0x9F, 0x05, 0x00, 0x00,
    0x3C, 0xB7, 0xD9, 0xBC, 0xA1, 0x05, 0x00, 0x00, 0xFC, 0xA6, 0xF0, 0x3C, 0xB0, 0x05, 0x00, 0x00,
    0x59, 0xFB, 0x77, 0x3C, 0x71, 0x06, 0x00, 0x00, 0xBA, 0x76, 0xB4, 0xBC, 0x73, 0x06, 0x00, 0x00,
    0xA1, 0x8E, 0x9B, 0x3C, 0x80, 0x06, 0x00, 0x00, 0xAE, 0x91, 0x8C, 0x3C, 0xD9, 0x06, 0x00, 0x00,
    0x13, 0x07, 0x33, 0xBC, 0x03, 0x07, 0x00, 0x00, 0x58, 0x9C, 0x3F, 0x3C, 0xD8, 0x07, 0x00, 0x00,
    0x9A, 0x49, 0x6F, 0xBC, 0xDB, 0x07, 0x00, 0x00, 0x09, 0xBF, 0x39, 0x3C, 0x94, 0x08, 0x00, 0x00,
    0xBE, 0xC1, 0x55, 0x3C, 0x9B, 0x08, 0x00, 0x00, 0x1F, 0x30, 0x6E, 0x3C, 0xBE, 0x08, 0x00, 0x00,
    0xD2, 0xF1, 0x62, 0xBC, 0xC1, 0x08, 0x00, 0x00, 0xB2, 0xD4, 0x5F, 0xBC, 0xFD, 0x08, 0x00, 0x00,
    0x8F, 0x2B, 0x3F, 0xBC, 0xBB, 0x09, 0x00, 0x00, 0x32, 0xC0, 0x2C, 0xBC, 0xCF, 0x09, 0x00, 0x00,
    0xFC, 0x8E, 0x1F, 0x3C, 0xE1, 0x09, 0x00, 0x00, 0x0B, 0x14, 0x27, 0x3C, 0x49, 0x0A, 0x00, 0x00,
    0xAE, 0x5F, 0x13, 0xBC, 0x85, 0x0A, 0x00, 0x00, 0x92, 0x7D, 0x0A, 0xBC, 0x09, 0x0B, 0x00, 0x00,
    0x4F, 0x65, 0xEA, 0xBB, 0x76, 0x0B, 0x00, 0x00, 0x6C, 0x0D, 0x40, 0xBC, 0x77, 0x0B, 0x00, 0x00,
    0x5C, 0x07, 0x24, 0x3C, 0x7C, 0x0B, 0x00, 0x00, 0x6B, 0x27, 0x2F, 0xBC, 0x00, 0x00, 0x00, 0x00,
    0x00, 0x00, 0x00, 0x00, 0x00, 0x00, 0x00, 0x00, 0x00, 0x00, 0x00, 0x00, 0x00, 0x00, 0x00, 0x00,
    0x00, 0x00, 0x00, 0x00, 0x00, 0x00, 0x00, 0x00, 0x00, 0x00, 0x00, 0x00, 0x00, 0x00, 0x00, 0x00,
    0x00, 0x00, 0x00, 0x00, 0x00, 0x00, 0x00, 0x00, 0x00, 0x00, 0x00, 0x00, 0x00, 0x00, 0x00, 0x00,
    0x00, 0x00, 0x00, 0x00, 0x00, 0x00, 0x00, 0x00, 0x00, 0x00, 0x00, 0x00, 0x00, 0x00, 0x00, 0x00,
    0x00, 0x00, 0x00, 0x00, 0x00, 0x00, 0x00, 0x00, 0x00, 0x00, 0x00, 0x00, 0x00, 0x00, 0x00, 0x00,
    0x00, 0x00, 0x00, 0x00, 0x00, 0x00, 0x00, 0x00, 0x00, 0x00, 0x00, 0x00, 0x00, 0x00, 0x00, 0x00,
    0x00, 0x00, 0x00, 0x00, 0x00, 0x00, 0x00, 0x00, 0x00, 0x00, 0x00, 0x00, 0x00, 0x00, 0x00, 0x00,
    0x00, 0x00, 0x00, 0x00, 0x00, 0x00, 0x00, 0x00, 0x00, 0x00, 0x00, 0x00, 0xDB, 0x00, 0x00, 0x00,
    0x3A, 0xD1, 0x34, 0x3F, 0xD1, 0x01, 0x00, 0x00, 0xCA, 0x11, 0x86, 0x3D, 0x41, 0x02, 0x00, 0x00,
    0x0A, 0x61, 0x79, 0x3D, 0x75, 0x03, 0x00, 0x00, 0x40, 0xB4, 0x6E, 0x3D, 0x98, 0x03, 0x00, 0x00,
    0x4C, 0xA4, 0xB8, 0x3D, 0x71, 0x07, 0x00, 0x00, 0x30, 0x70, 0x1E, 0x3D, 0x74, 0x07, 0x00, 0x00,
    0x6F, 0x22, 0x41, 0xBD, 0x79, 0x07, 0x00, 0x00, 0xAE, 0x4E, 0x17, 0xBD, 0xAC, 0x07, 0x00, 0x00,
    0x64, 0xB7, 0x82, 0x3D, 0xDB, 0x07, 0x00, 0x00, 0x0C, 0x2F, 0x13, 0xBD, 0xE5, 0x07, 0x00, 0x00,
    0x32, 0xCB, 0xFF, 0xBC, 0x3A, 0x08, 0x00, 0x00, 0x3D, 0x1F, 0xCC, 0xBC, 0x3D, 0x08, 0x00, 0x00,
    0x4E, 0xF3, 0xCA, 0xBC, 0x76, 0x08, 0x00, 0x00, 0x6C, 0xBC, 0xAD, 0xBC, 0x8E, 0x08, 0x00, 0x00,
    0xAF, 0x78, 0x4E, 0x3D, 0x91, 0x08, 0x00, 0x00, 0xCC, 0xD5, 0x09, 0xBD, 0x95, 0x08, 0x00, 0x00,
    0x79, 0x0F, 0xC4, 0xBC, 0x55, 0x09, 0x00, 0x00, 0x18, 0x6B, 0xCB, 0x3C, 0x59, 0x09, 0x00, 0x00,
    0x9F, 0xF8, 0xF9, 0x3C, 0x72, 0x0A, 0x00, 0x00, 0xF8, 0x98, 0xBF, 0x3C, 0x7A, 0x0A, 0x00, 0x00,
    0x09, 0xD4, 0xCC, 0x3C, 0x81, 0x0A, 0x00, 0x00, 0x6E, 0xB7, 0xEB, 0xBC, 0x60, 0x0B, 0x00, 0x00,
    0x25, 0x4F, 0x05, 0x3D, 0x7E, 0x0B, 0x00, 0x00, 0x7F, 0xC9, 0xDE, 0x3C, 0x94, 0x0B, 0x00, 0x00,
    0x74, 0xA2, 0xB3, 0xBC, 0xB6, 0x0B, 0x00, 0x00, 0x57, 0xC3, 0xF1, 0xBC, 0xF7, 0x0B, 0x00, 0x00,
    0xE5, 0xA2, 0xD0, 0x3C, 0x0F, 0x0C, 0x00, 0x00, 0x23, 0xCE, 0x65, 0xBD, 0x10, 0x0C, 0x00, 0x00,
    0xB8, 0x2C, 0x63, 0x3D, 0x22, 0x0C, 0x00, 0x00, 0xF6, 0x1E, 0x36, 0x3D, 0x4D, 0x0C, 0x00, 0x00,
    0xB5, 0x59, 0xED, 0x3C, 0x81, 0x0C, 0x00, 0x00, 0x10, 0xA5, 0xA7, 0x3C, 0x00, 0x00, 0x00, 0x00,
    0x00, 0x00, 0x00, 0x00, 0x00, 0x00, 0x00, 0x00, 0x00, 0x00, 0x00, 0x00, 0x00, 0x00, 0x00, 0x00,
    0x00, 0x00, 0x00, 0x00, 0x00, 0x00, 0x00, 0x00, 0x00, 0x00, 0x00, 0x00, 0x00, 0x00, 0x00, 0x00,
    0x00, 0x00, 0x00, 0x00, 0x00, 0x00, 0x00, 0x00, 0x00, 0x00, 0x00, 0x00, 0x00, 0x00, 0x00, 0x00,
    0x00, 0x00, 0x00, 0x00, 0x00, 0x00, 0x00, 0x00, 0x00, 0x00, 0x00, 0x00, 0x00, 0x00, 0x00, 0x00,
    0x00, 0x00, 0x00, 0x00, 0x00, 0x00, 0x00, 0x00, 0x00, 0x00, 0x00, 0x00, 0x00, 0x00, 0x00, 0x00,
    0x00, 0x00, 0x00, 0x00, 0x00, 0x00, 0x00, 0x00, 0x00, 0x00, 0x00, 0x00, 0x00, 0x00, 0x00, 0x00,
    0x00, 0x00, 0x00, 0x00, 0x00, 0x00, 0x00, 0x00, 0x00, 0x00, 0x00, 0x00, 0x00, 0x00, 0x00, 0x00,
    0x00, 0x00, 0x00, 0x00, 0x00, 0x00, 0x00, 0x00, 0x00, 0x00, 0x00, 0x00, 0x00, 0x00, 0x00, 0x00,
    0x00, 0x00, 0x00, 0x00, 0x00, 0x00, 0x00, 0x00, 0x00, 0x00, 0x00, 0x00, 0x00, 0x00, 0x00, 0x00,
    0x00, 0x00, 0x00, 0x00, 0x00, 0x00, 0x00, 0x00, 0x00, 0x00, 0x00, 0x00, 0x00, 0x00, 0x00, 0x00,
    0x00, 0x00, 0x00, 0x00, 0x00, 0x00, 0x00, 0x00, 0x00, 0x00, 0x00, 0x00, 0x00, 0x00, 0x00, 0x00,
    0x00, 0x00, 0x00, 0x00, 0x00, 0x00, 0x00, 0x00, 0x00, 0x00, 0x00, 0x00, 0x00, 0x00, 0x00, 0x00,
    0x00, 0x00, 0x00, 0x00, 0x00, 0x00, 0x00, 0x00, 0x00, 0x00, 0x00, 0x00, 0x00, 0x00, 0x00, 0x00,
    0x00, 0x00, 0x00, 0x00, 0x00, 0x00, 0x00, 0x00, 0x00, 0x00, 0x00, 0x00, 0x00, 0x00, 0x00, 0x00,
    0x00, 0x00, 0x00, 0x00, 0x00, 0x00, 0x00, 0x00, 0x00, 0x00, 0x00, 0x00, 0x00, 0x00, 0x00, 0x00,
    0x00, 0x00, 0x00, 0x00, 0x00, 0x00, 0x00, 0x00, 0x00, 0x00, 0x00, 0x00, 0x00, 0x00, 0x00, 0x00,
    0x00, 0x00, 0x00, 0x00, 0x00, 0x00, 0x00, 0x00, 0x00, 0x00, 0x00, 0x00, 0x00, 0x00, 0x00, 0x00,
    0x00, 0x00, 0x00, 0x00, 0x00, 0x00, 0x00, 0x00, 0x00, 0x00, 0x00, 0x00, 0x00, 0x00, 0x00, 0x00,
    0x00, 0x00, 0x00, 0x00, 0x00, 0x00, 0x00, 0x00, 0x00, 0x00, 0x00, 0x00, 0x00, 0x00, 0x00, 0x00,
    0x00, 0x00, 0x00, 0x00, 0x00, 0x00, 0x00, 0x00, 0x00, 0x00, 0x00, 0x00, 0x00, 0x00, 0x00, 0x00,
    0x00, 0x00, 0x00, 0x00, 0x00, 0x00, 0x00, 0x00, 0x00, 0x00, 0x00, 0x00, 0x00, 0x00, 0x00, 0x00,
    0x00, 0x00, 0x00, 0x00, 0x00, 0x00, 0x00, 0x00, 0x00, 0x00, 0x00, 0x00, 0x00, 0x00, 0x00, 0x00,
    0x00, 0x00, 0x00, 0x00, 0x00, 0x00, 0x00, 0x00, 0x00, 0x00, 0x00, 0x00, 0x00, 0x00, 0x00, 0x00,
    0x00, 0x00, 0x00, 0x00, 0x00, 0x00, 0x00, 0x00, 0x00, 0x00, 0x00, 0x00, 0x00, 0x00, 0x00, 0x00,
    0x00, 0x00, 0x00, 0x00, 0x00, 0x00, 0x00, 0x00, 0x00, 0x00, 0x00, 0x00, 0x00, 0x00, 0x00, 0x00,
    0x00, 0x00, 0x00, 0x00, 0x00, 0x00, 0x00, 0x00, 0x00, 0x00, 0x00, 0x00, 0x00, 0x00, 0x00, 0x00,
    0x00, 0x00, 0x00, 0x00, 0x00, 0x00, 0x00, 0x00, 0x00, 0x00, 0x00, 0x00, 0x00, 0x00, 0x00, 0x00,
    0x00, 0x00, 0x00, 0x00, 0x00, 0x00, 0x00, 0x00, 0x00, 0x00, 0x00, 0x00, 0x00, 0x00, 0x00, 0x00,
    0x00, 0x00, 0x00, 0x00, 0x00, 0x00, 0x00, 0x00, 0x00, 0x00, 0x00, 0x00, 0x00, 0x00, 0x00, 0x00,
    0x00, 0x00, 0x00, 0x00, 0x00, 0x00, 0x00, 0x00, 0x00, 0x00, 0x00, 0x00, 0x00, 0x00, 0x00, 0x00,
    0x00, 0x00, 0x00, 0x00, 0x00, 0x00, 0x00, 0x00, 0x00, 0x00, 0x00, 0x00, 0x00, 0x00, 0x00, 0x00,
    0x00, 0x00, 0x00, 0x00, 0x00, 0x00, 0x00, 0x00, 0x00, 0x00, 0x00, 0x00, 0x00, 0x00, 0x00, 0x00,
    0x00, 0x00, 0x00, 0x00, 0x00, 0x00, 0x00, 0x00, 0x00, 0x00, 0x00, 0x00, 0x00, 0x00, 0x00, 0x00,
    0x00, 0x00, 0x00, 0x00, 0x00, 0x00, 0x00, 0x00, 0x00, 0x00, 0x00, 0x00, 0x00, 0x00, 0x00, 0x00,
    0x00, 0x00, 0x00, 0x00, 0x00, 0x00, 0x00, 0x00, 0x00, 0x00, 0x00, 0x00, 0x00, 0x00, 0x00, 0x00,
    0x00, 0x00, 0x00, 0x00, 0x00, 0x00, 0x00, 0x00, 0x00, 0x00, 0x00, 0x00, 0x00, 0x00, 0x00, 0x00,
    0x00, 0x00, 0x00, 0x00, 0x00, 0x00, 0x00, 0x00, 0x00, 0x00, 0x00, 0x00, 0x00, 0x00, 0x00, 0x00,
    0x00, 0x00, 0x00, 0x00, 0x00, 0x00, 0x00, 0x00, 0x00, 0x00, 0x00, 0x00, 0x00, 0x00, 0x00, 0x00,
    0x00, 0x00, 0x00, 0x00, 0x00, 0x00, 0x00, 0x00, 0x00, 0x00, 0x00, 0x00, 0x00, 0x00, 0x00, 0x00,
    0x00, 0x00, 0x00, 0x00, 0x00, 0x00, 0x00, 0x00, 0x00, 0x00, 0x00, 0x00, 0x00, 0x00, 0x00, 0x00,
    0x00, 0x00, 0x00, 0x00, 0x00, 0x00, 0x00, 0x00, 0x00, 0x00, 0x00, 0x00, 0x00, 0x00, 0x00, 0x00,
    0x00, 0x00, 0x00, 0x00, 0x00, 0x00, 0x00, 0x00, 0x00, 0x00, 0x00, 0x00, 0x00, 0x00, 0x00, 0x00,
    0x00, 0x00, 0x00, 0x00, 0x00, 0x00, 0x00, 0x00, 0x00, 0x00, 0x00, 0x00, 0x00, 0x00, 0x00, 0x00,
    0x00, 0x00, 0x00, 0x00, 0x00, 0x00, 0x00, 0x00, 0x00, 0x00, 0x00, 0x00, 0x00, 0x00, 0x00, 0x00,
    0x00, 0x00, 0x00, 0x00, 0x00, 0x00, 0x00, 0x00, 0x00, 0x00, 0x00, 0x00, 0x00, 0x00, 0x00, 0x00,
    0x00, 0x00, 0x00, 0x00, 0x00, 0x00, 0x00, 0x00, 0x00, 0x00, 0x00, 0x00, 0x00, 0x00, 0x00, 0x00,
    0x00, 0x00, 0x00, 0x00, 0x00, 0x00, 0x00, 0x00, 0x00, 0x00, 0x00, 0x00, 0x00, 0x00, 0x00, 0x00,
    0x00, 0x00, 0x00, 0x00, 0x00, 0x00, 0x00, 0x00, 0x00, 0x00, 0x00, 0x00, 0x00, 0x00, 0x00, 0x00,
    0x00, 0x00, 0x00, 0x00, 0x00, 0x00, 0x00, 0x00, 0x00, 0x00, 0x00, 0x00, 0x00, 0x00, 0x00, 0x00,
    0x00, 0x00, 0x00, 0x00, 0x00, 0x00, 0x00, 0x00, 0x00, 0x00, 0x00, 0x00, 0x00, 0x00, 0x00, 0x00,
    0x00, 0x00, 0x00, 0x00, 0x00, 0x00, 0x00, 0x00, 0x00, 0x00, 0x00, 0x00, 0x00, 0x00, 0x00, 0x00,
    0x00, 0x00, 0x00, 0x00, 0x00, 0x00, 0x00, 0x00, 0x00, 0x00, 0x00, 0x00, 0x00, 0x00, 0x00, 0x00,
    0x00, 0x00, 0x00, 0x00, 0x00, 0x00, 0x00, 0x00, 0x00, 0x00, 0x00, 0x00, 0x00, 0x00, 0x00, 0x00,
    0x00, 0x00, 0x00, 0x00, 0x00, 0x00, 0x00, 0x00, 0x00, 0x00, 0x00, 0x00, 0x00, 0x00, 0x00, 0x00,
    0x00, 0x00, 0x00, 0x00, 0x00, 0x00, 0x00, 0x00, 0x00, 0x00, 0x00, 0x00, 0x00, 0x00, 0x00, 0x00,
    0x00, 0x00, 0x00, 0x00, 0x00, 0x00, 0x00, 0x00, 0x00, 0x00, 0x00, 0x00, 0x00, 0x00, 0x00, 0x00,
    0x00, 0x00, 0x00, 0x00, 0x00, 0x00, 0x00, 0x00, 0x00, 0x00, 0x00, 0x00, 0x00, 0x00, 0x00, 0x00,
    0x00, 0x00, 0x00, 0x00, 0x00, 0x00, 0x00, 0x00, 0x00, 0x00, 0x00, 0x00, 0x00, 0x00, 0x00, 0x00,
    0x00, 0x00, 0x00, 0x00, 0x00, 0x00, 0x00, 0x00, 0x00, 0x00, 0x00, 0x00, 0x00, 0x00, 0x00, 0x00,
    0x00, 0x00, 0x00, 0x00, 0x00, 0x00, 0x00, 0x00, 0x00, 0x00, 0x00, 0x00, 0x00, 0x00, 0x00, 0x00,
    0x00, 0x00, 0x00, 0x00, 0x00, 0x00, 0x00, 0x00, 0x00, 0x00, 0x00, 0x00, 0x00, 0x00, 0x00, 0x00,
    0x00, 0x00, 0x00, 0x00, 0x00, 0x00, 0x00, 0x00, 0x00, 0x00, 0x00, 0x00, 0x00, 0x00, 0x00, 0x00,
    0x00, 0x00, 0x00, 0x00, 0x00, 0x00, 0x00, 0x00, 0x00, 0x00, 0x00, 0x00, 0x00, 0x00, 0x00, 0x00,
    0x00, 0x00, 0x00, 0x00, 0x00, 0x00, 0x00, 0x00, 0x00, 0x00, 0x00, 0x00, 0x00, 0x00, 0x00, 0x00,
    0x00, 0x00, 0x00, 0x00, 0x00, 0x00, 0x00, 0x00, 0x00, 0x00, 0x00, 0x00, 0x00, 0x00, 0x00, 0x00,
    0x00, 0x00, 0x00, 0x00, 0x00, 0x00, 0x00, 0x00, 0x00, 0x00, 0x00, 0x00, 0x00, 0x00, 0x00, 0x00,
    0x00, 0x00, 0x00, 0x00, 0x00, 0x00, 0x00, 0x00, 0x00, 0x00, 0x00, 0x00, 0x00, 0x00, 0x00, 0x00,
    0x00, 0x00, 0x00, 0x00, 0x00, 0x00, 0x00, 0x00, 0x00, 0x00, 0x00, 0x00, 0x00, 0x00, 0x00, 0x00,
    0x00, 0x00, 0x00, 0x00, 0x00, 0x00, 0x00, 0x00, 0x00, 0x00, 0x00, 0x00, 0x00, 0x00, 0x00, 0x00,
    0x00, 0x00, 0x00, 0x00, 0x00, 0x00, 0x00, 0x00, 0x00, 0x00, 0x00, 0x00, 0x00, 0x00, 0x00, 0x00,
    0x00, 0x00, 0x00, 0x00, 0x00, 0x00, 0x00, 0x00, 0x00, 0x00, 0x00, 0x00, 0x00, 0x00, 0x00, 0x00,
    0x00, 0x00, 0x00, 0x00, 0x00, 0x00, 0x00, 0x00, 0x00, 0x00, 0x00, 0x00, 0x00, 0x00, 0x00, 0x00,
    0x00, 0x00, 0x00, 0x00, 0x00, 0x00, 0x00, 0x00, 0x00, 0x00, 0x00, 0x00, 0x00, 0x00, 0x00, 0x00,
    0x00, 0x00, 0x00, 0x00, 0x00, 0x00, 0x00, 0x00, 0x00, 0x00, 0x00, 0x00, 0x00, 0x00, 0x00, 0x00,
    0x00, 0x00, 0x00, 0x00, 0x00, 0x00, 0x00, 0x00, 0x00, 0x00, 0x00, 0x00, 0x00, 0x00, 0x00, 0x00,
    0x00, 0x00, 0x00, 0x00, 0x00, 0x00, 0x00, 0x00, 0x00, 0x00, 0x00, 0x00, 0x00, 0x00, 0x00, 0x00,
    0x00, 0x00, 0x00, 0x00, 0x00, 0x00, 0x00, 0x00, 0x00, 0x00, 0x00, 0x00, 0x00, 0x00, 0x00, 0x00,
    0x00, 0x00, 0x00, 0x00, 0x00, 0x00, 0x00, 0x00, 0x00, 0x00, 0x00, 0x00, 0x00, 0x00, 0x00, 0x00,
    0x00, 0x00, 0x00, 0x00, 0x00, 0x00, 0x00, 0x00, 0x00, 0x00, 0x00, 0x00, 0x00, 0x00, 0x00, 0x00,
    0x00, 0x00, 0x00, 0x00, 0x00, 0x00, 0x00, 0x00, 0x00, 0x00, 0x00, 0x00, 0x00, 0x00, 0x00, 0x00,
    0x00, 0x00, 0x00, 0x00, 0x00, 0x00, 0x00, 0x00, 0x00, 0x00, 0x00, 0x00, 0x00, 0x00, 0x00, 0x00,
    0x00, 0x00, 0x00, 0x00, 0x00, 0x00, 0x00, 0x00, 0x00, 0x00, 0x00, 0x00, 0x00, 0x00, 0x00, 0x00,
    0x00, 0x00, 0x00, 0x00, 0x00, 0x00, 0x00, 0x00, 0x00, 0x00, 0x00, 0x00, 0x00, 0x00, 0x00, 0x00,
    0x00, 0x00, 0x00, 0x00, 0x00, 0x00, 0x00, 0x00, 0x00, 0x00, 0x00, 0x00, 0x00, 0x00, 0x00, 0x00,
    0x00, 0x00, 0x00, 0x00, 0x00, 0x00, 0x00, 0x00, 0x00, 0x00, 0x00, 0x00, 0x00, 0x00, 0x00, 0x00,
    0x00, 0x00, 0x00, 0x00, 0x00, 0x00, 0x00, 0x00, 0x00, 0x00, 0x00, 0x00, 0x00, 0x00, 0x00, 0x00,
    0x00, 0x00, 0x00, 0x00, 0x00, 0x00, 0x00, 0x00, 0x00, 0x00, 0x00, 0x00, 0x00, 0x00, 0x00, 0x00,
    0x00, 0x00, 0x00, 0x00, 0x00, 0x00, 0x00, 0x00, 0x00, 0x00, 0x00, 0x00, 0x00, 0x00, 0x00, 0x00,
    0x00, 0x00, 0x00, 0x00, 0x00, 0x00, 0x00, 0x00, 0x00, 0x00, 0x00, 0x00, 0x00, 0x00, 0x00, 0x00,
    0x00, 0x00, 0x00, 0x00, 0x00, 0x00, 0x00, 0x00, 0x00, 0x00, 0x00, 0x00, 0x00, 0x00, 0x00, 0x00,
    0x00, 0x00, 0x00, 0x00, 0x00, 0x00, 0x00, 0x00, 0x00, 0x00, 0x00, 0x00, 0x00, 0x00, 0x00, 0x00,
    0x00, 0x00, 0x00, 0x00, 0x00, 0x00, 0x00, 0x00, 0x00, 0x00, 0x00, 0x00, 0x00, 0x00, 0x00, 0x00,
    0x00, 0x00, 0x00, 0x00, 0x00, 0x00, 0x00, 0x00, 0x00, 0x00, 0x00, 0x00, 0x00, 0x00, 0x00, 0x00,
    0x00, 0x00, 0x00, 0x00, 0x00, 0x00, 0x00, 0x00, 0x00, 0x00, 0x00, 0x00, 0x00, 0x00, 0x00, 0x00,
    0x00, 0x00, 0x00, 0x00, 0x00, 0x00, 0x00, 0x00, 0x00, 0x00, 0x00, 0x00, 0x00, 0x00, 0x00, 0x00,
    0x00, 0x00, 0x00, 0x00, 0x00, 0x00, 0x00, 0x00, 0x00, 0x00, 0x00, 0x00, 0x00, 0x00, 0x00, 0x00,
    0x00, 0x00, 0x00, 0x00, 0x00, 0x00, 0x00, 0x00, 0x00, 0x00, 0x00, 0x00, 0x00, 0x00, 0x00, 0x00,
    0x00, 0x00, 0x00, 0x00, 0x00, 0x00, 0x00, 0x00, 0x00, 0x00, 0x00, 0x00, 0x00, 0x00, 0x00, 0x00,
    0x00, 0x00, 0x00, 0x00, 0x00, 0x00, 0x00, 0x00, 0x00, 0x00, 0x00, 0x00, 0x00, 0x00, 0x00, 0x00,
    0x00, 0x00, 0x00, 0x00, 0x00, 0x00, 0x00, 0x00, 0x00, 0x00, 0x00, 0x00, 0x00, 0x00, 0x00, 0x00,
    0x00, 0x00, 0x00, 0x00, 0x00, 0x00, 0x00, 0x00, 0x00, 0x00, 0x00, 0x00, 0x00, 0x00, 0x00, 0x00,
    0x00, 0x00, 0x00, 0x00, 0x00, 0x00, 0x00, 0x00, 0x00, 0x00, 0x00, 0x00, 0x00, 0x00, 0x00, 0x00,
    0x00, 0x00, 0x00, 0x00, 0x00, 0x00, 0x00, 0x00, 0x00, 0x00, 0x00, 0x00, 0x00, 0x00, 0x00, 0x00,
    0x00, 0x00, 0x00, 0x00, 0x00, 0x00, 0x00, 0x00, 0x00, 0x00, 0x00, 0x00, 0x00, 0x38, 0x1E, 0x3F,
    0x00, 0x00, 0x00, 0x00, 0x00, 0x80, 0x7D, 0x3F, 0x00, 0x00, 0x20, 0x3C, 0xFA, 0x01, 0x00, 0x00,
    0x30, 0x00, 0x00, 0x00, 0x00, 0x00, 0xFA, 0x45, 0xE4, 0x38, 0x4E, 0xBF, 0x0C, 0x01, 0x00, 0x00,
    0x49, 0x03, 0x00, 0x00, 0x55, 0x04, 0x00, 0x00, 0x4F, 0x49, 0xC9, 0x3D, 0xB7, 0x64, 0xD1, 0x3C,
    0xA6, 0x22, 0x9A, 0x3D, 0xFB, 0xD1, 0x02, 0x3E, 0x7D, 0x06, 0x8A, 0x3E, 0xFB, 0xD1, 0x02, 0x3E,
    0xA6, 0x22, 0x9A, 0x3D, 0xB7, 0x64, 0xD1, 0x3C, 0x24, 0x01, 0x00, 0x00, 0xAA, 0x03, 0x00, 0x00,
    0xCE, 0x04, 0x00, 0x00, 0xAF, 0x8F, 0xDA, 0x3D, 0xEE, 0x52, 0xD1, 0x3C, 0x8F, 0x15, 0x9A, 0x3D,
    0xDF, 0xC6, 0x02, 0x3E, 0x2C, 0xBC, 0x7A, 0x3E, 0xDF, 0xC6, 0x02, 0x3E, 0x8F, 0x15, 0x9A, 0x3D,
    0xEE, 0x52, 0xD1, 0x3C, 0x3E, 0x01, 0x00, 0x00, 0xCD, 0x03, 0x00, 0x00, 0x0B, 0x05, 0x00, 0x00,
    0xF8, 0xF6, 0xE2, 0x3D, 0x3F, 0xB5, 0xD0, 0x3C, 0x80, 0xA1, 0x99, 0x3D, 0x5E, 0x64, 0x02, 0x3E,
    0x84, 0x9A, 0x6F, 0x3E, 0x5E, 0x64, 0x02, 0x3E, 0x80, 0xA1, 0x99, 0x3D, 0x3F, 0xB5, 0xD0, 0x3C,
    0x47, 0x01, 0x00, 0x00, 0xE0, 0x03, 0x00, 0x00, 0x27, 0x05, 0x00, 0x00, 0x3C, 0xC1, 0xE6, 0x3D,
    0x75, 0x50, 0xD0, 0x3C, 0x4C, 0x57, 0x99, 0x3D, 0x64, 0x25, 0x02, 0x3E, 0xC7, 0xD0, 0x6A, 0x3E,
    0x64, 0x25, 0x02, 0x3E, 0x4C, 0x57, 0x99, 0x3D, 0x75, 0x50, 0xD0, 0x3C, 0x4F, 0x01, 0x00, 0x00,
    0xDA, 0x03, 0x00, 0x00, 0x29, 0x05, 0x00, 0x00, 0x28, 0x06, 0xE7, 0x3D, 0x9D, 0x48, 0xD0, 0x3C,
    0x87, 0x51, 0x99, 0x3D, 0x7E, 0x20, 0x02, 0x3E, 0x18, 0x7B, 0x6A, 0x3E, 0x7E, 0x20, 0x02, 0x3E,
    0x87, 0x51, 0x99, 0x3D, 0x9D, 0x48, 0xD0, 0x3C, 0x53, 0x01, 0x00, 0x00, 0x10, 0x04, 0x00, 0x00,
    0x63, 0x05, 0x00, 0x00, 0x98, 0xBC, 0xEE, 0x3D, 0xB3, 0x42, 0xCF, 0x3C, 0xBB, 0x90, 0x98, 0x3D,
    0xDC, 0x7C, 0x01, 0x3E, 0x6C, 0x2D, 0x61, 0x3E, 0xDC, 0x7C, 0x01, 0x3E, 0xBB, 0x90, 0x98, 0x3D,
    0xB3, 0x42, 0xCF, 0x3C, 0x60, 0x01, 0x00, 0x00, 0x3B, 0x04, 0x00, 0x00, 0x9B, 0x05, 0x00, 0x00,
    0x44, 0x04, 0xF6, 0x3D, 0xCC, 0x0B, 0xCE, 0x3C, 0xDF, 0xAB, 0x97, 0x3D, 0x9F, 0xBA, 0x00, 0x3E,
    0x33, 0xE2, 0x58, 0x3E, 0x9F, 0xBA, 0x00, 0x3E, 0xDF, 0xAB, 0x97, 0x3D, 0xCC, 0x0B, 0xCE, 0x3C,
    0x65, 0x01, 0x00, 0x00, 0x44, 0x04, 0x00, 0x00, 0xA9, 0x05, 0x00, 0x00, 0xB4, 0xCF, 0xF7, 0x3D,
    0x0C, 0xB6, 0xCD, 0x3C, 0xC0, 0x6C, 0x97, 0x3D, 0x0A, 0x85, 0x00, 0x3E, 0x6F, 0xE8, 0x56, 0x3E,
    0x0A, 0x85, 0x00, 0x3E, 0xC0, 0x6C, 0x97, 0x3D, 0x0C, 0xB6, 0xCD, 0x3C, 0x69, 0x01, 0x00, 0x00,
    0x5E, 0x04, 0x00, 0x00, 0xC7, 0x05, 0x00, 0x00, 0x9B, 0x9F, 0xFB, 0x3D, 0x45, 0xF4, 0xCC, 0x3C,
    0x1C, 0xDE, 0x96, 0x3D, 0xFC, 0x0B, 0x00, 0x3E, 0x6C, 0xCC, 0x52, 0x3E, 0xFC, 0x0B, 0x00, 0x3E,
    0x1C, 0xDE, 0x96, 0x3D, 0x45, 0xF4, 0xCC, 0x3C, 0x7B, 0x01, 0x00, 0x00, 0xBA, 0x04, 0x00, 0x00,
    0x35, 0x06, 0x00, 0x00, 0x72, 0x9B, 0x04, 0x3E, 0xE9, 0xC6, 0xC9, 0x3C, 0x66, 0x87, 0x94, 0x3D,
    0xAB, 0x1F, 0xFC, 0x3D, 0x69, 0x0D, 0x45, 0x3E, 0xAB, 0x1F, 0xFC, 0x3D, 0x66, 0x87, 0x94, 0x3D,
    0xE9, 0xC6, 0xC9, 0x3C, 0x9B, 0x01, 0x00, 0x00, 0xE3, 0x04, 0x00, 0x00, 0x7E, 0x06, 0x00, 0x00,
    0xEA, 0xF3, 0x08, 0x3E, 0x92, 0x60, 0xC7, 0x3C, 0x2D, 0xC3, 0x92, 0x3D, 0x09, 0x20, 0xF9, 0x3D,
    0xF0, 0xF0, 0x3C, 0x3E, 0x09, 0x20, 0xF9, 0x3D, 0x2D, 0xC3, 0x92, 0x3D, 0x92, 0x60, 0xC7, 0x3C,
    0xB4, 0x01, 0x00, 0x00, 0xFB, 0x04, 0x00, 0x00, 0xAF, 0x06, 0x00, 0x00, 0x46, 0xCC, 0x0B, 0x3E,
    0x17, 0xA9, 0xC5, 0x3C, 0xAD, 0x7F, 0x91, 0x3D, 0xE8, 0xFA, 0xF6, 0x3D, 0x0F, 0xE4, 0x37, 0x3E,
    0xE8, 0xFA, 0xF6, 0x3D, 0xAD, 0x7F, 0x91, 0x3D, 0x17, 0xA9, 0xC5, 0x3C, 0xBD, 0x01, 0x00, 0x00,
    0x1A, 0x05, 0x00, 0x00, 0xD7, 0x06, 0x00, 0x00, 0x1C, 0x14, 0x0E, 0x3E, 0x78, 0x34, 0xC4, 0x3C,
    0x63, 0x6D, 0x90, 0x3D, 0x4B, 0x29, 0xF5, 0x3D, 0x4C, 0xFB, 0x33, 0x3E, 0x4B, 0x29, 0xF5, 0x3D,
    0x63, 0x6D, 0x90, 0x3D, 0x78, 0x34, 0xC4, 0x3C, 0xD3, 0x01, 0x00, 0x00, 0x95, 0x05, 0x00, 0x00,
    0x68, 0x07, 0x00, 0x00, 0x62, 0x09, 0x16, 0x3E, 0x6A, 0x9A, 0xBE, 0x3C, 0xC7, 0x4D, 0x8C, 0x3D,
    0x6D, 0x29, 0xEE, 0x3D, 0xF6, 0x37, 0x27, 0x3E, 0x6D, 0x29, 0xEE, 0x3D, 0xC7, 0x4D, 0x8C, 0x3D,
    0x6A, 0x9A, 0xBE, 0x3C, 0xF0, 0x01, 0x00, 0x00, 0xB3, 0x05, 0x00, 0x00, 0xA3, 0x07, 0x00, 0x00,
    0xBA, 0x23, 0x19, 0x3E, 0x17, 0x36, 0xBC, 0x3C, 0x0C, 0x8B, 0x8A, 0x3D, 0x54, 0x2C, 0xEB, 0x3D,
    0x43, 0x93, 0x22, 0x3E, 0x54, 0x2C, 0xEB, 0x3D, 0x0C, 0x8B, 0x8A, 0x3D, 0x17, 0x36, 0xBC, 0x3C,
    0x12, 0x02, 0x00, 0x00, 0xF9, 0x05, 0x00, 0x00, 0x0B, 0x08, 0x00, 0x00, 0xBA, 0x6C, 0x1E, 0x3E,
    0xF0, 0xE2, 0xB7, 0x3C, 0x0E, 0x5C, 0x87, 0x3D, 0xE7, 0xC4, 0xE5, 0x3D, 0x88, 0x0A, 0x1B, 0x3E,
    0xE7, 0xC4, 0xE5, 0x3D, 0x0E, 0x5C, 0x87, 0x3D, 0xF0, 0xE2, 0xB7, 0x3C, 0x74, 0x5A, 0xBB, 0x3C,
    0xCB, 0xB1, 0xC3, 0x3C, 0xC8, 0xA9, 0xC7, 0x3C, 0x9B, 0x6F, 0xC9, 0x3C, 0xBC, 0x8F, 0xC9, 0x3C,
    0xE9, 0x22, 0xCD, 0x3C, 0xA5, 0x79, 0xD0, 0x3C, 0x11, 0x4B, 0xD1, 0x3C, 0x52, 0x06, 0xD3, 0xBC,
    0x0B, 0x22, 0xD9, 0xBC, 0xCD, 0xFD, 0xDC, 0xBC, 0xED, 0x7F, 0xDF, 0xBC, 0x3D, 0x80, 0xE1, 0xBC,
    0x7D, 0x6D, 0xE8, 0xBC, 0xB2, 0x1B, 0xEB, 0xBC, 0x48, 0xA7, 0xEF, 0xBC, 0x74, 0x5A, 0xBB, 0x3C,
    0xCB, 0xB1, 0xC3, 0x3C, 0xC8, 0xA9, 0xC7, 0x3C, 0x9B, 0x6F, 0xC9, 0x3C, 0xBC, 0x8F, 0xC9, 0xBC,
    0xE9, 0x22, 0xCD, 0xBC, 0xA5, 0x79, 0xD0, 0xBC, 0x11, 0x4B, 0xD1, 0xBC, 0x52, 0x06, 0xD3, 0x3C,
    0x0B, 0x22, 0xD9, 0x3C, 0xCD, 0xFD, 0xDC, 0x3C, 0xED, 0x7F, 0xDF, 0x3C, 0x3D, 0x80, 0xE1, 0xBC,
    0x7D, 0x6D, 0xE8, 0xBC, 0xB2, 0x1B, 0xEB, 0xBC, 0x48, 0xA7, 0xEF, 0xBC, 0x74, 0x5A, 0xBB, 0xBC,
    0xCB, 0xB1, 0xC3, 0xBC, 0xC8, 0xA9, 0xC7, 0xBC, 0x9B, 0x6F, 0xC9, 0xBC, 0xBC, 0x8F, 0xC9, 0x3C,
    0xE9, 0x22, 0xCD, 0x3C, 0xA5, 0x79, 0xD0, 0x3C, 0x11, 0x4B, 0xD1, 0x3C, 0x52, 0x06, 0xD3, 0x3C,
    0x0B, 0x22, 0xD9, 0x3C, 0xCD, 0xFD, 0xDC, 0x3C, 0xED, 0x7F, 0xDF, 0x3C, 0x3D, 0x80, 0xE1, 0xBC,
    0x7D, 0x6D, 0xE8, 0xBC, 0xB2, 0x1B, 0xEB, 0xBC, 0x48, 0xA7, 0xEF, 0xBC, 0x74, 0x5A, 0xBB, 0x3C,
    0xCB, 0xB1, 0xC3, 0x3C, 0xC8, 0xA9, 0xC7, 0xBC, 0x9B, 0x6F, 0xC9, 0xBC, 0xBC, 0x8F, 0xC9, 0x3C,
    0xE9, 0x22, 0xCD, 0x3C, 0xA5, 0x79, 0xD0, 0xBC, 0x11, 0x4B, 0xD1, 0xBC, 0x52, 0x06, 0xD3, 0x3C,
    0x0B, 0x22, 0xD9, 0x3C, 0xCD, 0xFD, 0xDC, 0xBC, 0xED, 0x7F, 0xDF, 0xBC, 0x3D, 0x80, 0xE1, 0x3C,
    0x7D, 0x6D, 0xE8, 0x3C, 0xB2, 0x1B, 0xEB, 0xBC, 0x48, 0xA7, 0xEF, 0xBC, 0x74, 0x5A, 0xBB, 0xBC,
    0xCB, 0xB1, 0xC3, 0xBC, 0xC8, 0xA9, 0xC7, 0x3C, 0x9B, 0x6F, 0xC9, 0x3C, 0xBC, 0x8F, 0xC9, 0xBC,
    0xE9, 0x22, 0xCD, 0xBC, 0xA5, 0x79, 0xD0, 0x3C, 0x11, 0x4B, 0xD1, 0x3C, 0x52, 0x06, 0xD3, 0x3C,
    0x0B, 0x22, 0xD9, 0x3C, 0xCD, 0xFD, 0xDC, 0xBC, 0xED, 0x7F, 0xDF, 0xBC, 0x3D, 0x80, 0xE1, 0x3C,
    0x7D, 0x6D, 0xE8, 0x3C, 0xB2, 0x1B, 0xEB, 0xBC, 0x48, 0xA7, 0xEF, 0xBC, 0x74, 0x5A, 0xBB, 0xBC,
    0xCB, 0xB1, 0xC3, 0xBC, 0xC8, 0xA9, 0xC7, 0x3C, 0x9B, 0x6F, 0xC9, 0x3C, 0xBC, 0x8F, 0xC9, 0x3C,
    0xE9, 0x22, 0xCD, 0x3C, 0xA5, 0x79, 0xD0, 0xBC, 0x11, 0x4B, 0xD1, 0xBC, 0x52, 0x06, 0xD3, 0xBC,
    0x0B, 0x22, 0xD9, 0xBC, 0xCD, 0xFD, 0xDC, 0x3C, 0xED, 0x7F, 0xDF, 0x3C, 0x3D, 0x80, 0xE1, 0x3C,
    0x7D, 0x6D, 0xE8, 0x3C, 0xB2, 0x1B, 0xEB, 0xBC, 0x48, 0xA7, 0xEF, 0xBC, 0x74, 0x5A, 0xBB, 0x3C,
    0xCB, 0xB1, 0xC3, 0x3C, 0xC8, 0xA9, 0xC7, 0xBC, 0x9B, 0x6F, 0xC9, 0xBC, 0xBC, 0x8F, 0xC9, 0xBC,
    0xE9, 0x22, 0xCD, 0xBC, 0xA5, 0x79, 0xD0, 0x3C, 0x11, 0x4B, 0xD1, 0x3C, 0x52, 0x06, 0xD3, 0xBC,
    0x0B, 0x22, 0xD9, 0xBC, 0xCD, 0xFD, 0xDC, 0x3C, 0xED, 0x7F, 0xDF, 0x3C, 0x3D, 0x80, 0xE1, 0x3C,
    0x7D, 0x6D, 0xE8, 0x3C, 0xB2, 0x1B, 0xEB, 0xBC, 0x48, 0xA7, 0xEF, 0xBC, 0x74, 0x5A, 0xBB, 0xBC,
    0xCB, 0xB1, 0xC3, 0x3C, 0xC8, 0xA9, 0xC7, 0x3C, 0x9B, 0x6F, 0xC9, 0xBC, 0xBC, 0x8F, 0xC9, 0xBC,
    0xE9, 0x22, 0xCD, 0x3C, 0xA5, 0x79, 0xD0, 0x3C, 0x11, 0x4B, 0xD1, 0xBC, 0x52, 0x06, 0xD3, 0xBC,
    0x0B, 0x22, 0xD9, 0x3C, 0xCD, 0xFD, 0xDC, 0x3C, 0xED, 0x7F, 0xDF, 0xBC, 0x3D, 0x80, 0xE1, 0xBC,
    0x7D, 0x6D, 0xE8, 0x3C, 0xB2, 0x1B, 0xEB, 0x3C, 0x48, 0xA7, 0xEF, 0xBC, 0x89, 0x01, 0x00, 0x00,
    0x93, 0x00, 0x00, 0x00, 0xA1, 0x02, 0x00, 0x00, 0x30, 0x00, 0x00, 0x00, 0xFA, 0x36, 0x00, 0xC1,
    0x00, 0x00, 0x00, 0x00, 0x00, 0x00, 0x00, 0x00, 0xD7, 0x74, 0x8C, 0xC0, 0x00, 0x00, 0x00, 0x00,
    0x4C, 0x41, 0xF2, 0x3F, 0xA7, 0xA6, 0xA3, 0xC0, 0x67, 0x71, 0x46, 0x40, 0x00, 0x00, 0x50, 0x40,
    0x00, 0x00, 0x00, 0x00, 0x00, 0x00, 0x00, 0x00, 0x00, 0x00, 0x00, 0x00, 0x00, 0x00, 0x00, 0x00,
    0x00, 0x00, 0x00, 0x00, 0x00, 0x00, 0x00, 0x00, 0x00, 0x00, 0x00, 0x00, 0xE4, 0x38, 0x1F, 0xC1,
    0x00, 0x00, 0x40, 0xC0, 0x00, 0x00, 0xB8, 0xC1, 0x00, 0x00, 0x40, 0xC0, 0x00, 0x00, 0x00, 0x00,
    0x00, 0x00, 0xA0, 0xC1, 0x00, 0x00, 0x68, 0xC1, 0x00, 0x00, 0x40, 0xC0, 0x00, 0x00, 0xF0, 0xC0,
    0x00, 0x00, 0x40, 0xC0, 0x00, 0x00, 0xB0, 0xC0, 0x00, 0x00, 0x40, 0xC0, 0x00, 0x00, 0xC0, 0xBF,
    0x00, 0x00, 0xC0, 0xC0, 0x00, 0x00, 0x00, 0x00, 0x00, 0x00, 0x00, 0x00, 0x00, 0x00, 0x00, 0x00,
}};

alignas(4) constexpr std::array<std::uint8_t, 7568> kXinnSpreset_5inN_1 = {{
    0x11, 0x00, 0x00, 0x00, 0x20, 0x00, 0x00, 0x00, 0x00, 0xA0, 0x0C, 0x46, 0x70, 0x03, 0x06, 0xC0,
    0x66, 0x66, 0x86, 0x3F, 0x70, 0x1C, 0x47, 0x3E, 0xC8, 0x71, 0x9C, 0xBE, 0x70, 0x00, 0x00, 0x00,
    0x3E, 0x9D, 0x17, 0x3F, 0xCC, 0x00, 0x00, 0x00, 0x5F, 0x22, 0x91, 0x3E, 0x25, 0x02, 0x00, 0x00,
    0xE8, 0xDE, 0x61, 0x3D, 0x34, 0x06, 0x00, 0x00, 0x23, 0xCE, 0x65, 0x3D, 0x3B, 0x06, 0x00, 0x00,
    0xFB, 0xAA, 0xE2, 0x3C, 0x48, 0x06, 0x00, 0x00, 0x1C, 0x1C, 0xF7, 0xBC, 0xA4, 0x06, 0x00, 0x00,
    0x01, 0x96, 0xA9, 0xBC, 0xFE, 0x06, 0x00, 0x00, 0x26, 0x59, 0x80, 0x3C, 0x4E, 0x07, 0x00, 0x00,
    0x57, 0x88, 0x39, 0xBC, 0xA0, 0x07, 0x00, 0x00, 0xDE, 0x65, 0xB2, 0x3C, 0xE0, 0x07, 0x00, 0x00,
    0x04, 0x77, 0x3B, 0xBC, 0x2A, 0x08, 0x00, 0x00, 0xEE, 0x63, 0x3F, 0x3C, 0xAA, 0x08, 0x00, 0x00,
    0x94, 0x29, 0x8A, 0xBC, 0x2A, 0x09, 0x00, 0x00, 0x39, 0x91, 0x49, 0x3C, 0x5B, 0x09, 0x00, 0x00,
    0x17, 0xA9, 0x45, 0x3C, 0x9B, 0x09, 0x00, 0x00, 0xA8, 0x54, 0xC6, 0xBC, 0xD9, 0x09, 0x00, 0x00,
    0x9A, 0x49, 0x6F, 0x3C, 0xFD, 0x09, 0x00, 0x00, 0x83, 0x88, 0x93, 0x3C, 0x34, 0x0A, 0x00, 0x00,
    0xEA, 0xD7, 0x8F, 0x3C, 0x85, 0x0A, 0x00, 0x00, 0x54, 0x56, 0x72, 0x3C, 0xA9, 0x0A, 0x00, 0x00,
    0x85, 0xD1, 0x28, 0xBC, 0xEF, 0x0A, 0x00, 0x00, 0xC6, 0x43, 0x4A, 0xBC, 0x50, 0x0B, 0x00, 0x00,
    0x9C, 0x83, 0xCE, 0xBB, 0x76, 0x0B, 0x00, 0x00, 0x92, 0x7D, 0x0A, 0xBC, 0x93, 0x0B, 0x00, 0x00,
    0x59, 0xBC, 0x5A, 0x3C, 0xB6, 0x0B, 0x00, 0x00, 0xAB, 0xC3, 0x3C, 0xBC, 0xD9, 0x0B, 0x00, 0x00,
    0x98, 0xDA, 0x33, 0x3C, 0xED, 0x0B, 0x00, 0x00, 0x5B, 0x8C, 0x6C, 0xBC, 0x28, 0x0C, 0x00, 0x00,
    0x39, 0xCD, 0x46, 0xBC, 0x3C, 0x0C, 0x00, 0x00, 0xEE, 0x8C, 0x1D, 0xBC, 0x4E, 0x0C, 0x00, 0x00,
    0x14, 0xFD, 0x29, 0x3C, 0x59, 0x0C, 0x00, 0x00, 0x35, 0xE2, 0x13, 0xBC, 0x00, 0x00, 0x00, 0x00,
    0x00, 0x00, 0x00, 0x00, 0x00, 0x00, 0x00, 0x00, 0x00, 0x00, 0x00, 0x00, 0x00, 0x00, 0x00, 0x00,
    0x00, 0x00, 0x00, 0x00, 0x00, 0x00, 0x00, 0x00, 0x00, 0x00, 0x00, 0x00, 0x00, 0x00, 0x00, 0x00,
    0x00, 0x00, 0x00, 0x00, 0x00, 0x00, 0x00, 0x00, 0x00, 0x00, 0x00, 0x00, 0x00, 0x00, 0x00, 0x00,
    0x00, 0x00, 0x00, 0x00, 0x00, 0x00, 0x00, 0x00, 0x00, 0x00, 0x00, 0x00, 0x00, 0x00, 0x00, 0x00,
    0x00, 0x00, 0x00, 0x00, 0x00, 0x00, 0x00, 0x00, 0x00, 0x00, 0x00, 0x00, 0x00, 0x00, 0x00, 0x00,
    0x00, 0x00, 0x00, 0x00, 0x00, 0x00, 0x00, 0x00, 0x00, 0x00, 0x00, 0x00, 0x00, 0x00, 0x00, 0x00,
    0x00, 0x00, 0x00, 0x00, 0x00, 0x00, 0x00, 0x00, 0x00, 0x00, 0x00, 0x00, 0x00, 0x00, 0x00, 0x00,
    0x00, 0x00, 0x00, 0x00, 0x00, 0x00, 0x00, 0x00, 0x00, 0x00, 0x00, 0x00, 0x70, 0x00, 0x00, 0x00,
    0xB3, 0x1A, 0xB0, 0x3E, 0x23, 0x01, 0x00, 0x00, 0x00, 0x8D, 0x24, 0x3E, 0xA6, 0x04, 0x00, 0x00,
    0x1C, 0x3C, 0xD6, 0x3C, 0xDC, 0x04, 0x00, 0x00, 0xE4, 0x9F, 0x1C, 0x3D, 0x0A, 0x05, 0x00, 0x00,
    0x10, 0x61, 0x29, 0x3D, 0x49, 0x05, 0x00, 0x00, 0x82, 0x9A, 0xB2, 0xBC, 0x4B, 0x05, 0x00, 0x00,
    0x21, 0x15, 0xD2, 0x3C, 0x4D, 0x05, 0x00, 0x00, 0x7A, 0x65, 0xC8, 0xBC, 0x7B, 0x05, 0x00, 0x00,
    0x11, 0xC4, 0x19, 0x3D, 0xF8, 0x05, 0x00, 0x00, 0x91, 0xBA, 0x08, 0x3D, 0xFA, 0x05, 0x00, 0x00,
    0x05, 0xF9, 0xDA, 0xBC, 0x3B, 0x06, 0x00, 0x00, 0x40, 0x9B, 0x41, 0xBC, 0xB7, 0x06, 0x00, 0x00,
    0x68, 0x06, 0x4E, 0xBC, 0x28, 0x07, 0x00, 0x00, 0xA2, 0x53, 0xA2, 0xBC, 0x44, 0x07, 0x00, 0x00,
    0xD7, 0x70, 0x8B, 0x3C, 0x4A, 0x07, 0x00, 0x00, 0x0B, 0xAA, 0x9A, 0x3C, 0x58, 0x07, 0x00, 0x00,
    0x8B, 0x41, 0xB4, 0x3C, 0x5B, 0x07, 0x00, 0x00, 0xF0, 0x1F, 0x02, 0xBD, 0x5F, 0x07, 0x00, 0x00,
    0x5B, 0xC4, 0xA1, 0x3C, 0x6B, 0x07, 0x00, 0x00, 0x36, 0x0E, 0x8D, 0x3C, 0x84, 0x07, 0x00, 0x00,
    0x59, 0xBC, 0x5A, 0x3C, 0xC9, 0x07, 0x00, 0x00, 0xC3, 0x34, 0x63, 0xBC, 0x1C, 0x08, 0x00, 0x00,
    0xFC, 0x17, 0x6D, 0xBC, 0x69, 0x08, 0x00, 0x00, 0x9B, 0x7F, 0x68, 0x3C, 0x26, 0x09, 0x00, 0x00,
    0xA5, 0xFF, 0x5B, 0xBC, 0x43, 0x09, 0x00, 0x00, 0xD8, 0x94, 0x52, 0xBC, 0x4B, 0x09, 0x00, 0x00,
    0x38, 0x4D, 0x7C, 0x3C, 0x8C, 0x09, 0x00, 0x00, 0x25, 0xB8, 0x47, 0xBC, 0xC8, 0x09, 0x00, 0x00,
    0xE1, 0x90, 0x36, 0xBC, 0x09, 0x0A, 0x00, 0x00, 0xC7, 0x6A, 0x0C, 0xBC, 0x0C, 0x0A, 0x00, 0x00,
    0xFC, 0xC5, 0x2A, 0x3C, 0x1A, 0x0A, 0x00, 0x00, 0xA1, 0xDA, 0x3D, 0x3C, 0x00, 0x00, 0x00, 0x00,
    0x00, 0x00, 0x00, 0x00, 0x00, 0x00, 0x00, 0x00, 0x00, 0x00, 0x00, 0x00, 0x00, 0x00, 0x00, 0x00,
    0x00, 0x00, 0x00, 0x00, 0x00, 0x00, 0x00, 0x00, 0x00, 0x00, 0x00, 0x00, 0x00, 0x00, 0x00, 0x00,
    0x00, 0x00, 0x00, 0x00, 0x00, 0x00, 0x00, 0x00, 0x00, 0x00, 0x00, 0x00, 0x00, 0x00, 0x00, 0x00,
    0x00, 0x00, 0x00, 0x00, 0x00, 0x00, 0x00, 0x00, 0x00, 0x00, 0x00, 0x00, 0x00, 0x00, 0x00, 0x00,
    0x00, 0x00, 0x00, 0x00, 0x00, 0x00, 0x00, 0x00, 0x00, 0x00, 0x00, 0x00, 0x00, 0x00, 0x00, 0x00,
    0x00, 0x00, 0x00, 0x00, 0x00, 0x00, 0x00, 0x00, 0x00, 0x00, 0x00, 0x00, 0x00, 0x00, 0x00, 0x00,
    0x00, 0x00, 0x00, 0x00, 0x00, 0x00, 0x00, 0x00, 0x00, 0x00, 0x00, 0x00, 0x00, 0x00, 0x00, 0x00,
    0x00, 0x00, 0x00, 0x00, 0x00, 0x00, 0x00, 0x00, 0x00, 0x00, 0x00, 0x00, 0xAE, 0x00, 0x00, 0x00,
    0x02, 0xDA, 0x98, 0x3E, 0x1E, 0x01, 0x00, 0x00, 0xDB, 0xFF, 0x3F, 0x3E, 0x57, 0x02, 0x00, 0x00,
    0x57, 0xB2, 0x04, 0xBD, 0x14, 0x05, 0x00, 0x00, 0x8B, 0x08, 0xC4, 0x3D, 0x17, 0x05, 0x00, 0x00,
    0xBC, 0x19, 0xBC, 0xBC, 0xB5, 0x05, 0x00, 0x00, 0x06, 0xED, 0x2C, 0x3D, 0xC7, 0x05, 0x00, 0x00,
    0x3B, 0x1A, 0xC6, 0xBC, 0xDE, 0x05, 0x00, 0x00, 0xE5, 0xD7, 0x0E, 0x3D, 0x63, 0x06, 0x00, 0x00,
    0xCC, 0x37, 0x8D, 0xBC, 0x38, 0x07, 0x00, 0x00, 0x50, 0x0B, 0x00, 0x3D, 0x3E, 0x07, 0x00, 0x00,
    0x33, 0xAD, 0x09, 0x3D, 0x62, 0x07, 0x00, 0x00, 0x54, 0xFF, 0x9E, 0x3C, 0xE8, 0x07, 0x00, 0x00,
    0xC8, 0xF5, 0x8A, 0x3C, 0x0D, 0x08, 0x00, 0x00, 0xE0, 0x01, 0x91, 0xBC, 0x6B, 0x08, 0x00, 0x00,
    0xE8, 0xA3, 0x6D, 0x3C, 0xBB, 0x08, 0x00, 0x00, 0x99, 0x18, 0x84, 0xBC, 0x27, 0x09, 0x00, 0x00,
    0xC7, 0xB7, 0x98, 0xBC, 0x4E, 0x09, 0x00, 0x00, 0x81, 0x08, 0x8E, 0xBC, 0x7A, 0x09, 0x00, 0x00,
    0xD1, 0xF0, 0x80, 0xBC, 0x7E, 0x09, 0x00, 0x00, 0x05, 0xA8, 0x27, 0x3C, 0xA7, 0x09, 0x00, 0x00,
    0x23, 0x6E, 0x67, 0xBC, 0xCE, 0x09, 0x00, 0x00, 0x1D, 0x3B, 0x68, 0xBC, 0xFF, 0x09, 0x00, 0x00,
    0x1D, 0xBB, 0x59, 0xBC, 0x0F, 0x0A, 0x00, 0x00, 0x63, 0x32, 0x8E, 0x3C, 0x3C, 0x0A, 0x00, 0x00,
    0x88, 0x40, 0x5C, 0xBC, 0x3E, 0x0A, 0x00, 0x00, 0x95, 0xC7, 0x85, 0x3C, 0x99, 0x0A, 0x00, 0x00,
    0x2E, 0xB1, 0x4F, 0x3C, 0x09, 0x0B, 0x00, 0x00, 0x4A, 0x1C, 0x20, 0xBC, 0x1D, 0x0B, 0x00, 0x00,
    0x5C, 0x07, 0x24, 0xBC, 0x2C, 0x0B, 0x00, 0x00, 0xBE, 0xC1, 0x55, 0x3C, 0x39, 0x0B, 0x00, 0x00,
    0xD2, 0xF1, 0x62, 0x3C, 0x49, 0x0B, 0x00, 0x00, 0x96, 0x4C, 0xA6, 0x3C, 0x00, 0x00, 0x00, 0x00,
    0x00, 0x00, 0x00, 0x00, 0x00, 0x00, 0x00, 0x00, 0x00, 0x00, 0x00, 0x00, 0x00, 0x00, 0x00, 0x00,
    0x00, 0x00, 0x00, 0x00, 0x00, 0x00, 0x00, 0x00, 0x00, 0x00, 0x00, 0x00, 0x00, 0x00, 0x00, 0x00,
    0x00, 0x00, 0x00, 0x00, 0x00, 0x00, 0x00, 0x00, 0x00, 0x00, 0x00, 0x00, 0x00, 0x00, 0x00, 0x00,
    0x00, 0x00, 0x00, 0x00, 0x00, 0x00, 0x00, 0x00, 0x00, 0x00, 0x00, 0x00, 0x00, 0x00, 0x00, 0x00,
    0x00, 0x00, 0x00, 0x00, 0x00, 0x00, 0x00, 0x00, 0x00, 0x00, 0x00, 0x00, 0x00, 0x00, 0x00, 0x00,
    0x00, 0x00, 0x00, 0x00, 0x00, 0x00, 0x00, 0x00, 0x00, 0x00, 0x00, 0x00, 0x00, 0x00, 0x00, 0x00,
    0x00, 0x00, 0x00, 0x00, 0x00, 0x00, 0x00, 0x00, 0x00, 0x00, 0x00, 0x00, 0x00, 0x00, 0x00, 0x00,
    0x00, 0x00, 0x00, 0x00, 0x00, 0x00, 0x00, 0x00, 0x00, 0x00, 0x00, 0x00, 0xAE, 0x00, 0x00, 0x00,
    0x10, 0x22, 0x0F, 0x3F, 0xCC, 0x00, 0x00, 0x00, 0xBB, 0x22, 0x87, 0x3E, 0x23, 0x01, 0x00, 0x00,
    0xEC, 0xBB, 0x68, 0xBD, 0x87, 0x01, 0x00, 0x00, 0x42, 0x16, 0x04, 0x3D, 0x2B, 0x05, 0x00, 0x00,
    0x01, 0xFE, 0x63, 0x3C, 0xDB, 0x05, 0x00, 0x00, 0x8F, 0x1B, 0x7B, 0x3D, 0xDE, 0x05, 0x00, 0x00,
    0x8B, 0x41, 0xB4, 0xBC, 0xE0, 0x05, 0x00, 0x00, 0xCC, 0xD5, 0x09, 0x3D, 0xF3, 0x05, 0x00, 0x00,
    0x1C, 0x3C, 0xD6, 0x3C, 0x08, 0x06, 0x00, 0x00, 0x12, 0xF7, 0xD8, 0x3C, 0x17, 0x06, 0x00, 0x00,
    0xE3, 0x4A, 0xE5, 0xBC, 0x44, 0x06, 0x00, 0x00, 0x74, 0x10, 0xCD, 0xBC, 0x75, 0x06, 0x00, 0x00,
    0x87, 0xBA, 0xD6, 0xBC, 0x96, 0x06, 0x00, 0x00, 0xC1, 0x5B, 0x9D, 0x3C, 0xC7, 0x06, 0x00, 0x00,
    0x52, 0xA6, 0x6A, 0xBC, 0x32, 0x07, 0x00, 0x00, 0x30, 0xDD, 0x60, 0xBC, 0x9E, 0x07, 0x00, 0x00,
    0x83, 0xB8, 0xDA, 0xBC, 0xA0, 0x07, 0x00, 0x00, 0x4C, 0x45, 0xD4, 0x3C, 0xC2, 0x07, 0x00, 0x00,
    0x24, 0xD8, 0xF4, 0x3C, 0xD3, 0x07, 0x00, 0x00, 0x52, 0xDA, 0x06, 0xBD, 0x7F, 0x08, 0x00, 0x00,
    0x8A, 0x1D, 0x70, 0x3C, 0xA7, 0x08, 0x00, 0x00, 0x49, 0xFB, 0x59, 0xBC, 0x64, 0x09, 0x00, 0x00,
    0x96, 0x04, 0xCA, 0xBC, 0x98, 0x09, 0x00, 0x00, 0x26, 0x90, 0x6F, 0x3C, 0x09, 0x0A, 0x00, 0x00,
    0x81, 0x4D, 0x69, 0xBC, 0x28, 0x0A, 0x00, 0x00, 0x7B, 0x6C, 0x88, 0x3C, 0x89, 0x0A, 0x00, 0x00,
    0xB7, 0xBC, 0x6E, 0x3C, 0xCC, 0x0A, 0x00, 0x00, 0xAD, 0xD7, 0x76, 0xBC, 0x0F, 0x0B, 0x00, 0x00,
    0x55, 0x92, 0x69, 0x3C, 0x15, 0x0B, 0x00, 0x00, 0x8A, 0x1D, 0x70, 0x3C, 0x2F, 0x0B, 0x00, 0x00,
    0x25, 0x76, 0x6B, 0xBC, 0x45, 0x0B, 0x00, 0x00, 0x54, 0x56, 0x72, 0xBC, 0x00, 0x00, 0x00, 0x00,
    0x00, 0x00, 0x00, 0x00, 0x00, 0x00, 0x00, 0x00, 0x00, 0x00, 0x00, 0x00, 0x00, 0x00, 0x00, 0x00,
    0x00, 0x00, 0x00, 0x00, 0x00, 0x00, 0x00, 0x00, 0x00, 0x00, 0x00, 0x00, 0x00, 0x00, 0x00, 0x00,
    0x00, 0x00, 0x00, 0x00, 0x00, 0x00, 0x00, 0x00, 0x00, 0x00, 0x00, 0x00, 0x00, 0x00, 0x00, 0x00,
    0x00, 0x00, 0x00, 0x00, 0x00, 0x00, 0x00, 0x00, 0x00, 0x00, 0x00, 0x00, 0x00, 0x00, 0x00, 0x00,
    0x00, 0x00, 0x00, 0x00, 0x00, 0x00, 0x00, 0x00, 0x00, 0x00, 0x00, 0x00, 0x00, 0x00, 0x00, 0x00,
    0x00, 0x00, 0x00, 0x00, 0x00, 0x00, 0x00, 0x00, 0x00, 0x00, 0x00, 0x00, 0x00, 0x00, 0x00, 0x00,
    0x00, 0x00, 0x00, 0x00, 0x00, 0x00, 0x00, 0x00, 0x00, 0x00, 0x00, 0x00, 0x00, 0x00, 0x00, 0x00,
    0x00, 0x00, 0x00, 0x00, 0x00, 0x00, 0x00, 0x00, 0x00, 0x00, 0x00, 0x00, 0x8A, 0x00, 0x00, 0x00,
    0x11, 0xAB, 0x55, 0x3F, 0x8A, 0x01, 0x00, 0x00, 0xF4, 0x2D, 0x5B, 0x3E, 0x6C, 0x02, 0x00, 0x00,
    0x44, 0x11, 0xB9, 0x3D, 0x8E, 0x02, 0x00, 0x00, 0xE0, 0x13, 0x6A, 0xBD, 0xE8, 0x02, 0x00, 0x00,
    0xD5, 0x85, 0x4D, 0xBD, 0x80, 0x03, 0x00, 0x00, 0x61, 0x3E, 0x34, 0xBD, 0x4D, 0x04, 0x00, 0x00,
    0x2F, 0x28, 0xFD, 0xBC, 0x66, 0x05, 0x00, 0x00, 0x3D, 0xCE, 0xBA, 0x3C, 0xEB, 0x05, 0x00, 0x00,
    0xBE, 0xB3, 0x35, 0x3D, 0x54, 0x06, 0x00, 0x00, 0x81, 0x27, 0x87, 0x3D, 0x57, 0x06, 0x00, 0x00,
    0x50, 0x0B, 0x00, 0xBD, 0x61, 0x06, 0x00, 0x00, 0x71, 0xF9, 0xF5, 0xBC, 0x6C, 0x06, 0x00, 0x00,
    0x10, 0xA5, 0xA7, 0x3C, 0x1A, 0x07, 0x00, 0x00, 0xE5, 0x11, 0x95, 0x3C, 0xB3, 0x07, 0x00, 0x00,
    0x0F, 0x5D, 0x93, 0xBC, 0xC0, 0x07, 0x00, 0x00, 0x44, 0xF8, 0x96, 0x3C, 0x06, 0x08, 0x00, 0x00,
    0x44, 0xF8, 0x96, 0x3C, 0x11, 0x08, 0x00, 0x00, 0x15, 0x06, 0xA1, 0x3C, 0x39, 0x08, 0x00, 0x00,
    0x81, 0x95, 0x82, 0xBC, 0x94, 0x08, 0x00, 0x00, 0x54, 0x56, 0x72, 0x3C, 0xB9, 0x08, 0x00, 0x00,
    0x47, 0x44, 0x88, 0xBC, 0xCC, 0x08, 0x00, 0x00, 0x20, 0x7E, 0x5B, 0x3C, 0xE5, 0x08, 0x00, 0x00,
    0xD5, 0xA1, 0x66, 0x3C, 0x23, 0x09, 0x00, 0x00, 0x10, 0xA5, 0xA7, 0xBC, 0x48, 0x09, 0x00, 0x00,
    0x8A, 0x39, 0xA8, 0xBC, 0x79, 0x09, 0x00, 0x00, 0x55, 0x92, 0x69, 0xBC, 0x8A, 0x09, 0x00, 0x00,
    0x97, 0x0D, 0x80, 0x3C, 0xBB, 0x09, 0x00, 0x00, 0x71, 0x57, 0x91, 0x3C, 0xCC, 0x09, 0x00, 0x00,
    0x1E, 0xA4, 0x48, 0xBC, 0x52, 0x0A, 0x00, 0x00, 0x93, 0x5E, 0x89, 0xBC, 0x63, 0x0A, 0x00, 0x00,
    0x50, 0x86, 0x8E, 0x3C, 0x72, 0x0A, 0x00, 0x00, 0xD0, 0x78, 0x85, 0xBC, 0x00, 0x00, 0x00, 0x00,
    0x00, 0x00, 0x00, 0x00, 0x00, 0x00, 0x00, 0x00, 0x00, 0x00, 0x00, 0x00, 0x00, 0x00, 0x00, 0x00,
    0x00, 0x00, 0x00, 0x00, 0x00, 0x00, 0x00, 0x00, 0x00, 0x00, 0x00, 0x00, 0x00, 0x00, 0x00, 0x00,
    0x00, 0x00, 0x00, 0x00, 0x00, 0x00, 0x00, 0x00, 0x00, 0x00, 0x00, 0x00, 0x00, 0x00, 0x00, 0x00,
    0x00, 0x00, 0x00, 0x00, 0x00, 0x00, 0x00, 0x00, 0x00, 0x00, 0x00, 0x00, 0x00, 0x00, 0x00, 0x00,
    0x00, 0x00, 0x00, 0x00, 0x00, 0x00, 0x00, 0x00, 0x00, 0x00, 0x00, 0x00, 0x00, 0x00, 0x00, 0x00,
    0x00, 0x00, 0x00, 0x00, 0x00, 0x00, 0x00, 0x00, 0x00, 0x00, 0x00, 0x00, 0x00, 0x00, 0x00, 0x00,
    0x00, 0x00, 0x00, 0x00, 0x00, 0x00, 0x00, 0x00, 0x00, 0x00, 0x00, 0x00, 0x00, 0x00, 0x00, 0x00,
    0x00, 0x00, 0x00, 0x00, 0x00, 0x00, 0x00, 0x00, 0x00, 0x00, 0x00, 0x00, 0xA5, 0x00, 0x00, 0x00,
    0x06, 0x4B, 0x22, 0x3E, 0xA0, 0x01, 0x00, 0x00, 0xCE, 0x00, 0x47, 0x3D, 0x2A, 0x02, 0x00, 0x00,
    0x85, 0x25, 0x85, 0x3D, 0x75, 0x03, 0x00, 0x00, 0x56, 0x5A, 0x1F, 0xBD, 0x00, 0x04, 0x00, 0x00,
    0xEA, 0x4C, 0xCD, 0x3C, 0x20, 0x05, 0x00, 0x00, 0x5B, 0xEF, 0x03, 0xBD, 0x8C, 0x05, 0x00, 0x00,
    0xCF, 0xC9, 0xF8, 0x3D, 0x8E, 0x05, 0x00, 0x00, 0x94, 0x37, 0xB8, 0xBD, 0xBB, 0x05, 0x00, 0x00,
    0xE9, 0x8A, 0x06, 0xBD, 0xEB, 0x05, 0x00, 0x00, 0xE1, 0x3A, 0x84, 0x3D, 0x4E, 0x06, 0x00, 0x00,
    0x4B, 0x1C, 0x0B, 0x3D, 0x9B, 0x06, 0x00, 0x00, 0xB0, 0x8B, 0x74, 0x3D, 0x9D, 0x06, 0x00, 0x00,
    0x40, 0x62, 0x21, 0xBD, 0x33, 0x07, 0x00, 0x00, 0x10, 0xF4, 0x87, 0x3C, 0x36, 0x07, 0x00, 0x00,
    0xFC, 0xA6, 0xF0, 0xBC, 0x48, 0x07, 0x00, 0x00, 0x05, 0xF9, 0xDA, 0xBC, 0x7D, 0x07, 0x00, 0x00,
    0x4D, 0x8E, 0x94, 0xBC, 0xAF, 0x07, 0x00, 0x00, 0x2C, 0xC3, 0xB0, 0x3C, 0xC6, 0x07, 0x00, 0x00,
    0x29, 0x72, 0xEE, 0xBC, 0xCC, 0x07, 0x00, 0x00, 0xAF, 0x73, 0xBB, 0x3C, 0x13, 0x08, 0x00, 0x00,
    0xF1, 0x7A, 0x59, 0xBC, 0x86, 0x08, 0x00, 0x00, 0x64, 0x18, 0x9C, 0x3C, 0xAE, 0x08, 0x00, 0x00,
    0xBC, 0x95, 0xA4, 0xBC, 0xE1, 0x08, 0x00, 0x00, 0x6A, 0xB3, 0x79, 0xBC, 0x04, 0x09, 0x00, 0x00,
    0xA2, 0x68, 0x37, 0x3C, 0x4A, 0x09, 0x00, 0x00, 0xB8, 0xA2, 0x3D, 0xBC, 0xAF, 0x09, 0x00, 0x00,
    0x68, 0x61, 0x2A, 0x3C, 0xC7, 0x09, 0x00, 0x00, 0x1B, 0x01, 0x6C, 0xBC, 0xD7, 0x09, 0x00, 0x00,
    0x07, 0xFD, 0x79, 0xBC, 0x09, 0x0A, 0x00, 0x00, 0x54, 0x82, 0x91, 0x3C, 0x3C, 0x0A, 0x00, 0x00,
    0x9A, 0xE8, 0x14, 0x3C, 0x3F, 0x0A, 0x00, 0x00, 0x5D, 0x86, 0x22, 0xBC, 0x00, 0x00, 0x00, 0x00,
    0x00, 0x00, 0x00, 0x00, 0x00, 0x00, 0x00, 0x00, 0x00, 0x00, 0x00, 0x00, 0x00, 0x00, 0x00, 0x00,
    0x00, 0x00, 0x00, 0x00, 0x00, 0x00, 0x00, 0x00, 0x00, 0x00, 0x00, 0x00, 0x00, 0x00, 0x00, 0x00,
    0x00, 0x00, 0x00, 0x00, 0x00, 0x00, 0x00, 0x00, 0x00, 0x00, 0x00, 0x00, 0x00, 0x00, 0x00, 0x00,
    0x00, 0x00, 0x00, 0x00, 0x00, 0x00, 0x00, 0x00, 0x00, 0x00, 0x00, 0x00, 0x00, 0x00, 0x00, 0x00,
    0x00, 0x00, 0x00, 0x00, 0x00, 0x00, 0x00, 0x00, 0x00, 0x00, 0x00, 0x00, 0x00, 0x00, 0x00, 0x00,
    0x00, 0x00, 0x00, 0x00, 0x00, 0x00, 0x00, 0x00, 0x00, 0x00, 0x00, 0x00, 0x00, 0x00, 0x00, 0x00,
    0x00, 0x00, 0x00, 0x00, 0x00, 0x00, 0x00, 0x00, 0x00, 0x00, 0x00, 0x00, 0x00, 0x00, 0x00, 0x00,
    0x00, 0x00, 0x00, 0x00, 0x00, 0x00, 0x00, 0x00, 0x00, 0x00, 0x00, 0x00, 0xA2, 0x00, 0x00, 0x00,
    0x06, 0x4B, 0x22, 0x3E, 0x9A, 0x01, 0x00, 0x00, 0x1C, 0x15, 0x96, 0x3D, 0x7B, 0x02, 0x00, 0x00,
    0x5B, 0x76, 0x5B, 0x3D, 0xF3, 0x02, 0x00, 0x00, 0x2B, 0xA2, 0xEA, 0x3C, 0xF6, 0x02, 0x00, 0x00,
    0xA9, 0xA7, 0x3B, 0xBD, 0x97, 0x03, 0x00, 0x00, 0xBB, 0x60, 0x01, 0xBD, 0xCA, 0x05, 0x00, 0x00,
    0x05, 0x2F, 0xA4, 0x3D, 0x35, 0x06, 0x00, 0x00, 0xB4, 0x28, 0xE3, 0x3D, 0x42, 0x06, 0x00, 0x00,
    0x50, 0x5B, 0x9B, 0xBD, 0x4E, 0x06, 0x00, 0x00, 0xD4, 0x54, 0xE0, 0x3C, 0x79, 0x06, 0x00, 0x00,
    0x96, 0x4C, 0xA6, 0xBC, 0x8F, 0x06, 0x00, 0x00, 0xB5, 0x59, 0xED, 0xBC, 0x9F, 0x06, 0x00, 0x00,
    0x7C, 0x3C, 0xBB, 0x3C, 0xE3, 0x06, 0x00, 0x00, 0x8C, 0x43, 0xA3, 0xBC, 0xFF, 0x06, 0x00, 0x00,
    0x92, 0x39, 0xDB, 0x3C, 0x16, 0x07, 0x00, 0x00, 0x54, 0x52, 0x8A, 0xBC, 0x6B, 0x07, 0x00, 0x00,
    0x09, 0xE1, 0xF2, 0xBC, 0x92, 0x07, 0x00, 0x00, 0xF3, 0x22, 0xAE, 0xBC, 0xCB, 0x07, 0x00, 0x00,
    0x96, 0x4C, 0xA6, 0x3C, 0x0A, 0x08, 0x00, 0x00, 0xA8, 0xA2, 0x9C, 0xBC, 0x5E, 0x08, 0x00, 0x00,
    0xA0, 0x48, 0x82, 0x3C, 0xB5, 0x08, 0x00, 0x00, 0xB0, 0x48, 0xA0, 0x3C, 0x38, 0x09, 0x00, 0x00,
    0x82, 0xAD, 0xCF, 0xBC, 0x5B, 0x09, 0x00, 0x00, 0xDF, 0x43, 0x55, 0x3C, 0xA6, 0x09, 0x00, 0x00,
    0xA5, 0xFF, 0x5B, 0x3C, 0xE4, 0x09, 0x00, 0x00, 0x93, 0x5E, 0x89, 0xBC, 0x20, 0x0A, 0x00, 0x00,
    0x98, 0x1B, 0xA6, 0x3C, 0x78, 0x0A, 0x00, 0x00, 0x03, 0xA4, 0x87, 0xBC, 0xA0, 0x0A, 0x00, 0x00,
    0x56, 0x70, 0xCF, 0xBC, 0xDA, 0x0A, 0x00, 0x00, 0xBC, 0x30, 0xE3, 0xBC, 0xEE, 0x0A, 0x00, 0x00,
    0xC7, 0x8B, 0x5E, 0x3C, 0xF7, 0x0A, 0x00, 0x00, 0x26, 0xD2, 0x6C, 0xBC, 0x00, 0x00, 0x00, 0x00,
    0x00, 0x00, 0x00, 0x00, 0x00, 0x00, 0x00, 0x00, 0x00, 0x00, 0x00, 0x00, 0x00, 0x00, 0x00, 0x00,
    0x00, 0x00, 0x00, 0x00, 0x00, 0x00, 0x00, 0x00, 0x00, 0x00, 0x00, 0x00, 0x00, 0x00, 0x00, 0x00,
    0x00, 0x00, 0x00, 0x00, 0x00, 0x00, 0x00, 0x00, 0x00, 0x00, 0x00, 0x00, 0x00, 0x00, 0x00, 0x00,
    0x00, 0x00, 0x00, 0x00, 0x00, 0x00, 0x00, 0x00, 0x00, 0x00, 0x00, 0x00, 0x00, 0x00, 0x00, 0x00,
    0x00, 0x00, 0x00, 0x00, 0x00, 0x00, 0x00, 0x00, 0x00, 0x00, 0x00, 0x00, 0x00, 0x00, 0x00, 0x00,
    0x00, 0x00, 0x00, 0x00, 0x00, 0x00, 0x00, 0x00, 0x00, 0x00, 0x00, 0x00, 0x00, 0x00, 0x00, 0x00,
    0x00, 0x00, 0x00, 0x00, 0x00, 0x00, 0x00, 0x00, 0x00, 0x00, 0x00, 0x00, 0x00, 0x00, 0x00, 0x00,
    0x00, 0x00, 0x00, 0x00, 0x00, 0x00, 0x00, 0x00, 0x00, 0x00, 0x00, 0x00, 0x8B, 0x00, 0x00, 0x00,
    0xDA, 0xE6, 0x56, 0x3F, 0x8C, 0x01, 0x00, 0x00, 0x13, 0x05, 0x44, 0x3E, 0x1D, 0x02, 0x00, 0x00,
    0x5E, 0x6A, 0x33, 0x3D, 0x6A, 0x03, 0x00, 0x00, 0xDF, 0x0F, 0xC9, 0x3D, 0x8E, 0x03, 0x00, 0x00,
    0xF9, 0xF9, 0x7B, 0x3D, 0xB1, 0x05, 0x00, 0x00, 0x4C, 0xEA, 0x85, 0x3D, 0xB3, 0x05, 0x00, 0x00,
    0x61, 0x8D, 0x52, 0xBD, 0x0E, 0x06, 0x00, 0x00, 0xC2, 0xF8, 0x6B, 0x3D, 0x10, 0x06, 0x00, 0x00,
    0x4B, 0x1C, 0x0B, 0xBD, 0xBB, 0x06, 0x00, 0x00, 0xC6, 0xAB, 0x26, 0x3D, 0xBD, 0x06, 0x00, 0x00,
    0xC4, 0x79, 0x1A, 0xBD, 0xE9, 0x06, 0x00, 0x00, 0x85, 0x8E, 0xE5, 0x3C, 0x4E, 0x07, 0x00, 0x00,
    0x93, 0xA0, 0xC8, 0x3C, 0x51, 0x07, 0x00, 0x00, 0xD4, 0x54, 0xE0, 0xBC, 0x96, 0x07, 0x00, 0x00,
    0x32, 0xF6, 0xCE, 0xBC, 0xDA, 0x07, 0x00, 0x00, 0x14, 0xFA, 0xA9, 0x3C, 0x13, 0x08, 0x00, 0x00,
    0xD3, 0x34, 0xA4, 0x3C, 0xC1, 0x08, 0x00, 0x00, 0x7B, 0x89, 0xCD, 0xBC, 0x03, 0x09, 0x00, 0x00,
    0xAB, 0xEA, 0xA5, 0xBC, 0x36, 0x09, 0x00, 0x00, 0x8C, 0xEC, 0xB5, 0x3C, 0x6D, 0x09, 0x00, 0x00,
    0xF4, 0x58, 0x8F, 0x3C, 0x13, 0x0A, 0x00, 0x00, 0xB0, 0x48, 0xA0, 0xBC, 0x15, 0x0A, 0x00, 0x00,
    0x84, 0x25, 0xE2, 0x3C, 0x17, 0x0A, 0x00, 0x00, 0x0B, 0xAA, 0x9A, 0xBC, 0x6B, 0x0A, 0x00, 0x00,
    0xBB, 0xAF, 0x92, 0x3C, 0x80, 0x0A, 0x00, 0x00, 0x1E, 0x7B, 0x8A, 0xBC, 0xB3, 0x0A, 0x00, 0x00,
    0xA4, 0x2C, 0xEB, 0xBC, 0x25, 0x0B, 0x00, 0x00, 0x68, 0x2D, 0x9D, 0x3C, 0x49, 0x0B, 0x00, 0x00,
    0x12, 0x6A, 0x08, 0x3D, 0x4D, 0x0B, 0x00, 0x00, 0x2E, 0x8E, 0xE9, 0xBC, 0x50, 0x0B, 0x00, 0x00,
    0xB4, 0x0B, 0x0D, 0x3D, 0x5C, 0x0B, 0x00, 0x00, 0xFC, 0x64, 0xF7, 0xBC, 0x00, 0x00, 0x00, 0x00,
    0x00, 0x00, 0x00, 0x00, 0x00, 0x00, 0x00, 0x00, 0x00, 0x00, 0x00, 0x00, 0x00, 0x00, 0x00, 0x00,
    0x00, 0x00, 0x00, 0x00, 0x00, 0x00, 0x00, 0x00, 0x00, 0x00, 0x00, 0x00, 0x00, 0x00, 0x00, 0x00,
    0x00, 0x00, 0x00, 0x00, 0x00, 0x00, 0x00, 0x00, 0x00, 0x00, 0x00, 0x00, 0x00, 0x00, 0x00, 0x00,
    0x00, 0x00, 0x00, 0x00, 0x00, 0x00, 0x00, 0x00, 0x00, 0x00, 0x00, 0x00, 0x00, 0x00, 0x00, 0x00,
    0x00, 0x00, 0x00, 0x00, 0x00, 0x00, 0x00, 0x00, 0x00, 0x00, 0x00, 0x00, 0x00, 0x00, 0x00, 0x00,
    0x00, 0x00, 0x00, 0x00, 0x00, 0x00, 0x00, 0x00, 0x00, 0x00, 0x00, 0x00, 0x00, 0x00, 0x00, 0x00,
    0x00, 0x00, 0x00, 0x00, 0x00, 0x00, 0x00, 0x00, 0x00, 0x00, 0x00, 0x00, 0x00, 0x00, 0x00, 0x00,
    0x00, 0x00, 0x00, 0x00, 0x00, 0x00, 0x00, 0x00, 0x00, 0x00, 0x00, 0x00, 0xDA, 0x00, 0x00, 0x00,
    0x93, 0x92, 0x33, 0x3F, 0xCD, 0x01, 0x00, 0x00, 0xA6, 0x67, 0x88, 0x3D, 0x37, 0x02, 0x00, 0x00,
    0x28, 0x84, 0xAC, 0x3D, 0xAE, 0x02, 0x00, 0x00, 0xBD, 0x7F, 0x11, 0x3D, 0xCD, 0x02, 0x00, 0x00,
    0x80, 0xB7, 0x14, 0xBD, 0x8C, 0x03, 0x00, 0x00, 0x87, 0xF2, 0x4E, 0x3D, 0x8E, 0x03, 0x00, 0x00,
    0x9C, 0x60, 0x77, 0xBD, 0x7B, 0x04, 0x00, 0x00, 0xB8, 0x78, 0xD7, 0x3C, 0xCD, 0x04, 0x00, 0x00,
    0x28, 0x2F, 0xCB, 0xBC, 0x14, 0x05, 0x00, 0x00, 0xD4, 0x54, 0xE0, 0x3C, 0x60, 0x05, 0x00, 0x00,
    0xAB, 0x42, 0xC0, 0x3C, 0x92, 0x05, 0x00, 0x00, 0xB6, 0x8C, 0xAB, 0xBC, 0x44, 0x06, 0x00, 0x00,
    0x43, 0xF3, 0xAF, 0xBC, 0x7E, 0x06, 0x00, 0x00, 0x66, 0xF9, 0xB6, 0xBC, 0xAC, 0x06, 0x00, 0x00,
    0xE6, 0x83, 0xD4, 0x3C, 0xFF, 0x06, 0x00, 0x00, 0x4F, 0x56, 0xAE, 0xBC, 0x3E, 0x07, 0x00, 0x00,
    0xF5, 0xEC, 0xC0, 0xBC, 0xA6, 0x07, 0x00, 0x00, 0x1A, 0x65, 0xA1, 0xBC, 0xD0, 0x07, 0x00, 0x00,
    0xEE, 0x5F, 0x14, 0xBD, 0x43, 0x08, 0x00, 0x00, 0x34, 0xEE, 0x95, 0x3C, 0x81, 0x08, 0x00, 0x00,
    0x7E, 0xD6, 0xA7, 0x3C, 0xD1, 0x08, 0x00, 0x00, 0xCF, 0x17, 0xB9, 0xBC, 0xD5, 0x08, 0x00, 0x00,
    0xAB, 0x8D, 0xB6, 0xBC, 0x06, 0x09, 0x00, 0x00, 0x81, 0x08, 0x8E, 0x3C, 0x87, 0x09, 0x00, 0x00,
    0x55, 0x77, 0xD8, 0xBC, 0xE2, 0x09, 0x00, 0x00, 0xB6, 0xAE, 0xA6, 0xBC, 0xF4, 0x09, 0x00, 0x00,
    0x8B, 0x3F, 0x84, 0x3C, 0x7D, 0x0A, 0x00, 0x00, 0xAB, 0xDE, 0x8D, 0x3C, 0xC5, 0x0A, 0x00, 0x00,
    0xDE, 0xF7, 0xD7, 0xBC, 0xE0, 0x0A, 0x00, 0x00, 0x70, 0x99, 0xD1, 0xBC, 0x07, 0x0B, 0x00, 0x00,
    0x83, 0x88, 0x93, 0x3C, 0x75, 0x0B, 0x00, 0x00, 0xC7, 0x79, 0xC7, 0x3C, 0x00, 0x00, 0x00, 0x00,
    0x00, 0x00, 0x00, 0x00, 0x00, 0x00, 0x00, 0x00, 0x00, 0x00, 0x00, 0x00, 0x00, 0x00, 0x00, 0x00,
    0x00, 0x00, 0x00, 0x00, 0x00, 0x00, 0x00, 0x00, 0x00, 0x00, 0x00, 0x00, 0x00, 0x00, 0x00, 0x00,
    0x00, 0x00, 0x00, 0x00, 0x00, 0x00, 0x00, 0x00, 0x00, 0x00, 0x00, 0x00, 0x00, 0x00, 0x00, 0x00,
    0x00, 0x00, 0x00, 0x00, 0x00, 0x00, 0x00, 0x00, 0x00, 0x00, 0x00, 0x00, 0x00, 0x00, 0x00, 0x00,
    0x00, 0x00, 0x00, 0x00, 0x00, 0x00, 0x00, 0x00, 0x00, 0x00, 0x00, 0x00, 0x00, 0x00, 0x00, 0x00,
    0x00, 0x00, 0x00, 0x00, 0x00, 0x00, 0x00, 0x00, 0x00, 0x00, 0x00, 0x00, 0x00, 0x00, 0x00, 0x00,
    0x00, 0x00, 0x00, 0x00, 0x00, 0x00, 0x00, 0x00, 0x00, 0x00, 0x00, 0x00, 0x00, 0x00, 0x00, 0x00,
    0x00, 0x00, 0x00, 0x00, 0x00, 0x00, 0x00, 0x00, 0x00, 0x00, 0x00, 0x00, 0x07, 0x01, 0x00, 0x00,
    0x99, 0x87, 0x2A, 0x3E, 0x46, 0x02, 0x00, 0x00, 0x4E, 0x89, 0xF8, 0x3C, 0x88, 0x03, 0x00, 0x00,
    0x70, 0x99, 0xD1, 0x3C, 0x0A, 0x04, 0x00, 0x00, 0x70, 0xC2, 0x4D, 0x3D, 0xF6, 0x04, 0x00, 0x00,
    0x0F, 0x5D, 0x93, 0x3C, 0x2D, 0x05, 0x00, 0x00, 0x5B, 0xC4, 0xA1, 0x3C, 0xB7, 0x05, 0x00, 0x00,
    0x0C, 0x94, 0xB1, 0xBC, 0x82, 0x06, 0x00, 0x00, 0x37, 0xBB, 0x9F, 0x3C, 0x38, 0x07, 0x00, 0x00,
    0x51, 0xA7, 0x1A, 0x3D, 0x6B, 0x07, 0x00, 0x00, 0xBC, 0x2D, 0x45, 0x3D, 0x6D, 0x07, 0x00, 0x00,
    0x5D, 0x06, 0x72, 0xBD, 0x8C, 0x07, 0x00, 0x00, 0xC1, 0x5B, 0x9D, 0x3C, 0x37, 0x08, 0x00, 0x00,
    0xA5, 0xD6, 0xA0, 0xBC, 0x3C, 0x08, 0x00, 0x00, 0x43, 0xF3, 0xAF, 0x3C, 0x56, 0x08, 0x00, 0x00,
    0x70, 0xC3, 0xDD, 0xBC, 0xA8, 0x08, 0x00, 0x00, 0x01, 0x7F, 0x80, 0x3C, 0xE5, 0x08, 0x00, 0x00,
    0x88, 0x40, 0x5C, 0x3C, 0xF7, 0x08, 0x00, 0x00, 0xE9, 0x50, 0x5F, 0x3C, 0x53, 0x09, 0x00, 0x00,
    0xB4, 0xF6, 0x67, 0x3C, 0x8A, 0x09, 0x00, 0x00, 0x1E, 0xE2, 0x7C, 0xBC, 0xDF, 0x09, 0x00, 0x00,
    0xB3, 0x34, 0x45, 0x3C, 0xF7, 0x09, 0x00, 0x00, 0x52, 0x8D, 0x2C, 0xBC, 0x13, 0x0A, 0x00, 0x00,
    0xDA, 0x6A, 0x3D, 0x3C, 0x8F, 0x0A, 0x00, 0x00, 0xCE, 0xE2, 0x26, 0xBC, 0xDD, 0x0A, 0x00, 0x00,
    0x81, 0xBF, 0x2D, 0xBC, 0x0E, 0x0B, 0x00, 0x00, 0x35, 0xE2, 0x13, 0x3C, 0x7A, 0x0B, 0x00, 0x00,
    0x37, 0x49, 0x1C, 0xBC, 0xE7, 0x0B, 0x00, 0x00, 0xBC, 0x95, 0xA4, 0x3C, 0xE9, 0x0B, 0x00, 0x00,
    0xBE, 0xC1, 0x55, 0xBC, 0xEC, 0x0B, 0x00, 0x00, 0xAA, 0x65, 0x86, 0x3C, 0xF6, 0x0B, 0x00, 0x00,
    0x55, 0x77, 0xD8, 0x3C, 0xF8, 0x0B, 0x00, 0x00, 0xD2, 0xDB, 0x84, 0xBC, 0x00, 0x00, 0x00, 0x00,
    0x00, 0x00, 0x00, 0x00, 0x00, 0x00, 0x00, 0x00, 0x00, 0x00, 0x00, 0x00, 0x00, 0x00, 0x00, 0x00,
    0x00, 0x00, 0x00, 0x00, 0x00, 0x00, 0x00, 0x00, 0x00, 0x00, 0x00, 0x00, 0x00, 0x00, 0x00, 0x00,
    0x00, 0x00, 0x00, 0x00, 0x00, 0x00, 0x00, 0x00, 0x00, 0x00, 0x00, 0x00, 0x00, 0x00, 0x00, 0x00,
    0x00, 0x00, 0x00, 0x00, 0x00, 0x00, 0x00, 0x00, 0x00, 0x00, 0x00, 0x00, 0x00, 0x00, 0x00, 0x00,
    0x00, 0x00, 0x00, 0x00, 0x00, 0x00, 0x00, 0x00, 0x00, 0x00, 0x00, 0x00, 0x00, 0x00, 0x00, 0x00,
    0x00, 0x00, 0x00, 0x00, 0x00, 0x00, 0x00, 0x00, 0x00, 0x00, 0x00, 0x00, 0x00, 0x00, 0x00, 0x00,
    0x00, 0x00, 0x00, 0x00, 0x00, 0x00, 0x00, 0x00, 0x00, 0x00, 0x00, 0x00, 0x00, 0x00, 0x00, 0x00,
    0x00, 0x00, 0x00, 0x00, 0x00, 0x00, 0x00, 0x00, 0x00, 0x00, 0x00, 0x00, 0x03, 0x01, 0x00, 0x00,
    0x8B, 0xFD, 0x20, 0x3E, 0xEB, 0x01, 0x00, 0x00, 0xB8, 0x78, 0xD7, 0x3C, 0x60, 0x02, 0x00, 0x00,
    0x19, 0x8F, 0xB0, 0xBC, 0xC6, 0x02, 0x00, 0x00, 0xA1, 0xFC, 0x36, 0xBC, 0x83, 0x03, 0x00, 0x00,
    0xDE, 0xDF, 0xA6, 0x3C, 0xBE, 0x03, 0x00, 0x00, 0xDF, 0x69, 0x95, 0x3C, 0x15, 0x04, 0x00, 0x00,
    0xAE, 0x91, 0x8C, 0x3C, 0xCA, 0x04, 0x00, 0x00, 0x80, 0x81, 0x5C, 0x3C, 0x9F, 0x05, 0x00, 0x00,
    0x3C, 0xB7, 0xD9, 0xBC, 0xA1, 0x05, 0x00, 0x00, 0xFC, 0xA6, 0xF0, 0x3C, 0xB0, 0x05, 0x00, 0x00,
    0x59, 0xFB, 0x77, 0x3C, 0x71, 0x06, 0x00, 0x00, 0xBA, 0x76, 0xB4, 0xBC, 0x73, 0x06, 0x00, 0x00,
    0xA1, 0x8E, 0x9B, 0x3C, 0x80, 0x06, 0x00, 0x00, 0xAE, 0x91, 0x8C, 0x3C, 0xD9, 0x06, 0x00, 0x00,
    0x13, 0x07, 0x33, 0xBC, 0x03, 0x07, 0x00, 0x00, 0x58, 0x9C, 0x3F, 0x3C, 0xD8, 0x07, 0x00, 0x00,
    0x9A, 0x49, 0x6F, 0xBC, 0xDB, 0x07, 0x00, 0x00, 0x09, 0xBF, 0x39, 0x3C, 0x94, 0x08, 0x00, 0x00,
    0xBE, 0xC1, 0x55, 0x3C, 0x9B, 0x08, 0x00, 0x00, 0x1F, 0x30, 0x6E, 0x3C, 0xBE, 0x08, 0x00, 0x00,
    0xD2, 0xF1, 0x62, 0xBC, 0xC1, 0x08, 0x00, 0x00, 0xB2, 0xD4, 0x5F, 0xBC, 0xFD, 0x08, 0x00, 0x00,
    0x8F, 0x2B, 0x3F, 0xBC, 0xBB, 0x09, 0x00, 0x00, 0x32, 0xC0, 0x2C, 0xBC, 0xCF, 0x09, 0x00, 0x00,
    0xFC, 0x8E, 0x1F, 0x3C, 0xE1, 0x09, 0x00, 0x00, 0x0B, 0x14, 0x27, 0x3C, 0x49, 0x0A, 0x00, 0x00,
    0xAE, 0x5F, 0x13, 0xBC, 0x85, 0x0A, 0x00, 0x00, 0x92, 0x7D, 0x0A, 0xBC, 0x09, 0x0B, 0x00, 0x00,
    0x4F, 0x65, 0xEA, 0xBB, 0x76, 0x0B, 0x00, 0x00, 0x6C, 0x0D, 0x40, 0xBC, 0x77, 0x0B, 0x00, 0x00,
    0x5C, 0x07, 0x24, 0x3C, 0x7C, 0x0B, 0x00, 0x00, 0x6B, 0x27, 0x2F, 0xBC, 0x00, 0x00, 0x00, 0x00,
    0x00, 0x00, 0x00, 0x00, 0x00, 0x00, 0x00, 0x00, 0x00, 0x00, 0x00, 0x00, 0x00, 0x00, 0x00, 0x00,
    0x00, 0x00, 0x00, 0x00, 0x00, 0x00, 0x00, 0x00, 0x00, 0x00, 0x00, 0x00, 0x00, 0x00, 0x00, 0x00,
    0x00, 0x00, 0x00, 0x00, 0x00, 0x00, 0x00, 0x00, 0x00, 0x00, 0x00, 0x00, 0x00, 0x00, 0x00, 0x00,
    0x00, 0x00, 0x00, 0x00, 0x00, 0x00, 0x00, 0x00, 0x00, 0x00, 0x00, 0x00, 0x00, 0x00, 0x00, 0x00,
    0x00, 0x00, 0x00, 0x00, 0x00, 0x00, 0x00, 0x00, 0x00, 0x00, 0x00, 0x00, 0x00, 0x00, 0x00, 0x00,
    0x00, 0x00, 0x00, 0x00, 0x00, 0x00, 0x00, 0x00, 0x00, 0x00, 0x00, 0x00, 0x00, 0x00, 0x00, 0x00,
    0x00, 0x00, 0x00, 0x00, 0x00, 0x00, 0x00, 0x00, 0x00, 0x00, 0x00, 0x00, 0x00, 0x00, 0x00, 0x00,
    0x00, 0x00, 0x00, 0x00, 0x00, 0x00, 0x00, 0x00, 0x00, 0x00, 0x00, 0x00, 0xDB, 0x00, 0x00, 0x00,
    0x3A, 0xD1, 0x34, 0x3F, 0xD1, 0x01, 0x00, 0x00, 0xCA, 0x11, 0x86, 0x3D, 0x41, 0x02, 0x00, 0x00,
    0x0A, 0x61, 0x79, 0x3D, 0x75, 0x03, 0x00, 0x00, 0x40, 0xB4, 0x6E, 0x3D, 0x98, 0x03, 0x00, 0x00,
    0x4C, 0xA4, 0xB8, 0x3D, 0x71, 0x07, 0x00, 0x00, 0x30, 0x70, 0x1E, 0x3D, 0x74, 0x07, 0x00, 0x00,
    0x6F, 0x22, 0x41, 0xBD, 0x79, 0x07, 0x00, 0x00, 0xAE, 0x4E, 0x17, 0xBD, 0xAC, 0x07, 0x00, 0x00,
    0x64, 0xB7, 0x82, 0x3D, 0xDB, 0x07, 0x00, 0x00, 0x0C, 0x2F, 0x13, 0xBD, 0xE5, 0x07, 0x00, 0x00,
    0x32, 0xCB, 0xFF, 0xBC, 0x3A, 0x08, 0x00, 0x00, 0x3D, 0x1F, 0xCC, 0xBC, 0x3D, 0x08, 0x00, 0x00,
    0x4E, 0xF3, 0xCA, 0xBC, 0x76, 0x08, 0x00, 0x00, 0x6C, 0xBC, 0xAD, 0xBC, 0x8E, 0x08, 0x00, 0x00,
    0xAF, 0x78, 0x4E, 0x3D, 0x91, 0x08, 0x00, 0x00, 0xCC, 0xD5, 0x09, 0xBD, 0x95, 0x08, 0x00, 0x00,
    0x79, 0x0F, 0xC4, 0xBC, 0x55, 0x09, 0x00, 0x00, 0x18, 0x6B, 0xCB, 0x3C, 0x59, 0x09, 0x00, 0x00,
    0x9F, 0xF8, 0xF9, 0x3C, 0x72, 0x0A, 0x00, 0x00, 0xF8, 0x98, 0xBF, 0x3C, 0x7A, 0x0A, 0x00, 0x00,
    0x09, 0xD4, 0xCC, 0x3C, 0x81, 0x0A, 0x00, 0x00, 0x6E, 0xB7, 0xEB, 0xBC, 0x60, 0x0B, 0x00, 0x00,
    0x25, 0x4F, 0x05, 0x3D, 0x7E, 0x0B, 0x00, 0x00, 0x7F, 0xC9, 0xDE, 0x3C, 0x94, 0x0B, 0x00, 0x00,
    0x74, 0xA2, 0xB3, 0xBC, 0xB6, 0x0B, 0x00, 0x00, 0x57, 0xC3, 0xF1, 0xBC, 0xF7, 0x0B, 0x00, 0x00,
    0xE5, 0xA2, 0xD0, 0x3C, 0x0F, 0x0C, 0x00, 0x00, 0x23, 0xCE, 0x65, 0xBD, 0x10, 0x0C, 0x00, 0x00,
    0xB8, 0x2C, 0x63, 0x3D, 0x22, 0x0C, 0x00, 0x00, 0xF6, 0x1E, 0x36, 0x3D, 0x4D, 0x0C, 0x00, 0x00,
    0xB5, 0x59, 0xED, 0x3C, 0x81, 0x0C, 0x00, 0x00, 0x10, 0xA5, 0xA7, 0x3C, 0x00, 0x00, 0x00, 0x00,
    0x00, 0x00, 0x00, 0x00, 0x00, 0x00, 0x00, 0x00, 0x00, 0x00, 0x00, 0x00, 0x00, 0x00, 0x00, 0x00,
    0x00, 0x00, 0x00, 0x00, 0x00, 0x00, 0x00, 0x00, 0x00, 0x00, 0x00, 0x00, 0x00, 0x00, 0x00, 0x00,
    0x00, 0x00, 0x00, 0x00, 0x00, 0x00, 0x00, 0x00, 0x00, 0x00, 0x00, 0x00, 0x00, 0x00, 0x00, 0x00,
    0x00, 0x00, 0x00, 0x00, 0x00, 0x00, 0x00, 0x00, 0x00, 0x00, 0x00, 0x00, 0x00, 0x00, 0x00, 0x00,
    0x00, 0x00, 0x00, 0x00, 0x00, 0x00, 0x00, 0x00, 0x00, 0x00, 0x00, 0x00, 0x00, 0x00, 0x00, 0x00,
    0x00, 0x00, 0x00, 0x00, 0x00, 0x00, 0x00, 0x00, 0x00, 0x00, 0x00, 0x00, 0x00, 0x00, 0x00, 0x00,
    0x00, 0x00, 0x00, 0x00, 0x00, 0x00, 0x00, 0x00, 0x00, 0x00, 0x00, 0x00, 0x00, 0x00, 0x00, 0x00,
    0x00, 0x00, 0x00, 0x00, 0x00, 0x00, 0x00, 0x00, 0x00, 0x00, 0x00, 0x00, 0x00, 0x00, 0x00, 0x00,
    0x00, 0x00, 0x00, 0x00, 0x00, 0x00, 0x00, 0x00, 0x00, 0x00, 0x00, 0x00, 0x00, 0x00, 0x00, 0x00,
    0x00, 0x00, 0x00, 0x00, 0x00, 0x00, 0x00, 0x00, 0x00, 0x00, 0x00, 0x00, 0x00, 0x00, 0x00, 0x00,
    0x00, 0x00, 0x00, 0x00, 0x00, 0x00, 0x00, 0x00, 0x00, 0x00, 0x00, 0x00, 0x00, 0x00, 0x00, 0x00,
    0x00, 0x00, 0x00, 0x00, 0x00, 0x00, 0x00, 0x00, 0x00, 0x00, 0x00, 0x00, 0x00, 0x00, 0x00, 0x00,
    0x00, 0x00, 0x00, 0x00, 0x00, 0x00, 0x00, 0x00, 0x00, 0x00, 0x00, 0x00, 0x00, 0x00, 0x00, 0x00,
    0x00, 0x00, 0x00, 0x00, 0x00, 0x00, 0x00, 0x00, 0x00, 0x00, 0x00, 0x00, 0x00, 0x00, 0x00, 0x00,
    0x00, 0x00, 0x00, 0x00, 0x00, 0x00, 0x00, 0x00, 0x00, 0x00, 0x00, 0x00, 0x00, 0x00, 0x00, 0x00,
    0x00, 0x00, 0x00, 0x00, 0x00, 0x00, 0x00, 0x00, 0x00, 0x00, 0x00, 0x00, 0x00, 0x00, 0x00, 0x00,
    0x00, 0x00, 0x00, 0x00, 0x00, 0x00, 0x00, 0x00, 0x00, 0x00, 0x00, 0x00, 0x00, 0x00, 0x00, 0x00,
    0x00, 0x00, 0x00, 0x00, 0x00, 0x00, 0x00, 0x00, 0x00, 0x00, 0x00, 0x00, 0x00, 0x00, 0x00, 0x00,
    0x00, 0x00, 0x00, 0x00, 0x00, 0x00, 0x00, 0x00, 0x00, 0x00, 0x00, 0x00, 0x00, 0x00, 0x00, 0x00,
    0x00, 0x00, 0x00, 0x00, 0x00, 0x00, 0x00, 0x00, 0x00, 0x00, 0x00, 0x00, 0x00, 0x00, 0x00, 0x00,
    0x00, 0x00, 0x00, 0x00, 0x00, 0x00, 0x00, 0x00, 0x00, 0x00, 0x00, 0x00, 0x00, 0x00, 0x00, 0x00,
    0x00, 0x00, 0x00, 0x00, 0x00, 0x00, 0x00, 0x00, 0x00, 0x00, 0x00, 0x00, 0x00, 0x00, 0x00, 0x00,
    0x00, 0x00, 0x00, 0x00, 0x00, 0x00, 0x00, 0x00, 0x00, 0x00, 0x00, 0x00, 0x00, 0x00, 0x00, 0x00,
    0x00, 0x00, 0x00, 0x00, 0x00, 0x00, 0x00, 0x00, 0x00, 0x00, 0x00, 0x00, 0x00, 0x00, 0x00, 0x00,
    0x00, 0x00, 0x00, 0x00, 0x00, 0x00, 0x00, 0x00, 0x00, 0x00, 0x00, 0x00, 0x00, 0x00, 0x00, 0x00,
    0x00, 0x00, 0x00, 0x00, 0x00, 0x00, 0x00, 0x00, 0x00, 0x00, 0x00, 0x00, 0x00, 0x00, 0x00, 0x00,
    0x00, 0x00, 0x00, 0x00, 0x00, 0x00, 0x00, 0x00, 0x00, 0x00, 0x00, 0x00, 0x00, 0x00, 0x00, 0x00,
    0x00, 0x00, 0x00, 0x00, 0x00, 0x00, 0x00, 0x00, 0x00, 0x00, 0x00, 0x00, 0x00, 0x00, 0x00, 0x00,
    0x00, 0x00, 0x00, 0x00, 0x00, 0x00, 0x00, 0x00, 0x00, 0x00, 0x00, 0x00, 0x00, 0x00, 0x00, 0x00,
    0x00, 0x00, 0x00, 0x00, 0x00, 0x00, 0x00, 0x00, 0x00, 0x00, 0x00, 0x00, 0x00, 0x00, 0x00, 0x00,
    0x00, 0x00, 0x00, 0x00, 0x00, 0x00, 0x00, 0x00, 0x00, 0x00, 0x00, 0x00, 0x00, 0x00, 0x00, 0x00,
    0x00, 0x00, 0x00, 0x00, 0x00, 0x00, 0x00, 0x00, 0x00, 0x00, 0x00, 0x00, 0x00, 0x00, 0x00, 0x00,
    0x00, 0x00, 0x00, 0x00, 0x00, 0x00, 0x00, 0x00, 0x00, 0x00, 0x00, 0x00, 0x00, 0x00, 0x00, 0x00,
    0x00, 0x00, 0x00, 0x00, 0x00, 0x00, 0x00, 0x00, 0x00, 0x00, 0x00, 0x00, 0x00, 0x00, 0x00, 0x00,
    0x00, 0x00, 0x00, 0x00, 0x00, 0x00, 0x00, 0x00, 0x00, 0x00, 0x00, 0x00, 0x00, 0x00, 0x00, 0x00,
    0x00, 0x00, 0x00, 0x00, 0x00, 0x00, 0x00, 0x00, 0x00, 0x00, 0x00, 0x00, 0x00, 0x00, 0x00, 0x00,
    0x00, 0x00, 0x00, 0x00, 0x00, 0x00, 0x00, 0x00, 0x00, 0x00, 0x00, 0x00, 0x00, 0x00, 0x00, 0x00,
    0x00, 0x00, 0x00, 0x00, 0x00, 0x00, 0x00, 0x00, 0x00, 0x00, 0x00, 0x00, 0x00, 0x00, 0x00, 0x00,
    0x00, 0x00, 0x00, 0x00, 0x00, 0x00, 0x00, 0x00, 0x00, 0x00, 0x00, 0x00, 0x00, 0x00, 0x00, 0x00,
    0x00, 0x00, 0x00, 0x00, 0x00, 0x00, 0x00, 0x00, 0x00, 0x00, 0x00, 0x00, 0x00, 0x00, 0x00, 0x00,
    0x00, 0x00, 0x00, 0x00, 0x00, 0x00, 0x00, 0x00, 0x00, 0x00, 0x00, 0x00, 0x00, 0x00, 0x00, 0x00,
    0x00, 0x00, 0x00, 0x00, 0x00, 0x00, 0x00, 0x00, 0x00, 0x00, 0x00, 0x00, 0x00, 0x00, 0x00, 0x00,
    0x00, 0x00, 0x00, 0x00, 0x00, 0x00, 0x00, 0x00, 0x00, 0x00, 0x00, 0x00, 0x00, 0x00, 0x00, 0x00,
    0x00, 0x00, 0x00, 0x00, 0x00, 0x00, 0x00, 0x00, 0x00, 0x00, 0x00, 0x00, 0x00, 0x00, 0x00, 0x00,
    0x00, 0x00, 0x00, 0x00, 0x00, 0x00, 0x00, 0x00, 0x00, 0x00, 0x00, 0x00, 0x00, 0x00, 0x00, 0x00,
    0x00, 0x00, 0x00, 0x00, 0x00, 0x00, 0x00, 0x00, 0x00, 0x00, 0x00, 0x00, 0x00, 0x00, 0x00, 0x00,
    0x00, 0x00, 0x00, 0x00, 0x00, 0x00, 0x00, 0x00, 0x00, 0x00, 0x00, 0x00, 0x00, 0x00, 0x00, 0x00,
    0x00, 0x00, 0x00, 0x00, 0x00, 0x00, 0x00, 0x00, 0x00, 0x00, 0x00, 0x00, 0x00, 0x00, 0x00, 0x00,
    0x00, 0x00, 0x00, 0x00, 0x00, 0x00, 0x00, 0x00, 0x00, 0x00, 0x00, 0x00, 0x00, 0x00, 0x00, 0x00,
    0x00, 0x00, 0x00, 0x00, 0x00, 0x00, 0x00, 0x00, 0x00, 0x00, 0x00, 0x00, 0x00, 0x00, 0x00, 0x00,
    0x00, 0x00, 0x00, 0x00, 0x00, 0x00, 0x00, 0x00, 0x00, 0x00, 0x00, 0x00, 0x00, 0x00, 0x00, 0x00,
    0x00, 0x00, 0x00, 0x00, 0x00, 0x00, 0x00, 0x00, 0x00, 0x00, 0x00, 0x00, 0x00, 0x00, 0x00, 0x00,
    0x00, 0x00, 0x00, 0x00, 0x00, 0x00, 0x00, 0x00, 0x00, 0x00, 0x00, 0x00, 0x00, 0x00, 0x00, 0x00,
    0x00, 0x00, 0x00, 0x00, 0x00, 0x00, 0x00, 0x00, 0x00, 0x00, 0x00, 0x00, 0x00, 0x00, 0x00, 0x00,
    0x00, 0x00, 0x00, 0x00, 0x00, 0x00, 0x00, 0x00, 0x00, 0x00, 0x00, 0x00, 0x00, 0x00, 0x00, 0x00,
    0x00, 0x00, 0x00, 0x00, 0x00, 0x00, 0x00, 0x00, 0x00, 0x00, 0x00, 0x00, 0x00, 0x00, 0x00, 0x00,
    0x00, 0x00, 0x00, 0x00, 0x00, 0x00, 0x00, 0x00, 0x00, 0x00, 0x00, 0x00, 0x00, 0x00, 0x00, 0x00,
    0x00, 0x00, 0x00, 0x00, 0x00, 0x00, 0x00, 0x00, 0x00, 0x00, 0x00, 0x00, 0x00, 0x00, 0x00, 0x00,
    0x00, 0x00, 0x00, 0x00, 0x00, 0x00, 0x00, 0x00, 0x00, 0x00, 0x00, 0x00, 0x00, 0x00, 0x00, 0x00,
    0x00, 0x00, 0x00, 0x00, 0x00, 0x00, 0x00, 0x00, 0x00, 0x00, 0x00, 0x00, 0x00, 0x00, 0x00, 0x00,
    0x00, 0x00, 0x00, 0x00, 0x00, 0x00, 0x00, 0x00, 0x00, 0x00, 0x00, 0x00, 0x00, 0x00, 0x00, 0x00,
    0x00, 0x00, 0x00, 0x00, 0x00, 0x00, 0x00, 0x00, 0x00, 0x00, 0x00, 0x00, 0x00, 0x00, 0x00, 0x00,
    0x00, 0x00, 0x00, 0x00, 0x00, 0x00, 0x00, 0x00, 0x00, 0x00, 0x00, 0x00, 0x00, 0x00, 0x00, 0x00,
    0x00, 0x00, 0x00, 0x00, 0x00, 0x00, 0x00, 0x00, 0x00, 0x00, 0x00, 0x00, 0x00, 0x00, 0x00, 0x00,
    0x00, 0x00, 0x00, 0x00, 0x00, 0x00, 0x00, 0x00, 0x00, 0x00, 0x00, 0x00, 0x00, 0x00, 0x00, 0x00,
    0x00, 0x00, 0x00, 0x00, 0x00, 0x00, 0x00, 0x00, 0x00, 0x00, 0x00, 0x00, 0x00, 0x00, 0x00, 0x00,
    0x00, 0x00, 0x00, 0x00, 0x00, 0x00, 0x00, 0x00, 0x00, 0x00, 0x00, 0x00, 0x00, 0x00, 0x00, 0x00,
    0x00, 0x00, 0x00, 0x00, 0x00, 0x00, 0x00, 0x00, 0x00, 0x00, 0x00, 0x00, 0x00, 0x00, 0x00, 0x00,
    0x00, 0x00, 0x00, 0x00, 0x00, 0x00, 0x00, 0x00, 0x00, 0x00, 0x00, 0x00, 0x00, 0x00, 0x00, 0x00,
    0x00, 0x00, 0x00, 0x00, 0x00, 0x00, 0x00, 0x00, 0x00, 0x00, 0x00, 0x00, 0x00, 0x00, 0x00, 0x00,
    0x00, 0x00, 0x00, 0x00, 0x00, 0x00, 0x00, 0x00, 0x00, 0x00, 0x00, 0x00, 0x00, 0x00, 0x00, 0x00,
    0x00, 0x00, 0x00, 0x00, 0x00, 0x00, 0x00, 0x00, 0x00, 0x00, 0x00, 0x00, 0x00, 0x00, 0x00, 0x00,
    0x00, 0x00, 0x00, 0x00, 0x00, 0x00, 0x00, 0x00, 0x00, 0x00, 0x00, 0x00, 0x00, 0x00, 0x00, 0x00,
    0x00, 0x00, 0x00, 0x00, 0x00, 0x00, 0x00, 0x00, 0x00, 0x00, 0x00, 0x00, 0x00, 0x00, 0x00, 0x00,
    0x00, 0x00, 0x00, 0x00, 0x00, 0x00, 0x00, 0x00, 0x00, 0x00, 0x00, 0x00, 0x00, 0x00, 0x00, 0x00,
    0x00, 0x00, 0x00, 0x00, 0x00, 0x00, 0x00, 0x00, 0x00, 0x00, 0x00, 0x00, 0x00, 0x00, 0x00, 0x00,
    0x00, 0x00, 0x00, 0x00, 0x00, 0x00, 0x00, 0x00, 0x00, 0x00, 0x00, 0x00, 0x00, 0x00, 0x00, 0x00,
    0x00, 0x00, 0x00, 0x00, 0x00, 0x00, 0x00, 0x00, 0x00, 0x00, 0x00, 0x00, 0x00, 0x00, 0x00, 0x00,
    0x00, 0x00, 0x00, 0x00, 0x00, 0x00, 0x00, 0x00, 0x00, 0x00, 0x00, 0x00, 0x00, 0x00, 0x00, 0x00,
    0x00, 0x00, 0x00, 0x00, 0x00, 0x00, 0x00, 0x00, 0x00, 0x00, 0x00, 0x00, 0x00, 0x00, 0x00, 0x00,
    0x00, 0x00, 0x00, 0x00, 0x00, 0x00, 0x00, 0x00, 0x00, 0x00, 0x00, 0x00, 0x00, 0x00, 0x00, 0x00,
    0x00, 0x00, 0x00, 0x00, 0x00, 0x00, 0x00, 0x00, 0x00, 0x00, 0x00, 0x00, 0x00, 0x00, 0x00, 0x00,
    0x00, 0x00, 0x00, 0x00, 0x00, 0x00, 0x00, 0x00, 0x00, 0x00, 0x00, 0x00, 0x00, 0x00, 0x00, 0x00,
    0x00, 0x00, 0x00, 0x00, 0x00, 0x00, 0x00, 0x00, 0x00, 0x00, 0x00, 0x00, 0x00, 0x00, 0x00, 0x00,
    0x00, 0x00, 0x00, 0x00, 0x00, 0x00, 0x00, 0x00, 0x00, 0x00, 0x00, 0x00, 0x00, 0x00, 0x00, 0x00,
    0x00, 0x00, 0x00, 0x00, 0x00, 0x00, 0x00, 0x00, 0x00, 0x00, 0x00, 0x00, 0x00, 0x00, 0x00, 0x00,
    0x00, 0x00, 0x00, 0x00, 0x00, 0x00, 0x00, 0x00, 0x00, 0x00, 0x00, 0x00, 0x00, 0x00, 0x00, 0x00,
    0x00, 0x00, 0x00, 0x00, 0x00, 0x00, 0x00, 0x00, 0x00, 0x00, 0x00, 0x00, 0x00, 0x00, 0x00, 0x00,
    0x00, 0x00, 0x00, 0x00, 0x00, 0x00, 0x00, 0x00, 0x00, 0x00, 0x00, 0x00, 0x00, 0x00, 0x00, 0x00,
    0x00, 0x00, 0x00, 0x00, 0x00, 0x00, 0x00, 0x00, 0x00, 0x00, 0x00, 0x00, 0x00, 0x00, 0x00, 0x00,
    0x00, 0x00, 0x00, 0x00, 0x00, 0x00, 0x00, 0x00, 0x00, 0x00, 0x00, 0x00, 0x00, 0x00, 0x00, 0x00,
    0x00, 0x00, 0x00, 0x00, 0x00, 0x00, 0x00, 0x00, 0x00, 0x00, 0x00, 0x00, 0x00, 0x00, 0x00, 0x00,
    0x00, 0x00, 0x00, 0x00, 0x00, 0x00, 0x00, 0x00, 0x00, 0x00, 0x00, 0x00, 0x00, 0x00, 0x00, 0x00,
    0x00, 0x00, 0x00, 0x00, 0x00, 0x00, 0x00, 0x00, 0x00, 0x00, 0x00, 0x00, 0x00, 0x00, 0x00, 0x00,
    0x00, 0x00, 0x00, 0x00, 0x00, 0x00, 0x00, 0x00, 0x00, 0x00, 0x00, 0x00, 0x00, 0x00, 0x00, 0x00,
    0x00, 0x00, 0x00, 0x00, 0x00, 0x00, 0x00, 0x00, 0x00, 0x00, 0x00, 0x00, 0x00, 0x00, 0x00, 0x00,
    0x00, 0x00, 0x00, 0x00, 0x00, 0x00, 0x00, 0x00, 0x00, 0x00, 0x00, 0x00, 0x00, 0x00, 0x00, 0x00,
    0x00, 0x00, 0x00, 0x00, 0x00, 0x00, 0x00, 0x00, 0x00, 0x00, 0x00, 0x00, 0x00, 0x00, 0x00, 0x00,
    0x00, 0x00, 0x00, 0x00, 0x00, 0x00, 0x00, 0x00, 0x00, 0x00, 0x00, 0x00, 0x00, 0x00, 0x00, 0x00,
    0x00, 0x00, 0x00, 0x00, 0x00, 0x00, 0x00, 0x00, 0x00, 0x00, 0x00, 0x00, 0x00, 0x00, 0x00, 0x00,
    0x00, 0x00, 0x00, 0x00, 0x00, 0x00, 0x00, 0x00, 0x00, 0x00, 0x00, 0x00, 0x00, 0x00, 0x00, 0x00,
    0x00, 0x00, 0x00, 0x00, 0x00, 0x00, 0x00, 0x00, 0x00, 0x00, 0x00, 0x00, 0x00, 0x00, 0x00, 0x00,
    0x00, 0x00, 0x00, 0x00, 0x00, 0x00, 0x00, 0x00, 0x00, 0x00, 0x00, 0x00, 0x00, 0x00, 0x00, 0x00,
    0x00, 0x00, 0x00, 0x00, 0x00, 0x00, 0x00, 0x00, 0x00, 0x00, 0x00, 0x00, 0x00, 0x38, 0x1E, 0x3F,
    0x00, 0x00, 0x00, 0x00, 0x00, 0x80, 0x7D, 0x3F, 0x00, 0x00, 0x20, 0x3C, 0xFA, 0x01, 0x00, 0x00,
    0x30, 0x00, 0x00, 0x00, 0x00, 0x00, 0xFA, 0x45, 0xE4, 0x38, 0x4E, 0xBF, 0x3B, 0x00, 0x00, 0x00,
    0xE9, 0x01, 0x00, 0x00, 0x24, 0x02, 0x00, 0x00, 0x48, 0xA7, 0x5B, 0x3D, 0x70, 0xE6, 0x5D, 0x3C,
    0x78, 0x57, 0x23, 0x3D, 0x4D, 0xA2, 0x8A, 0x3D, 0x78, 0xA2, 0x1C, 0x3F, 0x4D, 0xA2, 0x8A, 0x3D,
    0x78, 0x57, 0x23, 0x3D, 0x70, 0xE6, 0x5D, 0x3C, 0x3E, 0x00, 0x00, 0x00, 0x35, 0x02, 0x00, 0x00,
    0x73, 0x02, 0x00, 0x00, 0x38, 0xD1, 0x77, 0x3D, 0xA5, 0x8C, 0x70, 0x3C, 0xC3, 0x11, 0x31, 0x3D,
    0x01, 0x49, 0x96, 0x3D, 0xF3, 0x81, 0x12, 0x3F, 0x01, 0x49, 0x96, 0x3D, 0xC3, 0x11, 0x31, 0x3D,
    0xA5, 0x8C, 0x70, 0x3C, 0x40, 0x00, 0x00, 0x00, 0x3F, 0x02, 0x00, 0x00, 0x7F, 0x02, 0x00, 0x00,
    0xE0, 0x05, 0x7C, 0x3D, 0xE2, 0x28, 0x73, 0x3C, 0xA6, 0xFD, 0x32, 0x3D, 0x7E, 0xEA, 0x97, 0x3D,
    0x90, 0x0A, 0x11, 0x3F, 0x7E, 0xEA, 0x97, 0x3D, 0xA6, 0xFD, 0x32, 0x3D, 0xE2, 0x28, 0x73, 0x3C,
    0x44, 0x00, 0x00, 0x00, 0x40, 0x02, 0x00, 0x00, 0x84, 0x02, 0x00, 0x00, 0x10, 0xC5, 0x7D, 0x3D,
    0x06, 0x3B, 0x74, 0x3C, 0x78, 0xC7, 0x33, 0x3D, 0xC9, 0x95, 0x98, 0x3D, 0x88, 0x6F, 0x10, 0x3F,
    0xC9, 0x95, 0x98, 0x3D, 0x78, 0xC7, 0x33, 0x3D, 0x06, 0x3B, 0x74, 0x3C, 0x46, 0x00, 0x00, 0x00,
    0x49, 0x02, 0x00, 0x00, 0x8F, 0x02, 0x00, 0x00, 0xF8, 0xCC, 0x80, 0x3D, 0x7B, 0x8D, 0x76, 0x3C,
    0x0D, 0x7D, 0x35, 0x3D, 0x2C, 0x09, 0x9A, 0x3D, 0x4B, 0x1D, 0x0F, 0x3F, 0x2C, 0x09, 0x9A, 0x3D,
    0x0D, 0x7D, 0x35, 0x3D, 0x7B, 0x8D, 0x76, 0x3C, 0x48, 0x00, 0x00, 0x00, 0x5D, 0x02, 0x00, 0x00,
    0xA5, 0x02, 0x00, 0x00, 0xC7, 0x9B, 0x84, 0x3D, 0x0A, 0x0F, 0x7B, 0x3C, 0x2D, 0xCE, 0x38, 0x3D,
    0xDC, 0xD9, 0x9C, 0x3D, 0x57, 0x84, 0x0C, 0x3F, 0xDC, 0xD9, 0x9C, 0x3D, 0x2D, 0xCE, 0x38, 0x3D,
    0x0A, 0x0F, 0x7B, 0x3C, 0x4D, 0x00, 0x00, 0x00, 0x71, 0x02, 0x00, 0x00, 0xBE, 0x02, 0x00, 0x00,
    0xC8, 0xE5, 0x88, 0x3D, 0xFA, 0xF5, 0x7F, 0x3C, 0xF6, 0x69, 0x3C, 0x3D, 0xE7, 0xE9, 0x9F, 0x3D,
    0xF3, 0xA2, 0x09, 0x3F, 0xE7, 0xE9, 0x9F, 0x3D, 0xF6, 0x69, 0x3C, 0x3D, 0xFA, 0xF5, 0x7F, 0x3C,
    0x50, 0x00, 0x00, 0x00, 0x7F, 0x02, 0x00, 0x00, 0xCF, 0x02, 0x00, 0x00, 0x88, 0xCA, 0x8B, 0x3D,
    0x2B, 0x95, 0x81, 0x3C, 0xCE, 0xC5, 0x3E, 0x3D, 0x69, 0xEA, 0xA1, 0x3D, 0x59, 0xB8, 0x07, 0x3F,
    0x69, 0xEA, 0xA1, 0x3D, 0xCE, 0xC5, 0x3E, 0x3D, 0x2B, 0x95, 0x81, 0x3C, 0x52, 0x00, 0x00, 0x00,
    0x96, 0x02, 0x00, 0x00, 0xE8, 0x02, 0x00, 0x00, 0x4C, 0x03, 0x90, 0x3D, 0xB2, 0xD8, 0x83, 0x3C,
    0x05, 0x1B, 0x42, 0x3D, 0x8F, 0xBE, 0xA4, 0x3D, 0x66, 0xF6, 0x04, 0x3F, 0x8F, 0xBE, 0xA4, 0x3D,
    0x05, 0x1B, 0x42, 0x3D, 0xB2, 0xD8, 0x83, 0x3C, 0x57, 0x00, 0x00, 0x00, 0xCD, 0x02, 0x00, 0x00,
    0x24, 0x03, 0x00, 0x00, 0xE3, 0xFB, 0x99, 0x3D, 0xA8, 0xD9, 0x88, 0x3C, 0xDA, 0x78, 0x49, 0x3D,
    0x23, 0xFF, 0xAA, 0x3D, 0x68, 0x41, 0xFD, 0x3E, 0x23, 0xFF, 0xAA, 0x3D, 0xDA, 0x78, 0x49, 0x3D,
    0xA8, 0xD9, 0x88, 0x3C, 0x5D, 0x00, 0x00, 0x00, 0xE4, 0x02, 0x00, 0x00, 0x41, 0x03, 0x00, 0x00,
    0xFC, 0xB8, 0x9E, 0x3D, 0xC3, 0x0F, 0x8B, 0x3C, 0x48, 0xBA, 0x4C, 0x3D, 0x81, 0xC2, 0xAD, 0x3D,
    0x31, 0x68, 0xF7, 0x3E, 0x81, 0xC2, 0xAD, 0x3D, 0x48, 0xBA, 0x4C, 0x3D, 0xC3, 0x0F, 0x8B, 0x3C,
    0x63, 0x00, 0x00, 0x00, 0xFA, 0x02, 0x00, 0x00, 0x5D, 0x03, 0x00, 0x00, 0xA4, 0x3F, 0xA3, 0x3D,
    0x2E, 0x13, 0x8D, 0x3C, 0x10, 0xB1, 0x4F, 0x3D, 0x80, 0x46, 0xB0, 0x3D, 0x48, 0xEC, 0xF1, 0x3E,
    0x80, 0x46, 0xB0, 0x3D, 0x10, 0xB1, 0x4F, 0x3D, 0x2E, 0x13, 0x8D, 0x3C, 0x65, 0x00, 0x00, 0x00,
    0x0C, 0x03, 0x00, 0x00, 0x71, 0x03, 0x00, 0x00, 0xB4, 0x73, 0xA6, 0x3D, 0x27, 0x71, 0x8E, 0x3C,
    0x50, 0xB4, 0x51, 0x3D, 0xD2, 0xFB, 0xB1, 0x3D, 0xDB, 0x19, 0xEE, 0x3E, 0xD2, 0xFB, 0xB1, 0x3D,
    0x50, 0xB4, 0x51, 0x3D, 0x27, 0x71, 0x8E, 0x3C, 0x6A, 0x00, 0x00, 0x00, 0x4F, 0x03, 0x00, 0x00,
    0xB9, 0x03, 0x00, 0x00, 0xA8, 0xC8, 0xB1, 0x3D, 0x1C, 0xE6, 0x92, 0x3C, 0x04, 0x44, 0x58, 0x3D,
    0x71, 0x8D, 0xB7, 0x3D, 0x52, 0xF8, 0xE0, 0x3E, 0x71, 0x8D, 0xB7, 0x3D, 0x04, 0x44, 0x58, 0x3D,
    0x1C, 0xE6, 0x92, 0x3C, 0x72, 0x00, 0x00, 0x00, 0x5A, 0x03, 0x00, 0x00, 0xCC, 0x03, 0x00, 0x00,
    0xF1, 0xB8, 0xB4, 0x3D, 0x90, 0xF5, 0x93, 0x3C, 0xAC, 0xD3, 0x59, 0x3D, 0xA4, 0xE0, 0xB8, 0x3D,
    0x89, 0xA9, 0xDD, 0x3E, 0xA4, 0xE0, 0xB8, 0x3D, 0xAC, 0xD3, 0x59, 0x3D, 0x90, 0xF5, 0x93, 0x3C,
    0x76, 0x00, 0x00, 0x00, 0xA8, 0x03, 0x00, 0x00, 0x1E, 0x04, 0x00, 0x00, 0x4C, 0x29, 0xC1, 0x3D,
    0x7B, 0x05, 0x98, 0x3C, 0xA2, 0xCE, 0x5F, 0x3D, 0x07, 0xF4, 0xBD, 0x3D, 0xED, 0x17, 0xD0, 0x3E,
    0x07, 0xF4, 0xBD, 0x3D, 0xA2, 0xCE, 0x5F, 0x3D, 0x7B, 0x05, 0x98, 0x3C, 0xD6, 0xE7, 0x88, 0x3C,
    0x8A, 0xA2, 0x91, 0x3C, 0x1C, 0xE6, 0x92, 0x3C, 0xC8, 0x6B, 0x93, 0x3C, 0x8F, 0x8F, 0x94, 0x3C,
    0xC7, 0xCD, 0x96, 0x3C, 0xD1, 0x4B, 0x99, 0x3C, 0x3F, 0xF5, 0x9A, 0x3C, 0x05, 0x5B, 0x9D, 0xBC,
    0x1F, 0xE6, 0xA2, 0xBC, 0x89, 0x7A, 0xA5, 0xBC, 0x73, 0xE9, 0xA7, 0xBC, 0xE9, 0x9D, 0xA9, 0xBC,
    0x47, 0x8A, 0xAF, 0xBC, 0xE3, 0x0C, 0xB1, 0xBC, 0xCD, 0x55, 0xB7, 0xBC, 0xD6, 0xE7, 0x88, 0x3C,
    0x8A, 0xA2, 0x91, 0x3C, 0x1C, 0xE6, 0x92, 0x3C, 0xC8, 0x6B, 0x93, 0x3C, 0x8F, 0x8F, 0x94, 0xBC,
    0xC7, 0xCD, 0x96, 0xBC, 0xD1, 0x4B, 0x99, 0xBC, 0x3F, 0xF5, 0x9A, 0xBC, 0x05, 0x5B, 0x9D, 0x3C,
    0x1F, 0xE6, 0xA2, 0x3C, 0x89, 0x7A, 0xA5, 0x3C, 0x73, 0xE9, 0xA7, 0x3C, 0xE9, 0x9D, 0xA9, 0xBC,
    0x47, 0x8A, 0xAF, 0xBC, 0xE3, 0x0C, 0xB1, 0xBC, 0xCD, 0x55, 0xB7, 0xBC, 0xD6, 0xE7, 0x88, 0xBC,
    0x8A, 0xA2, 0x91, 0xBC, 0x1C, 0xE6, 0x92, 0xBC, 0xC8, 0x6B, 0x93, 0xBC, 0x8F, 0x8F, 0x94, 0x3C,
    0xC7, 0xCD, 0x96, 0x3C, 0xD1, 0x4B, 0x99, 0x3C, 0x3F, 0xF5, 0x9A, 0x3C, 0x05, 0x5B, 0x9D, 0x3C,
    0x1F, 0xE6, 0xA2, 0x3C, 0x89, 0x7A, 0xA5, 0x3C, 0x73, 0xE9, 0xA7, 0x3C, 0xE9, 0x9D, 0xA9, 0xBC,
    0x47, 0x8A, 0xAF, 0xBC, 0xE3, 0x0C, 0xB1, 0xBC, 0xCD, 0x55, 0xB7, 0xBC, 0xD6, 0xE7, 0x88, 0x3C,
    0x8A, 0xA2, 0x91, 0x3C, 0x1C, 0xE6, 0x92, 0xBC, 0xC8, 0x6B, 0x93, 0xBC, 0x8F, 0x8F, 0x94, 0x3C,
    0xC7, 0xCD, 0x96, 0x3C, 0xD1, 0x4B, 0x99, 0xBC, 0x3F, 0xF5, 0x9A, 0xBC, 0x05, 0x5B, 0x9D, 0x3C,
    0x1F, 0xE6, 0xA2, 0x3C, 0x89, 0x7A, 0xA5, 0xBC, 0x73, 0xE9, 0xA7, 0xBC, 0xE9, 0x9D, 0xA9, 0x3C,
    0x47, 0x8A, 0xAF, 0x3C, 0xE3, 0x0C, 0xB1, 0xBC, 0xCD, 0x55, 0xB7, 0xBC, 0xD6, 0xE7, 0x88, 0xBC,
    0x8A, 0xA2, 0x91, 0xBC, 0x1C, 0xE6, 0x92, 0x3C, 0xC8, 0x6B, 0x93, 0x3C, 0x8F, 0x8F, 0x94, 0xBC,
    0xC7, 0xCD, 0x96, 0xBC, 0xD1, 0x4B, 0x99, 0x3C, 0x3F, 0xF5, 0x9A, 0x3C, 0x05, 0x5B, 0x9D, 0x3C,
    0x1F, 0xE6, 0xA2, 0x3C, 0x89, 0x7A, 0xA5, 0xBC, 0x73, 0xE9, 0xA7, 0xBC, 0xE9, 0x9D, 0xA9, 0x3C,
    0x47, 0x8A, 0xAF, 0x3C, 0xE3, 0x0C, 0xB1, 0xBC, 0xCD, 0x55, 0xB7, 0xBC, 0xD6, 0xE7, 0x88, 0xBC,
    0x8A, 0xA2, 0x91, 0xBC, 0x1C, 0xE6, 0x92, 0x3C, 0xC8, 0x6B, 0x93, 0x3C, 0x8F, 0x8F, 0x94, 0x3C,
    0xC7, 0xCD, 0x96, 0x3C, 0xD1, 0x4B, 0x99, 0xBC, 0x3F, 0xF5, 0x9A, 0xBC, 0x05, 0x5B, 0x9D, 0xBC,
    0x1F, 0xE6, 0xA2, 0xBC, 0x89, 0x7A, 0xA5, 0x3C, 0x73, 0xE9, 0xA7, 0x3C, 0xE9, 0x9D, 0xA9, 0x3C,
    0x47, 0x8A, 0xAF, 0x3C, 0xE3, 0x0C, 0xB1, 0xBC, 0xCD, 0x55, 0xB7, 0xBC, 0xD6, 0xE7, 0x88, 0x3C,
    0x8A, 0xA2, 0x91, 0x3C, 0x1C, 0xE6, 0x92, 0xBC, 0xC8, 0x6B, 0x93, 0xBC, 0x8F, 0x8F, 0x94, 0xBC,
    0xC7, 0xCD, 0x96, 0xBC, 0xD1, 0x4B, 0x99, 0x3C, 0x3F, 0xF5, 0x9A, 0x3C, 0x05, 0x5B, 0x9D, 0xBC,
    0x1F, 0xE6, 0xA2, 0xBC, 0x89, 0x7A, 0xA5, 0x3C, 0x73, 0xE9, 0xA7, 0x3C, 0xE9, 0x9D, 0xA9, 0x3C,
    0x47, 0x8A, 0xAF, 0x3C, 0xE3, 0x0C, 0xB1, 0xBC, 0xCD, 0x55, 0xB7, 0xBC, 0xD6, 0xE7, 0x88, 0xBC,
    0x8A, 0xA2, 0x91, 0x3C, 0x1C, 0xE6, 0x92, 0x3C, 0xC8, 0x6B, 0x93, 0xBC, 0x8F, 0x8F, 0x94, 0xBC,
    0xC7, 0xCD, 0x96, 0x3C, 0xD1, 0x4B, 0x99, 0x3C, 0x3F, 0xF5, 0x9A, 0xBC, 0x05, 0x5B, 0x9D, 0xBC,
    0x1F, 0xE6, 0xA2, 0x3C, 0x89, 0x7A, 0xA5, 0x3C, 0x73, 0xE9, 0xA7, 0xBC, 0xE9, 0x9D, 0xA9, 0xBC,
    0x47, 0x8A, 0xAF, 0x3C, 0xE3, 0x0C, 0xB1, 0x3C, 0xCD, 0x55, 0xB7, 0xBC, 0x89, 0x01, 0x00, 0x00,
    0x93, 0x00, 0x00, 0x00, 0xA1, 0x02, 0x00, 0x00, 0x30, 0x00, 0x00, 0x00, 0xFA, 0x36, 0x00, 0xC1,
    0x00, 0x00, 0x00, 0x00, 0x00, 0x00, 0x00, 0x00, 0xD7, 0x74, 0x8C, 0xC0, 0x00, 0x00, 0x00, 0x00,
    0x4C, 0x41, 0xF2, 0x3F, 0xA7, 0xA6, 0xA3, 0xC0, 0x67, 0x71, 0x46, 0x40, 0x04, 0x00, 0x40, 0x40,
    0x00, 0x00, 0x00, 0x00, 0x00, 0x00, 0x00, 0x00, 0x00, 0x00, 0x00, 0x00, 0x00, 0x00, 0x00, 0x00,
    0x00, 0x00, 0x00, 0x00, 0x00, 0x00, 0x00, 0x00, 0x00, 0x00, 0x00, 0x00, 0xE4, 0x38, 0x1F, 0xC1,
    0x00, 0x00, 0x40, 0xC0, 0x00, 0x00, 0xB8, 0xC1, 0x00, 0x00, 0x40, 0xC0, 0x00, 0x00, 0x00, 0x00,
    0x00, 0x00, 0xA0, 0xC1, 0x00, 0x00, 0x68, 0xC1, 0x00, 0x00, 0x40, 0xC0, 0x00, 0x00, 0xF0, 0xC0,
    0x00, 0x00, 0x40, 0xC0, 0x00, 0x00, 0xB0, 0xC0, 0x00, 0x00, 0x40, 0xC0, 0x00, 0x00, 0xC0, 0xBF,
    0x00, 0x00, 0xC0, 0xC0, 0x00, 0x00, 0x00, 0x00, 0x00, 0x00, 0x00, 0x00, 0x00, 0x00, 0x00, 0x00,
}};

alignas(4) constexpr std::array<std::uint8_t, 7568> kXinnSpreset_5inN_2 = {{
    0x11, 0x00, 0x00, 0x00, 0x20, 0x00, 0x00, 0x00, 0x00, 0xA0, 0x0C, 0x46, 0x70, 0x03, 0x06, 0xC0,
    0x66, 0x66, 0x86, 0x3F, 0xC8, 0x71, 0x1C, 0x3E, 0xC8, 0x71, 0x9C, 0xBE, 0x70, 0x00, 0x00, 0x00,
    0x3E, 0x9D, 0x17, 0x3F, 0xCC, 0x00, 0x00, 0x00, 0x5F, 0x22, 0x91, 0x3E, 0x25, 0x02, 0x00, 0x00,
    0xE8, 0xDE, 0x61, 0x3D, 0x34, 0x06, 0x00, 0x00, 0x23, 0xCE, 0x65, 0x3D, 0x3B, 0x06, 0x00, 0x00,
    0xFB, 0xAA, 0xE2, 0x3C, 0x48, 0x06, 0x00, 0x00, 0x1C, 0x1C, 0xF7, 0xBC, 0xA4, 0x06, 0x00, 0x00,
    0x01, 0x96, 0xA9, 0xBC, 0xFE, 0x06, 0x00, 0x00, 0x26, 0x59, 0x80, 0x3C, 0x4E, 0x07, 0x00, 0x00,
    0x57, 0x88, 0x39, 0xBC, 0xA0, 0x07, 0x00, 0x00, 0xDE, 0x65, 0xB2, 0x3C, 0xE0, 0x07, 0x00, 0x00,
    0x04, 0x77, 0x3B, 0xBC, 0x2A, 0x08, 0x00, 0x00, 0xEE, 0x63, 0x3F, 0x3C, 0xAA, 0x08, 0x00, 0x00,
    0x94, 0x29, 0x8A, 0xBC, 0x2A, 0x09, 0x00, 0x00, 0x39, 0x91, 0x49, 0x3C, 0x5B, 0x09, 0x00, 0x00,
    0x17, 0xA9, 0x45, 0x3C, 0x9B, 0x09, 0x00, 0x00, 0xA8, 0x54, 0xC6, 0xBC, 0xD9, 0x09, 0x00, 0x00,
    0x9A, 0x49, 0x6F, 0x3C, 0xFD, 0x09, 0x00, 0x00, 0x83, 0x88, 0x93, 0x3C, 0x34, 0x0A, 0x00, 0x00,
    0xEA, 0xD7, 0x8F, 0x3C, 0x85, 0x0A, 0x00, 0x00, 0x54, 0x56, 0x72, 0x3C, 0xA9, 0x0A, 0x00, 0x00,
    0x85, 0xD1, 0x28, 0xBC, 0xEF, 0x0A, 0x00, 0x00, 0xC6, 0x43, 0x4A, 0xBC, 0x50, 0x0B, 0x00, 0x00,
    0x9C, 0x83, 0xCE, 0xBB, 0x76, 0x0B, 0x00, 0x00, 0x92, 0x7D, 0x0A, 0xBC, 0x93, 0x0B, 0x00, 0x00,
    0x59, 0xBC, 0x5A, 0x3C, 0xB6, 0x0B, 0x00, 0x00, 0xAB, 0xC3, 0x3C, 0xBC, 0xD9, 0x0B, 0x00, 0x00,
    0x98, 0xDA, 0x33, 0x3C, 0xED, 0x0B, 0x00, 0x00, 0x5B, 0x8C, 0x6C, 0xBC, 0x28, 0x0C, 0x00, 0x00,
    0x39, 0xCD, 0x46, 0xBC, 0x3C, 0x0C, 0x00, 0x00, 0xEE, 0x8C, 0x1D, 0xBC, 0x4E, 0x0C, 0x00, 0x00,
    0x14, 0xFD, 0x29, 0x3C, 0x59, 0x0C, 0x00, 0x00, 0x35, 0xE2, 0x13, 0xBC, 0x00, 0x00, 0x00, 0x00,
    0x00, 0x00, 0x00, 0x00, 0x00, 0x00, 0x00, 0x00, 0x00, 0x00, 0x00, 0x00, 0x00, 0x00, 0x00, 0x00,
    0x00, 0x00, 0x00, 0x00, 0x00, 0x00, 0x00, 0x00, 0x00, 0x00, 0x00, 0x00, 0x00, 0x00, 0x00, 0x00,
    0x00, 0x00, 0x00, 0x00, 0x00, 0x00, 0x00, 0x00, 0x00, 0x00, 0x00, 0x00, 0x00, 0x00, 0x00, 0x00,
    0x00, 0x00, 0x00, 0x00, 0x00, 0x00, 0x00, 0x00, 0x00, 0x00, 0x00, 0x00, 0x00, 0x00, 0x00, 0x00,
    0x00, 0x00, 0x00, 0x00, 0x00, 0x00, 0x00, 0x00, 0x00, 0x00, 0x00, 0x00, 0x00, 0x00, 0x00, 0x00,
    0x00, 0x00, 0x00, 0x00, 0x00, 0x00, 0x00, 0x00, 0x00, 0x00, 0x00, 0x00, 0x00, 0x00, 0x00, 0x00,
    0x00, 0x00, 0x00, 0x00, 0x00, 0x00, 0x00, 0x00, 0x00, 0x00, 0x00, 0x00, 0x00, 0x00, 0x00, 0x00,
    0x00, 0x00, 0x00, 0x00, 0x00, 0x00, 0x00, 0x00, 0x00, 0x00, 0x00, 0x00, 0x70, 0x00, 0x00, 0x00,
    0xB3, 0x1A, 0xB0, 0x3E, 0x23, 0x01, 0x00, 0x00, 0x00, 0x8D, 0x24, 0x3E, 0xA6, 0x04, 0x00, 0x00,
    0x1C, 0x3C, 0xD6, 0x3C, 0xDC, 0x04, 0x00, 0x00, 0xE4, 0x9F, 0x1C, 0x3D, 0x0A, 0x05, 0x00, 0x00,
    0x10, 0x61, 0x29, 0x3D, 0x49, 0x05, 0x00, 0x00, 0x82, 0x9A, 0xB2, 0xBC, 0x4B, 0x05, 0x00, 0x00,
    0x21, 0x15, 0xD2, 0x3C, 0x4D, 0x05, 0x00, 0x00, 0x7A, 0x65, 0xC8, 0xBC, 0x7B, 0x05, 0x00, 0x00,
    0x11, 0xC4, 0x19, 0x3D, 0xF8, 0x05, 0x00, 0x00, 0x91, 0xBA, 0x08, 0x3D, 0xFA, 0x05, 0x00, 0x00,
    0x05, 0xF9, 0xDA, 0xBC, 0x3B, 0x06, 0x00, 0x00, 0x40, 0x9B, 0x41, 0xBC, 0xB7, 0x06, 0x00, 0x00,
    0x68, 0x06, 0x4E, 0xBC, 0x28, 0x07, 0x00, 0x00, 0xA2, 0x53, 0xA2, 0xBC, 0x44, 0x07, 0x00, 0x00,
    0xD7, 0x70, 0x8B, 0x3C, 0x4A, 0x07, 0x00, 0x00, 0x0B, 0xAA, 0x9A, 0x3C, 0x58, 0x07, 0x00, 0x00,
    0x8B, 0x41, 0xB4, 0x3C, 0x5B, 0x07, 0x00, 0x00, 0xF0, 0x1F, 0x02, 0xBD, 0x5F, 0x07, 0x00, 0x00,
    0x5B, 0xC4, 0xA1, 0x3C, 0x6B, 0x07, 0x00, 0x00, 0x36, 0x0E, 0x8D, 0x3C, 0x84, 0x07, 0x00, 0x00,
    0x59, 0xBC, 0x5A, 0x3C, 0xC9, 0x07, 0x00, 0x00, 0xC3, 0x34, 0x63, 0xBC, 0x1C, 0x08, 0x00, 0x00,
    0xFC, 0x17, 0x6D, 0xBC, 0x69, 0x08, 0x00, 0x00, 0x9B, 0x7F, 0x68, 0x3C, 0x26, 0x09, 0x00, 0x00,
    0xA5, 0xFF, 0x5B, 0xBC, 0x43, 0x09, 0x00, 0x00, 0xD8, 0x94, 0x52, 0xBC, 0x4B, 0x09, 0x00, 0x00,
    0x38, 0x4D, 0x7C, 0x3C, 0x8C, 0x09, 0x00, 0x00, 0x25, 0xB8, 0x47, 0xBC, 0xC8, 0x09, 0x00, 0x00,
    0xE1, 0x90, 0x36, 0xBC, 0x09, 0x0A, 0x00, 0x00, 0xC7, 0x6A, 0x0C, 0xBC, 0x0C, 0x0A, 0x00, 0x00,
    0xFC, 0xC5, 0x2A, 0x3C, 0x1A, 0x0A, 0x00, 0x00, 0xA1, 0xDA, 0x3D, 0x3C, 0x00, 0x00, 0x00, 0x00,
    0x00, 0x00, 0x00, 0x00, 0x00, 0x00, 0x00, 0x00, 0x00, 0x00, 0x00, 0x00, 0x00, 0x00, 0x00, 0x00,
    0x00, 0x00, 0x00, 0x00, 0x00, 0x00, 0x00, 0x00, 0x00, 0x00, 0x00, 0x00, 0x00, 0x00, 0x00, 0x00,
    0x00, 0x00, 0x00, 0x00, 0x00, 0x00, 0x00, 0x00, 0x00, 0x00, 0x00, 0x00, 0x00, 0x00, 0x00, 0x00,
    0x00, 0x00, 0x00, 0x00, 0x00, 0x00, 0x00, 0x00, 0x00, 0x00, 0x00, 0x00, 0x00, 0x00, 0x00, 0x00,
    0x00, 0x00, 0x00, 0x00, 0x00, 0x00, 0x00, 0x00, 0x00, 0x00, 0x00, 0x00, 0x00, 0x00, 0x00, 0x00,
    0x00, 0x00, 0x00, 0x00, 0x00, 0x00, 0x00, 0x00, 0x00, 0x00, 0x00, 0x00, 0x00, 0x00, 0x00, 0x00,
    0x00, 0x00, 0x00, 0x00, 0x00, 0x00, 0x00, 0x00, 0x00, 0x00, 0x00, 0x00, 0x00, 0x00, 0x00, 0x00,
    0x00, 0x00, 0x00, 0x00, 0x00, 0x00, 0x00, 0x00, 0x00, 0x00, 0x00, 0x00, 0xAE, 0x00, 0x00, 0x00,
    0x02, 0xDA, 0x98, 0x3E, 0x1E, 0x01, 0x00, 0x00, 0xDB, 0xFF, 0x3F, 0x3E, 0x57, 0x02, 0x00, 0x00,
    0x57, 0xB2, 0x04, 0xBD, 0x14, 0x05, 0x00, 0x00, 0x8B, 0x08, 0xC4, 0x3D, 0x17, 0x05, 0x00, 0x00,
    0xBC, 0x19, 0xBC, 0xBC, 0xB5, 0x05, 0x00, 0x00, 0x06, 0xED, 0x2C, 0x3D, 0xC7, 0x05, 0x00, 0x00,
    0x3B, 0x1A, 0xC6, 0xBC, 0xDE, 0x05, 0x00, 0x00, 0xE5, 0xD7, 0x0E, 0x3D, 0x63, 0x06, 0x00, 0x00,
    0xCC, 0x37, 0x8D, 0xBC, 0x38, 0x07, 0x00, 0x00, 0x50, 0x0B, 0x00, 0x3D, 0x3E, 0x07, 0x00, 0x00,
    0x33, 0xAD, 0x09, 0x3D, 0x62, 0x07, 0x00, 0x00, 0x54, 0xFF, 0x9E, 0x3C, 0xE8, 0x07, 0x00, 0x00,
    0xC8, 0xF5, 0x8A, 0x3C, 0x0D, 0x08, 0x00, 0x00, 0xE0, 0x01, 0x91, 0xBC, 0x6B, 0x08, 0x00, 0x00,
    0xE8, 0xA3, 0x6D, 0x3C, 0xBB, 0x08, 0x00, 0x00, 0x99, 0x18, 0x84, 0xBC, 0x27, 0x09, 0x00, 0x00,
    0xC7, 0xB7, 0x98, 0xBC, 0x4E, 0x09, 0x00, 0x00, 0x81, 0x08, 0x8E, 0xBC, 0x7A, 0x09, 0x00, 0x00,
    0xD1, 0xF0, 0x80, 0xBC, 0x7E, 0x09, 0x00, 0x00, 0x05, 0xA8, 0x27, 0x3C, 0xA7, 0x09, 0x00, 0x00,
    0x23, 0x6E, 0x67, 0xBC, 0xCE, 0x09, 0x00, 0x00, 0x1D, 0x3B, 0x68, 0xBC, 0xFF, 0x09, 0x00, 0x00,
    0x1D, 0xBB, 0x59, 0xBC, 0x0F, 0x0A, 0x00, 0x00, 0x63, 0x32, 0x8E, 0x3C, 0x3C, 0x0A, 0x00, 0x00,
    0x88, 0x40, 0x5C, 0xBC, 0x3E, 0x0A, 0x00, 0x00, 0x95, 0xC7, 0x85, 0x3C, 0x99, 0x0A, 0x00, 0x00,
    0x2E, 0xB1, 0x4F, 0x3C, 0x09, 0x0B, 0x00, 0x00, 0x4A, 0x1C, 0x20, 0xBC, 0x1D, 0x0B, 0x00, 0x00,
    0x5C, 0x07, 0x24, 0xBC, 0x2C, 0x0B, 0x00, 0x00, 0xBE, 0xC1, 0x55, 0x3C, 0x39, 0x0B, 0x00, 0x00,
    0xD2, 0xF1, 0x62, 0x3C, 0x49, 0x0B, 0x00, 0x00, 0x96, 0x4C, 0xA6, 0x3C, 0x00, 0x00, 0x00, 0x00,
    0x00, 0x00, 0x00, 0x00, 0x00, 0x00, 0x00, 0x00, 0x00, 0x00, 0x00, 0x00, 0x00, 0x00, 0x00, 0x00,
    0x00, 0x00, 0x00, 0x00, 0x00, 0x00, 0x00, 0x00, 0x00, 0x00, 0x00, 0x00, 0x00, 0x00, 0x00, 0x00,
    0x00, 0x00, 0x00, 0x00, 0x00, 0x00, 0x00, 0x00, 0x00, 0x00, 0x00, 0x00, 0x00, 0x00, 0x00, 0x00,
    0x00, 0x00, 0x00, 0x00, 0x00, 0x00, 0x00, 0x00, 0x00, 0x00, 0x00, 0x00, 0x00, 0x00, 0x00, 0x00,
    0x00, 0x00, 0x00, 0x00, 0x00, 0x00, 0x00, 0x00, 0x00, 0x00, 0x00, 0x00, 0x00, 0x00, 0x00, 0x00,
    0x00, 0x00, 0x00, 0x00, 0x00, 0x00, 0x00, 0x00, 0x00, 0x00, 0x00, 0x00, 0x00, 0x00, 0x00, 0x00,
    0x00, 0x00, 0x00, 0x00, 0x00, 0x00, 0x00, 0x00, 0x00, 0x00, 0x00, 0x00, 0x00, 0x00, 0x00, 0x00,
    0x00, 0x00, 0x00, 0x00, 0x00, 0x00, 0x00, 0x00, 0x00, 0x00, 0x00, 0x00, 0xAE, 0x00, 0x00, 0x00,
    0x10, 0x22, 0x0F, 0x3F, 0xCC, 0x00, 0x00, 0x00, 0xBB, 0x22, 0x87, 0x3E, 0x23, 0x01, 0x00, 0x00,
    0xEC, 0xBB, 0x68, 0xBD, 0x87, 0x01, 0x00, 0x00, 0x42, 0x16, 0x04, 0x3D, 0x2B, 0x05, 0x00, 0x00,
    0x01, 0xFE, 0x63, 0x3C, 0xDB, 0x05, 0x00, 0x00, 0x8F, 0x1B, 0x7B, 0x3D, 0xDE, 0x05, 0x00, 0x00,
    0x8B, 0x41, 0xB4, 0xBC, 0xE0, 0x05, 0x00, 0x00, 0xCC, 0xD5, 0x09, 0x3D, 0xF3, 0x05, 0x00, 0x00,
    0x1C, 0x3C, 0xD6, 0x3C, 0x08, 0x06, 0x00, 0x00, 0x12, 0xF7, 0xD8, 0x3C, 0x17, 0x06, 0x00, 0x00,
    0xE3, 0x4A, 0xE5, 0xBC, 0x44, 0x06, 0x00, 0x00, 0x74, 0x10, 0xCD, 0xBC, 0x75, 0x06, 0x00, 0x00,
    0x87, 0xBA, 0xD6, 0xBC, 0x96, 0x06, 0x00, 0x00, 0xC1, 0x5B, 0x9D, 0x3C, 0xC7, 0x06, 0x00, 0x00,
    0x52, 0xA6, 0x6A, 0xBC, 0x32, 0x07, 0x00, 0x00, 0x30, 0xDD, 0x60, 0xBC, 0x9E, 0x07, 0x00, 0x00,
    0x83, 0xB8, 0xDA, 0xBC, 0xA0, 0x07, 0x00, 0x00, 0x4C, 0x45, 0xD4, 0x3C, 0xC2, 0x07, 0x00, 0x00,
    0x24, 0xD8, 0xF4, 0x3C, 0xD3, 0x07, 0x00, 0x00, 0x52, 0xDA, 0x06, 0xBD, 0x7F, 0x08, 0x00, 0x00,
    0x8A, 0x1D, 0x70, 0x3C, 0xA7, 0x08, 0x00, 0x00, 0x49, 0xFB, 0x59, 0xBC, 0x64, 0x09, 0x00, 0x00,
    0x96, 0x04, 0xCA, 0xBC, 0x98, 0x09, 0x00, 0x00, 0x26, 0x90, 0x6F, 0x3C, 0x09, 0x0A, 0x00, 0x00,
    0x81, 0x4D, 0x69, 0xBC, 0x28, 0x0A, 0x00, 0x00, 0x7B, 0x6C, 0x88, 0x3C, 0x89, 0x0A, 0x00, 0x00,
    0xB7, 0xBC, 0x6E, 0x3C, 0xCC, 0x0A, 0x00, 0x00, 0xAD, 0xD7, 0x76, 0xBC, 0x0F, 0x0B, 0x00, 0x00,
    0x55, 0x92, 0x69, 0x3C, 0x15, 0x0B, 0x00, 0x00, 0x8A, 0x1D, 0x70, 0x3C, 0x2F, 0x0B, 0x00, 0x00,
    0x25, 0x76, 0x6B, 0xBC, 0x45, 0x0B, 0x00, 0x00, 0x54, 0x56, 0x72, 0xBC, 0x00, 0x00, 0x00, 0x00,
    0x00, 0x00, 0x00, 0x00, 0x00, 0x00, 0x00, 0x00, 0x00, 0x00, 0x00, 0x00, 0x00, 0x00, 0x00, 0x00,
    0x00, 0x00, 0x00, 0x00, 0x00, 0x00, 0x00, 0x00, 0x00, 0x00, 0x00, 0x00, 0x00, 0x00, 0x00, 0x00,
    0x00, 0x00, 0x00, 0x00, 0x00, 0x00, 0x00, 0x00, 0x00, 0x00, 0x00, 0x00, 0x00, 0x00, 0x00, 0x00,
    0x00, 0x00, 0x00, 0x00, 0x00, 0x00, 0x00, 0x00, 0x00, 0x00, 0x00, 0x00, 0x00, 0x00, 0x00, 0x00,
    0x00, 0x00, 0x00, 0x00, 0x00, 0x00, 0x00, 0x00, 0x00, 0x00, 0x00, 0x00, 0x00, 0x00, 0x00, 0x00,
    0x00, 0x00, 0x00, 0x00, 0x00, 0x00, 0x00, 0x00, 0x00, 0x00, 0x00, 0x00, 0x00, 0x00, 0x00, 0x00,
    0x00, 0x00, 0x00, 0x00, 0x00, 0x00, 0x00, 0x00, 0x00, 0x00, 0x00, 0x00, 0x00, 0x00, 0x00, 0x00,
    0x00, 0x00, 0x00, 0x00, 0x00, 0x00, 0x00, 0x00, 0x00, 0x00, 0x00, 0x00, 0x8A, 0x00, 0x00, 0x00,
    0x11, 0xAB, 0x55, 0x3F, 0x8A, 0x01, 0x00, 0x00, 0xF4, 0x2D, 0x5B, 0x3E, 0x6C, 0x02, 0x00, 0x00,
    0x44, 0x11, 0xB9, 0x3D, 0x8E, 0x02, 0x00, 0x00, 0xE0, 0x13, 0x6A, 0xBD, 0xE8, 0x02, 0x00, 0x00,
    0xD5, 0x85, 0x4D, 0xBD, 0x80, 0x03, 0x00, 0x00, 0x61, 0x3E, 0x34, 0xBD, 0x4D, 0x04, 0x00, 0x00,
    0x2F, 0x28, 0xFD, 0xBC, 0x66, 0x05, 0x00, 0x00, 0x3D, 0xCE, 0xBA, 0x3C, 0xEB, 0x05, 0x00, 0x00,
    0xBE, 0xB3, 0x35, 0x3D, 0x54, 0x06, 0x00, 0x00, 0x81, 0x27, 0x87, 0x3D, 0x57, 0x06, 0x00, 0x00,
    0x50, 0x0B, 0x00, 0xBD, 0x61, 0x06, 0x00, 0x00, 0x71, 0xF9, 0xF5, 0xBC, 0x6C, 0x06, 0x00, 0x00,
    0x10, 0xA5, 0xA7, 0x3C, 0x1A, 0x07, 0x00, 0x00, 0xE5, 0x11, 0x95, 0x3C, 0xB3, 0x07, 0x00, 0x00,
    0x0F, 0x5D, 0x93, 0xBC, 0xC0, 0x07, 0x00, 0x00, 0x44, 0xF8, 0x96, 0x3C, 0x06, 0x08, 0x00, 0x00,
    0x44, 0xF8, 0x96, 0x3C, 0x11, 0x08, 0x00, 0x00, 0x15, 0x06, 0xA1, 0x3C, 0x39, 0x08, 0x00, 0x00,
    0x81, 0x95, 0x82, 0xBC, 0x94, 0x08, 0x00, 0x00, 0x54, 0x56, 0x72, 0x3C, 0xB9, 0x08, 0x00, 0x00,
    0x47, 0x44, 0x88, 0xBC, 0xCC, 0x08, 0x00, 0x00, 0x20, 0x7E, 0x5B, 0x3C, 0xE5, 0x08, 0x00, 0x00,
    0xD5, 0xA1, 0x66, 0x3C, 0x23, 0x09, 0x00, 0x00, 0x10, 0xA5, 0xA7, 0xBC, 0x48, 0x09, 0x00, 0x00,
    0x8A, 0x39, 0xA8, 0xBC, 0x79, 0x09, 0x00, 0x00, 0x55, 0x92, 0x69, 0xBC, 0x8A, 0x09, 0x00, 0x00,
    0x97, 0x0D, 0x80, 0x3C, 0xBB, 0x09, 0x00, 0x00, 0x71, 0x57, 0x91, 0x3C, 0xCC, 0x09, 0x00, 0x00,
    0x1E, 0xA4, 0x48, 0xBC, 0x52, 0x0A, 0x00, 0x00, 0x93, 0x5E, 0x89, 0xBC, 0x63, 0x0A, 0x00, 0x00,
    0x50, 0x86, 0x8E, 0x3C, 0x72, 0x0A, 0x00, 0x00, 0xD0, 0x78, 0x85, 0xBC, 0x00, 0x00, 0x00, 0x00,
    0x00, 0x00, 0x00, 0x00, 0x00, 0x00, 0x00, 0x00, 0x00, 0x00, 0x00, 0x00, 0x00, 0x00, 0x00, 0x00,
    0x00, 0x00, 0x00, 0x00, 0x00, 0x00, 0x00, 0x00, 0x00, 0x00, 0x00, 0x00, 0x00, 0x00, 0x00, 0x00,
    0x00, 0x00, 0x00, 0x00, 0x00, 0x00, 0x00, 0x00, 0x00, 0x00, 0x00, 0x00, 0x00, 0x00, 0x00, 0x00,
    0x00, 0x00, 0x00, 0x00, 0x00, 0x00, 0x00, 0x00, 0x00, 0x00, 0x00, 0x00, 0x00, 0x00, 0x00, 0x00,
    0x00, 0x00, 0x00, 0x00, 0x00, 0x00, 0x00, 0x00, 0x00, 0x00, 0x00, 0x00, 0x00, 0x00, 0x00, 0x00,
    0x00, 0x00, 0x00, 0x00, 0x00, 0x00, 0x00, 0x00, 0x00, 0x00, 0x00, 0x00, 0x00, 0x00, 0x00, 0x00,
    0x00, 0x00, 0x00, 0x00, 0x00, 0x00, 0x00, 0x00, 0x00, 0x00, 0x00, 0x00, 0x00, 0x00, 0x00, 0x00,
    0x00, 0x00, 0x00, 0x00, 0x00, 0x00, 0x00, 0x00, 0x00, 0x00, 0x00, 0x00, 0xA5, 0x00, 0x00, 0x00,
    0x06, 0x4B, 0x22, 0x3E, 0xA0, 0x01, 0x00, 0x00, 0xCE, 0x00, 0x47, 0x3D, 0x2A, 0x02, 0x00, 0x00,
    0x85, 0x25, 0x85, 0x3D, 0x75, 0x03, 0x00, 0x00, 0x56, 0x5A, 0x1F, 0xBD, 0x00, 0x04, 0x00, 0x00,
    0xEA, 0x4C, 0xCD, 0x3C, 0x20, 0x05, 0x00, 0x00, 0x5B, 0xEF, 0x03, 0xBD, 0x8C, 0x05, 0x00, 0x00,
    0xCF, 0xC9, 0xF8, 0x3D, 0x8E, 0x05, 0x00, 0x00, 0x94, 0x37, 0xB8, 0xBD, 0xBB, 0x05, 0x00, 0x00,
    0xE9, 0x8A, 0x06, 0xBD, 0xEB, 0x05, 0x00, 0x00, 0xE1, 0x3A, 0x84, 0x3D, 0x4E, 0x06, 0x00, 0x00,
    0x4B, 0x1C, 0x0B, 0x3D, 0x9B, 0x06, 0x00, 0x00, 0xB0, 0x8B, 0x74, 0x3D, 0x9D, 0x06, 0x00, 0x00,
    0x40, 0x62, 0x21, 0xBD, 0x33, 0x07, 0x00, 0x00, 0x10, 0xF4, 0x87, 0x3C, 0x36, 0x07, 0x00, 0x00,
    0xFC, 0xA6, 0xF0, 0xBC, 0x48, 0x07, 0x00, 0x00, 0x05, 0xF9, 0xDA, 0xBC, 0x7D, 0x07, 0x00, 0x00,
    0x4D, 0x8E, 0x94, 0xBC, 0xAF, 0x07, 0x00, 0x00, 0x2C, 0xC3, 0xB0, 0x3C, 0xC6, 0x07, 0x00, 0x00,
    0x29, 0x72, 0xEE, 0xBC, 0xCC, 0x07, 0x00, 0x00, 0xAF, 0x73, 0xBB, 0x3C, 0x13, 0x08, 0x00, 0x00,
    0xF1, 0x7A, 0x59, 0xBC, 0x86, 0x08, 0x00, 0x00, 0x64, 0x18, 0x9C, 0x3C, 0xAE, 0x08, 0x00, 0x00,
    0xBC, 0x95, 0xA4, 0xBC, 0xE1, 0x08, 0x00, 0x00, 0x6A, 0xB3, 0x79, 0xBC, 0x04, 0x09, 0x00, 0x00,
    0xA2, 0x68, 0x37, 0x3C, 0x4A, 0x09, 0x00, 0x00, 0xB8, 0xA2, 0x3D, 0xBC, 0xAF, 0x09, 0x00, 0x00,
    0x68, 0x61, 0x2A, 0x3C, 0xC7, 0x09, 0x00, 0x00, 0x1B, 0x01, 0x6C, 0xBC, 0xD7, 0x09, 0x00, 0x00,
    0x07, 0xFD, 0x79, 0xBC, 0x09, 0x0A, 0x00, 0x00, 0x54, 0x82, 0x91, 0x3C, 0x3C, 0x0A, 0x00, 0x00,
    0x9A, 0xE8, 0x14, 0x3C, 0x3F, 0x0A, 0x00, 0x00, 0x5D, 0x86, 0x22, 0xBC, 0x00, 0x00, 0x00, 0x00,
    0x00, 0x00, 0x00, 0x00, 0x00, 0x00, 0x00, 0x00, 0x00, 0x00, 0x00, 0x00, 0x00, 0x00, 0x00, 0x00,
    0x00, 0x00, 0x00, 0x00, 0x00, 0x00, 0x00, 0x00, 0x00, 0x00, 0x00, 0x00, 0x00, 0x00, 0x00, 0x00,
    0x00, 0x00, 0x00, 0x00, 0x00, 0x00, 0x00, 0x00, 0x00, 0x00, 0x00, 0x00, 0x00, 0x00, 0x00, 0x00,
    0x00, 0x00, 0x00, 0x00, 0x00, 0x00, 0x00, 0x00, 0x00, 0x00, 0x00, 0x00, 0x00, 0x00, 0x00, 0x00,
    0x00, 0x00, 0x00, 0x00, 0x00, 0x00, 0x00, 0x00, 0x00, 0x00, 0x00, 0x00, 0x00, 0x00, 0x00, 0x00,
    0x00, 0x00, 0x00, 0x00, 0x00, 0x00, 0x00, 0x00, 0x00, 0x00, 0x00, 0x00, 0x00, 0x00, 0x00, 0x00,
    0x00, 0x00, 0x00, 0x00, 0x00, 0x00, 0x00, 0x00, 0x00, 0x00, 0x00, 0x00, 0x00, 0x00, 0x00, 0x00,
    0x00, 0x00, 0x00, 0x00, 0x00, 0x00, 0x00, 0x00, 0x00, 0x00, 0x00, 0x00, 0xA2, 0x00, 0x00, 0x00,
    0x06, 0x4B, 0x22, 0x3E, 0x9A, 0x01, 0x00, 0x00, 0x1C, 0x15, 0x96, 0x3D, 0x7B, 0x02, 0x00, 0x00,
    0x5B, 0x76, 0x5B, 0x3D, 0xF3, 0x02, 0x00, 0x00, 0x2B, 0xA2, 0xEA, 0x3C, 0xF6, 0x02, 0x00, 0x00,
    0xA9, 0xA7, 0x3B, 0xBD, 0x97, 0x03, 0x00, 0x00, 0xBB, 0x60, 0x01, 0xBD, 0xCA, 0x05, 0x00, 0x00,
    0x05, 0x2F, 0xA4, 0x3D, 0x35, 0x06, 0x00, 0x00, 0xB4, 0x28, 0xE3, 0x3D, 0x42, 0x06, 0x00, 0x00,
    0x50, 0x5B, 0x9B, 0xBD, 0x4E, 0x06, 0x00, 0x00, 0xD4, 0x54, 0xE0, 0x3C, 0x79, 0x06, 0x00, 0x00,
    0x96, 0x4C, 0xA6, 0xBC, 0x8F, 0x06, 0x00, 0x00, 0xB5, 0x59, 0xED, 0xBC, 0x9F, 0x06, 0x00, 0x00,
    0x7C, 0x3C, 0xBB, 0x3C, 0xE3, 0x06, 0x00, 0x00, 0x8C, 0x43, 0xA3, 0xBC, 0xFF, 0x06, 0x00, 0x00,
    0x92, 0x39, 0xDB, 0x3C, 0x16, 0x07, 0x00, 0x00, 0x54, 0x52, 0x8A, 0xBC, 0x6B, 0x07, 0x00, 0x00,
    0x09, 0xE1, 0xF2, 0xBC, 0x92, 0x07, 0x00, 0x00, 0xF3, 0x22, 0xAE, 0xBC, 0xCB, 0x07, 0x00, 0x00,
    0x96, 0x4C, 0xA6, 0x3C, 0x0A, 0x08, 0x00, 0x00, 0xA8, 0xA2, 0x9C, 0xBC, 0x5E, 0x08, 0x00, 0x00,
    0xA0, 0x48, 0x82, 0x3C, 0xB5, 0x08, 0x00, 0x00, 0xB0, 0x48, 0xA0, 0x3C, 0x38, 0x09, 0x00, 0x00,
    0x82, 0xAD, 0xCF, 0xBC, 0x5B, 0x09, 0x00, 0x00, 0xDF, 0x43, 0x55, 0x3C, 0xA6, 0x09, 0x00, 0x00,
    0xA5, 0xFF, 0x5B, 0x3C, 0xE4, 0x09, 0x00, 0x00, 0x93, 0x5E, 0x89, 0xBC, 0x20, 0x0A, 0x00, 0x00,
    0x98, 0x1B, 0xA6, 0x3C, 0x78, 0x0A, 0x00, 0x00, 0x03, 0xA4, 0x87, 0xBC, 0xA0, 0x0A, 0x00, 0x00,
    0x56, 0x70, 0xCF, 0xBC, 0xDA, 0x0A, 0x00, 0x00, 0xBC, 0x30, 0xE3, 0xBC, 0xEE, 0x0A, 0x00, 0x00,
    0xC7, 0x8B, 0x5E, 0x3C, 0xF7, 0x0A, 0x00, 0x00, 0x26, 0xD2, 0x6C, 0xBC, 0x00, 0x00, 0x00, 0x00,
    0x00, 0x00, 0x00, 0x00, 0x00, 0x00, 0x00, 0x00, 0x00, 0x00, 0x00, 0x00, 0x00, 0x00, 0x00, 0x00,
    0x00, 0x00, 0x00, 0x00, 0x00, 0x00, 0x00, 0x00, 0x00, 0x00, 0x00, 0x00, 0x00, 0x00, 0x00, 0x00,
    0x00, 0x00, 0x00, 0x00, 0x00, 0x00, 0x00, 0x00, 0x00, 0x00, 0x00, 0x00, 0x00, 0x00, 0x00, 0x00,
    0x00, 0x00, 0x00, 0x00, 0x00, 0x00, 0x00, 0x00, 0x00, 0x00, 0x00, 0x00, 0x00, 0x00, 0x00, 0x00,
    0x00, 0x00, 0x00, 0x00, 0x00, 0x00, 0x00, 0x00, 0x00, 0x00, 0x00, 0x00, 0x00, 0x00, 0x00, 0x00,
    0x00, 0x00, 0x00, 0x00, 0x00, 0x00, 0x00, 0x00, 0x00, 0x00, 0x00, 0x00, 0x00, 0x00, 0x00, 0x00,
    0x00, 0x00, 0x00, 0x00, 0x00, 0x00, 0x00, 0x00, 0x00, 0x00, 0x00, 0x00, 0x00, 0x00, 0x00, 0x00,
    0x00, 0x00, 0x00, 0x00, 0x00, 0x00, 0x00, 0x00, 0x00, 0x00, 0x00, 0x00, 0x8B, 0x00, 0x00, 0x00,
    0xDA, 0xE6, 0x56, 0x3F, 0x8C, 0x01, 0x00, 0x00, 0x13, 0x05, 0x44, 0x3E, 0x1D, 0x02, 0x00, 0x00,
    0x5E, 0x6A, 0x33, 0x3D, 0x6A, 0x03, 0x00, 0x00, 0xDF, 0x0F, 0xC9, 0x3D, 0x8E, 0x03, 0x00, 0x00,
    0xF9, 0xF9, 0x7B, 0x3D, 0xB1, 0x05, 0x00, 0x00, 0x4C, 0xEA, 0x85, 0x3D, 0xB3, 0x05, 0x00, 0x00,
    0x61, 0x8D, 0x52, 0xBD, 0x0E, 0x06, 0x00, 0x00, 0xC2, 0xF8, 0x6B, 0x3D, 0x10, 0x06, 0x00, 0x00,
    0x4B, 0x1C, 0x0B, 0xBD, 0xBB, 0x06, 0x00, 0x00, 0xC6, 0xAB, 0x26, 0x3D, 0xBD, 0x06, 0x00, 0x00,
    0xC4, 0x79, 0x1A, 0xBD, 0xE9, 0x06, 0x00, 0x00, 0x85, 0x8E, 0xE5, 0x3C, 0x4E, 0x07, 0x00, 0x00,
    0x93, 0xA0, 0xC8, 0x3C, 0x51, 0x07, 0x00, 0x00, 0xD4, 0x54, 0xE0, 0xBC, 0x96, 0x07, 0x00, 0x00,
    0x32, 0xF6, 0xCE, 0xBC, 0xDA, 0x07, 0x00, 0x00, 0x14, 0xFA, 0xA9, 0x3C, 0x13, 0x08, 0x00, 0x00,
    0xD3, 0x34, 0xA4, 0x3C, 0xC1, 0x08, 0x00, 0x00, 0x7B, 0x89, 0xCD, 0xBC, 0x03, 0x09, 0x00, 0x00,
    0xAB, 0xEA, 0xA5, 0xBC, 0x36, 0x09, 0x00, 0x00, 0x8C, 0xEC, 0xB5, 0x3C, 0x6D, 0x09, 0x00, 0x00,
    0xF4, 0x58, 0x8F, 0x3C, 0x13, 0x0A, 0x00, 0x00, 0xB0, 0x48, 0xA0, 0xBC, 0x15, 0x0A, 0x00, 0x00,
    0x84, 0x25, 0xE2, 0x3C, 0x17, 0x0A, 0x00, 0x00, 0x0B, 0xAA, 0x9A, 0xBC, 0x6B, 0x0A, 0x00, 0x00,
    0xBB, 0xAF, 0x92, 0x3C, 0x80, 0x0A, 0x00, 0x00, 0x1E, 0x7B, 0x8A, 0xBC, 0xB3, 0x0A, 0x00, 0x00,
    0xA4, 0x2C, 0xEB, 0xBC, 0x25, 0x0B, 0x00, 0x00, 0x68, 0x2D, 0x9D, 0x3C, 0x49, 0x0B, 0x00, 0x00,
    0x12, 0x6A, 0x08, 0x3D, 0x4D, 0x0B, 0x00, 0x00, 0x2E, 0x8E, 0xE9, 0xBC, 0x50, 0x0B, 0x00, 0x00,
    0xB4, 0x0B, 0x0D, 0x3D, 0x5C, 0x0B, 0x00, 0x00, 0xFC, 0x64, 0xF7, 0xBC, 0x00, 0x00, 0x00, 0x00,
    0x00, 0x00, 0x00, 0x00, 0x00, 0x00, 0x00, 0x00, 0x00, 0x00, 0x00, 0x00, 0x00, 0x00, 0x00, 0x00,
    0x00, 0x00, 0x00, 0x00, 0x00, 0x00, 0x00, 0x00, 0x00, 0x00, 0x00, 0x00, 0x00, 0x00, 0x00, 0x00,
    0x00, 0x00, 0x00, 0x00, 0x00, 0x00, 0x00, 0x00, 0x00, 0x00, 0x00, 0x00, 0x00, 0x00, 0x00, 0x00,
    0x00, 0x00, 0x00, 0x00, 0x00, 0x00, 0x00, 0x00, 0x00, 0x00, 0x00, 0x00, 0x00, 0x00, 0x00, 0x00,
    0x00, 0x00, 0x00, 0x00, 0x00, 0x00, 0x00, 0x00, 0x00, 0x00, 0x00, 0x00, 0x00, 0x00, 0x00, 0x00,
    0x00, 0x00, 0x00, 0x00, 0x00, 0x00, 0x00, 0x00, 0x00, 0x00, 0x00, 0x00, 0x00, 0x00, 0x00, 0x00,
    0x00, 0x00, 0x00, 0x00, 0x00, 0x00, 0x00, 0x00, 0x00, 0x00, 0x00, 0x00, 0x00, 0x00, 0x00, 0x00,
    0x00, 0x00, 0x00, 0x00, 0x00, 0x00, 0x00, 0x00, 0x00, 0x00, 0x00, 0x00, 0xDA, 0x00, 0x00, 0x00,
    0x93, 0x92, 0x33, 0x3F, 0xCD, 0x01, 0x00, 0x00, 0xA6, 0x67, 0x88, 0x3D, 0x37, 0x02, 0x00, 0x00,
    0x28, 0x84, 0xAC, 0x3D, 0xAE, 0x02, 0x00, 0x00, 0xBD, 0x7F, 0x11, 0x3D, 0xCD, 0x02, 0x00, 0x00,
    0x80, 0xB7, 0x14, 0xBD, 0x8C, 0x03, 0x00, 0x00, 0x87, 0xF2, 0x4E, 0x3D, 0x8E, 0x03, 0x00, 0x00,
    0x9C, 0x60, 0x77, 0xBD, 0x7B, 0x04, 0x00, 0x00, 0xB8, 0x78, 0xD7, 0x3C, 0xCD, 0x04, 0x00, 0x00,
    0x28, 0x2F, 0xCB, 0xBC, 0x14, 0x05, 0x00, 0x00, 0xD4, 0x54, 0xE0, 0x3C, 0x60, 0x05, 0x00, 0x00,
    0xAB, 0x42, 0xC0, 0x3C, 0x92, 0x05, 0x00, 0x00, 0xB6, 0x8C, 0xAB, 0xBC, 0x44, 0x06, 0x00, 0x00,
    0x43, 0xF3, 0xAF, 0xBC, 0x7E, 0x06, 0x00, 0x00, 0x66, 0xF9, 0xB6, 0xBC, 0xAC, 0x06, 0x00, 0x00,
    0xE6, 0x83, 0xD4, 0x3C, 0xFF, 0x06, 0x00, 0x00, 0x4F, 0x56, 0xAE, 0xBC, 0x3E, 0x07, 0x00, 0x00,
    0xF5, 0xEC, 0xC0, 0xBC, 0xA6, 0x07, 0x00, 0x00, 0x1A, 0x65, 0xA1, 0xBC, 0xD0, 0x07, 0x00, 0x00,
    0xEE, 0x5F, 0x14, 0xBD, 0x43, 0x08, 0x00, 0x00, 0x34, 0xEE, 0x95, 0x3C, 0x81, 0x08, 0x00, 0x00,
    0x7E, 0xD6, 0xA7, 0x3C, 0xD1, 0x08, 0x00, 0x00, 0xCF, 0x17, 0xB9, 0xBC, 0xD5, 0x08, 0x00, 0x00,
    0xAB, 0x8D, 0xB6, 0xBC, 0x06, 0x09, 0x00, 0x00, 0x81, 0x08, 0x8E, 0x3C, 0x87, 0x09, 0x00, 0x00,
    0x55, 0x77, 0xD8, 0xBC, 0xE2, 0x09, 0x00, 0x00, 0xB6, 0xAE, 0xA6, 0xBC, 0xF4, 0x09, 0x00, 0x00,
    0x8B, 0x3F, 0x84, 0x3C, 0x7D, 0x0A, 0x00, 0x00, 0xAB, 0xDE, 0x8D, 0x3C, 0xC5, 0x0A, 0x00, 0x00,
    0xDE, 0xF7, 0xD7, 0xBC, 0xE0, 0x0A, 0x00, 0x00, 0x70, 0x99, 0xD1, 0xBC, 0x07, 0x0B, 0x00, 0x00,
    0x83, 0x88, 0x93, 0x3C, 0x75, 0x0B, 0x00, 0x00, 0xC7, 0x79, 0xC7, 0x3C, 0x00, 0x00, 0x00, 0x00,
    0x00, 0x00, 0x00, 0x00, 0x00, 0x00, 0x00, 0x00, 0x00, 0x00, 0x00, 0x00, 0x00, 0x00, 0x00, 0x00,
    0x00, 0x00, 0x00, 0x00, 0x00, 0x00, 0x00, 0x00, 0x00, 0x00, 0x00, 0x00, 0x00, 0x00, 0x00, 0x00,
    0x00, 0x00, 0x00, 0x00, 0x00, 0x00, 0x00, 0x00, 0x00, 0x00, 0x00, 0x00, 0x00, 0x00, 0x00, 0x00,
    0x00, 0x00, 0x00, 0x00, 0x00, 0x00, 0x00, 0x00, 0x00, 0x00, 0x00, 0x00, 0x00, 0x00, 0x00, 0x00,
    0x00, 0x00, 0x00, 0x00, 0x00, 0x00, 0x00, 0x00, 0x00, 0x00, 0x00, 0x00, 0x00, 0x00, 0x00, 0x00,
    0x00, 0x00, 0x00, 0x00, 0x00, 0x00, 0x00, 0x00, 0x00, 0x00, 0x00, 0x00, 0x00, 0x00, 0x00, 0x00,
    0x00, 0x00, 0x00, 0x00, 0x00, 0x00, 0x00, 0x00, 0x00, 0x00, 0x00, 0x00, 0x00, 0x00, 0x00, 0x00,
    0x00, 0x00, 0x00, 0x00, 0x00, 0x00, 0x00, 0x00, 0x00, 0x00, 0x00, 0x00, 0x07, 0x01, 0x00, 0x00,
    0x99, 0x87, 0x2A, 0x3E, 0x46, 0x02, 0x00, 0x00, 0x4E, 0x89, 0xF8, 0x3C, 0x88, 0x03, 0x00, 0x00,
    0x70, 0x99, 0xD1, 0x3C, 0x0A, 0x04, 0x00, 0x00, 0x70, 0xC2, 0x4D, 0x3D, 0xF6, 0x04, 0x00, 0x00,
    0x0F, 0x5D, 0x93, 0x3C, 0x2D, 0x05, 0x00, 0x00, 0x5B, 0xC4, 0xA1, 0x3C, 0xB7, 0x05, 0x00, 0x00,
    0x0C, 0x94, 0xB1, 0xBC, 0x82, 0x06, 0x00, 0x00, 0x37, 0xBB, 0x9F, 0x3C, 0x38, 0x07, 0x00, 0x00,
    0x51, 0xA7, 0x1A, 0x3D, 0x6B, 0x07, 0x00, 0x00, 0xBC, 0x2D, 0x45, 0x3D, 0x6D, 0x07, 0x00, 0x00,
    0x5D, 0x06, 0x72, 0xBD, 0x8C, 0x07, 0x00, 0x00, 0xC1, 0x5B, 0x9D, 0x3C, 0x37, 0x08, 0x00, 0x00,
    0xA5, 0xD6, 0xA0, 0xBC, 0x3C, 0x08, 0x00, 0x00, 0x43, 0xF3, 0xAF, 0x3C, 0x56, 0x08, 0x00, 0x00,
    0x70, 0xC3, 0xDD, 0xBC, 0xA8, 0x08, 0x00, 0x00, 0x01, 0x7F, 0x80, 0x3C, 0xE5, 0x08, 0x00, 0x00,
    0x88, 0x40, 0x5C, 0x3C, 0xF7, 0x08, 0x00, 0x00, 0xE9, 0x50, 0x5F, 0x3C, 0x53, 0x09, 0x00, 0x00,
    0xB4, 0xF6, 0x67, 0x3C, 0x8A, 0x09, 0x00, 0x00, 0x1E, 0xE2, 0x7C, 0xBC, 0xDF, 0x09, 0x00, 0x00,
    0xB3, 0x34, 0x45, 0x3C, 0xF7, 0x09, 0x00, 0x00, 0x52, 0x8D, 0x2C, 0xBC, 0x13, 0x0A, 0x00, 0x00,
    0xDA, 0x6A, 0x3D, 0x3C, 0x8F, 0x0A, 0x00, 0x00, 0xCE, 0xE2, 0x26, 0xBC, 0xDD, 0x0A, 0x00, 0x00,
    0x81, 0xBF, 0x2D, 0xBC, 0x0E, 0x0B, 0x00, 0x00, 0x35, 0xE2, 0x13, 0x3C, 0x7A, 0x0B, 0x00, 0x00,
    0x37, 0x49, 0x1C, 0xBC, 0xE7, 0x0B, 0x00, 0x00, 0xBC, 0x95, 0xA4, 0x3C, 0xE9, 0x0B, 0x00, 0x00,
    0xBE, 0xC1, 0x55, 0xBC, 0xEC, 0x0B, 0x00, 0x00, 0xAA, 0x65, 0x86, 0x3C, 0xF6, 0x0B, 0x00, 0x00,
    0x55, 0x77, 0xD8, 0x3C, 0xF8, 0x0B, 0x00, 0x00, 0xD2, 0xDB, 0x84, 0xBC, 0x00, 0x00, 0x00, 0x00,
    0x00, 0x00, 0x00, 0x00, 0x00, 0x00, 0x00, 0x00, 0x00, 0x00, 0x00, 0x00, 0x00, 0x00, 0x00, 0x00,
    0x00, 0x00, 0x00, 0x00, 0x00, 0x00, 0x00, 0x00, 0x00, 0x00, 0x00, 0x00, 0x00, 0x00, 0x00, 0x00,
    0x00, 0x00, 0x00, 0x00, 0x00, 0x00, 0x00, 0x00, 0x00, 0x00, 0x00, 0x00, 0x00, 0x00, 0x00, 0x00,
    0x00, 0x00, 0x00, 0x00, 0x00, 0x00, 0x00, 0x00, 0x00, 0x00, 0x00, 0x00, 0x00, 0x00, 0x00, 0x00,
    0x00, 0x00, 0x00, 0x00, 0x00, 0x00, 0x00, 0x00, 0x00, 0x00, 0x00, 0x00, 0x00, 0x00, 0x00, 0x00,
    0x00, 0x00, 0x00, 0x00, 0x00, 0x00, 0x00, 0x00, 0x00, 0x00, 0x00, 0x00, 0x00, 0x00, 0x00, 0x00,
    0x00, 0x00, 0x00, 0x00, 0x00, 0x00, 0x00, 0x00, 0x00, 0x00, 0x00, 0x00, 0x00, 0x00, 0x00, 0x00,
    0x00, 0x00, 0x00, 0x00, 0x00, 0x00, 0x00, 0x00, 0x00, 0x00, 0x00, 0x00, 0x03, 0x01, 0x00, 0x00,
    0x8B, 0xFD, 0x20, 0x3E, 0xEB, 0x01, 0x00, 0x00, 0xB8, 0x78, 0xD7, 0x3C, 0x60, 0x02, 0x00, 0x00,
    0x19, 0x8F, 0xB0, 0xBC, 0xC6, 0x02, 0x00, 0x00, 0xA1, 0xFC, 0x36, 0xBC, 0x83, 0x03, 0x00, 0x00,
    0xDE, 0xDF, 0xA6, 0x3C, 0xBE, 0x03, 0x00, 0x00, 0xDF, 0x69, 0x95, 0x3C, 0x15, 0x04, 0x00, 0x00,
    0xAE, 0x91, 0x8C, 0x3C, 0xCA, 0x04, 0x00, 0x00, 0x80, 0x81, 0x5C, 0x3C, 0x9F, 0x05, 0x00, 0x00,
    0x3C, 0xB7, 0xD9, 0xBC, 0xA1, 0x05, 0x00, 0x00, 0xFC, 0xA6, 0xF0, 0x3C, 0xB0, 0x05, 0x00, 0x00,
    0x59, 0xFB, 0x77, 0x3C, 0x71, 0x06, 0x00, 0x00, 0xBA, 0x76, 0xB4, 0xBC, 0x73, 0x06, 0x00, 0x00,
    0xA1, 0x8E, 0x9B, 0x3C, 0x80, 0x06, 0x00, 0x00, 0xAE, 0x91, 0x8C, 0x3C, 0xD9, 0x06, 0x00, 0x00,
    0x13, 0x07, 0x33, 0xBC, 0x03, 0x07, 0x00, 0x00, 0x58, 0x9C, 0x3F, 0x3C, 0xD8, 0x07, 0x00, 0x00,
    0x9A, 0x49, 0x6F, 0xBC, 0xDB, 0x07, 0x00, 0x00, 0x09, 0xBF, 0x39, 0x3C, 0x94, 0x08, 0x00, 0x00,
    0xBE, 0xC1, 0x55, 0x3C, 0x9B, 0x08, 0x00, 0x00, 0x1F, 0x30, 0x6E, 0x3C, 0xBE, 0x08, 0x00, 0x00,
    0xD2, 0xF1, 0x62, 0xBC, 0xC1, 0x08, 0x00, 0x00, 0xB2, 0xD4, 0x5F, 0xBC, 0xFD, 0x08, 0x00, 0x00,
    0x8F, 0x2B, 0x3F, 0xBC, 0xBB, 0x09, 0x00, 0x00, 0x32, 0xC0, 0x2C, 0xBC, 0xCF, 0x09, 0x00, 0x00,
    0xFC, 0x8E, 0x1F, 0x3C, 0xE1, 0x09, 0x00, 0x00, 0x0B, 0x14, 0x27, 0x3C, 0x49, 0x0A, 0x00, 0x00,
    0xAE, 0x5F, 0x13, 0xBC, 0x85, 0x0A, 0x00, 0x00, 0x92, 0x7D, 0x0A, 0xBC, 0x09, 0x0B, 0x00, 0x00,
    0x4F, 0x65, 0xEA, 0xBB, 0x76, 0x0B, 0x00, 0x00, 0x6C, 0x0D, 0x40, 0xBC, 0x77, 0x0B, 0x00, 0x00,
    0x5C, 0x07, 0x24, 0x3C, 0x7C, 0x0B, 0x00, 0x00, 0x6B, 0x27, 0x2F, 0xBC, 0x00, 0x00, 0x00, 0x00,
    0x00, 0x00, 0x00, 0x00, 0x00, 0x00, 0x00, 0x00, 0x00, 0x00, 0x00, 0x00, 0x00, 0x00, 0x00, 0x00,
    0x00, 0x00, 0x00, 0x00, 0x00, 0x00, 0x00, 0x00, 0x00, 0x00, 0x00, 0x00, 0x00, 0x00, 0x00, 0x00,
    0x00, 0x00, 0x00, 0x00, 0x00, 0x00, 0x00, 0x00, 0x00, 0x00, 0x00, 0x00, 0x00, 0x00, 0x00, 0x00,
    0x00, 0x00, 0x00, 0x00, 0x00, 0x00, 0x00, 0x00, 0x00, 0x00, 0x00, 0x00, 0x00, 0x00, 0x00, 0x00,
    0x00, 0x00, 0x00, 0x00, 0x00, 0x00, 0x00, 0x00, 0x00, 0x00, 0x00, 0x00, 0x00, 0x00, 0x00, 0x00,
    0x00, 0x00, 0x00, 0x00, 0x00, 0x00, 0x00, 0x00, 0x00, 0x00, 0x00, 0x00, 0x00, 0x00, 0x00, 0x00,
    0x00, 0x00, 0x00, 0x00, 0x00, 0x00, 0x00, 0x00, 0x00, 0x00, 0x00, 0x00, 0x00, 0x00, 0x00, 0x00,
    0x00, 0x00, 0x00, 0x00, 0x00, 0x00, 0x00, 0x00, 0x00, 0x00, 0x00, 0x00, 0xDB, 0x00, 0x00, 0x00,
    0x3A, 0xD1, 0x34, 0x3F, 0xD1, 0x01, 0x00, 0x00, 0xCA, 0x11, 0x86, 0x3D, 0x41, 0x02, 0x00, 0x00,
    0x0A, 0x61, 0x79, 0x3D, 0x75, 0x03, 0x00, 0x00, 0x40, 0xB4, 0x6E, 0x3D, 0x98, 0x03, 0x00, 0x00,
    0x4C, 0xA4, 0xB8, 0x3D, 0x71, 0x07, 0x00, 0x00, 0x30, 0x70, 0x1E, 0x3D, 0x74, 0x07, 0x00, 0x00,
    0x6F, 0x22, 0x41, 0xBD, 0x79, 0x07, 0x00, 0x00, 0xAE, 0x4E, 0x17, 0xBD, 0xAC, 0x07, 0x00, 0x00,
    0x64, 0xB7, 0x82, 0x3D, 0xDB, 0x07, 0x00, 0x00, 0x0C, 0x2F, 0x13, 0xBD, 0xE5, 0x07, 0x00, 0x00,
    0x32, 0xCB, 0xFF, 0xBC, 0x3A, 0x08, 0x00, 0x00, 0x3D, 0x1F, 0xCC, 0xBC, 0x3D, 0x08, 0x00, 0x00,
    0x4E, 0xF3, 0xCA, 0xBC, 0x76, 0x08, 0x00, 0x00, 0x6C, 0xBC, 0xAD, 0xBC, 0x8E, 0x08, 0x00, 0x00,
    0xAF, 0x78, 0x4E, 0x3D, 0x91, 0x08, 0x00, 0x00, 0xCC, 0xD5, 0x09, 0xBD, 0x95, 0x08, 0x00, 0x00,
    0x79, 0x0F, 0xC4, 0xBC, 0x55, 0x09, 0x00, 0x00, 0x18, 0x6B, 0xCB, 0x3C, 0x59, 0x09, 0x00, 0x00,
    0x9F, 0xF8, 0xF9, 0x3C, 0x72, 0x0A, 0x00, 0x00, 0xF8, 0x98, 0xBF, 0x3C, 0x7A, 0x0A, 0x00, 0x00,
    0x09, 0xD4, 0xCC, 0x3C, 0x81, 0x0A, 0x00, 0x00, 0x6E, 0xB7, 0xEB, 0xBC, 0x60, 0x0B, 0x00, 0x00,
    0x25, 0x4F, 0x05, 0x3D, 0x7E, 0x0B, 0x00, 0x00, 0x7F, 0xC9, 0xDE, 0x3C, 0x94, 0x0B, 0x00, 0x00,
    0x74, 0xA2, 0xB3, 0xBC, 0xB6, 0x0B, 0x00, 0x00, 0x57, 0xC3, 0xF1, 0xBC, 0xF7, 0x0B, 0x00, 0x00,
    0xE5, 0xA2, 0xD0, 0x3C, 0x0F, 0x0C, 0x00, 0x00, 0x23, 0xCE, 0x65, 0xBD, 0x10, 0x0C, 0x00, 0x00,
    0xB8, 0x2C, 0x63, 0x3D, 0x22, 0x0C, 0x00, 0x00, 0xF6, 0x1E, 0x36, 0x3D, 0x4D, 0x0C, 0x00, 0x00,
    0xB5, 0x59, 0xED, 0x3C, 0x81, 0x0C, 0x00, 0x00, 0x10, 0xA5, 0xA7, 0x3C, 0x00, 0x00, 0x00, 0x00,
    0x00, 0x00, 0x00, 0x00, 0x00, 0x00, 0x00, 0x00, 0x00, 0x00, 0x00, 0x00, 0x00, 0x00, 0x00, 0x00,
    0x00, 0x00, 0x00, 0x00, 0x00, 0x00, 0x00, 0x00, 0x00, 0x00, 0x00, 0x00, 0x00, 0x00, 0x00, 0x00,
    0x00, 0x00, 0x00, 0x00, 0x00, 0x00, 0x00, 0x00, 0x00, 0x00, 0x00, 0x00, 0x00, 0x00, 0x00, 0x00,
    0x00, 0x00, 0x00, 0x00, 0x00, 0x00, 0x00, 0x00, 0x00, 0x00, 0x00, 0x00, 0x00, 0x00, 0x00, 0x00,
    0x00, 0x00, 0x00, 0x00, 0x00, 0x00, 0x00, 0x00, 0x00, 0x00, 0x00, 0x00, 0x00, 0x00, 0x00, 0x00,
    0x00, 0x00, 0x00, 0x00, 0x00, 0x00, 0x00, 0x00, 0x00, 0x00, 0x00, 0x00, 0x00, 0x00, 0x00, 0x00,
    0x00, 0x00, 0x00, 0x00, 0x00, 0x00, 0x00, 0x00, 0x00, 0x00, 0x00, 0x00, 0x00, 0x00, 0x00, 0x00,
    0x00, 0x00, 0x00, 0x00, 0x00, 0x00, 0x00, 0x00, 0x00, 0x00, 0x00, 0x00, 0x00, 0x00, 0x00, 0x00,
    0x00, 0x00, 0x00, 0x00, 0x00, 0x00, 0x00, 0x00, 0x00, 0x00, 0x00, 0x00, 0x00, 0x00, 0x00, 0x00,
    0x00, 0x00, 0x00, 0x00, 0x00, 0x00, 0x00, 0x00, 0x00, 0x00, 0x00, 0x00, 0x00, 0x00, 0x00, 0x00,
    0x00, 0x00, 0x00, 0x00, 0x00, 0x00, 0x00, 0x00, 0x00, 0x00, 0x00, 0x00, 0x00, 0x00, 0x00, 0x00,
    0x00, 0x00, 0x00, 0x00, 0x00, 0x00, 0x00, 0x00, 0x00, 0x00, 0x00, 0x00, 0x00, 0x00, 0x00, 0x00,
    0x00, 0x00, 0x00, 0x00, 0x00, 0x00, 0x00, 0x00, 0x00, 0x00, 0x00, 0x00, 0x00, 0x00, 0x00, 0x00,
    0x00, 0x00, 0x00, 0x00, 0x00, 0x00, 0x00, 0x00, 0x00, 0x00, 0x00, 0x00, 0x00, 0x00, 0x00, 0x00,
    0x00, 0x00, 0x00, 0x00, 0x00, 0x00, 0x00, 0x00, 0x00, 0x00, 0x00, 0x00, 0x00, 0x00, 0x00, 0x00,
    0x00, 0x00, 0x00, 0x00, 0x00, 0x00, 0x00, 0x00, 0x00, 0x00, 0x00, 0x00, 0x00, 0x00, 0x00, 0x00,
    0x00, 0x00, 0x00, 0x00, 0x00, 0x00, 0x00, 0x00, 0x00, 0x00, 0x00, 0x00, 0x00, 0x00, 0x00, 0x00,
    0x00, 0x00, 0x00, 0x00, 0x00, 0x00, 0x00, 0x00, 0x00, 0x00, 0x00, 0x00, 0x00, 0x00, 0x00, 0x00,
    0x00, 0x00, 0x00, 0x00, 0x00, 0x00, 0x00, 0x00, 0x00, 0x00, 0x00, 0x00, 0x00, 0x00, 0x00, 0x00,
    0x00, 0x00, 0x00, 0x00, 0x00, 0x00, 0x00, 0x00, 0x00, 0x00, 0x00, 0x00, 0x00, 0x00, 0x00, 0x00,
    0x00, 0x00, 0x00, 0x00, 0x00, 0x00, 0x00, 0x00, 0x00, 0x00, 0x00, 0x00, 0x00, 0x00, 0x00, 0x00,
    0x00, 0x00, 0x00, 0x00, 0x00, 0x00, 0x00, 0x00, 0x00, 0x00, 0x00, 0x00, 0x00, 0x00, 0x00, 0x00,
    0x00, 0x00, 0x00, 0x00, 0x00, 0x00, 0x00, 0x00, 0x00, 0x00, 0x00, 0x00, 0x00, 0x00, 0x00, 0x00,
    0x00, 0x00, 0x00, 0x00, 0x00, 0x00, 0x00, 0x00, 0x00, 0x00, 0x00, 0x00, 0x00, 0x00, 0x00, 0x00,
    0x00, 0x00, 0x00, 0x00, 0x00, 0x00, 0x00, 0x00, 0x00, 0x00, 0x00, 0x00, 0x00, 0x00, 0x00, 0x00,
    0x00, 0x00, 0x00, 0x00, 0x00, 0x00, 0x00, 0x00, 0x00, 0x00, 0x00, 0x00, 0x00, 0x00, 0x00, 0x00,
    0x00, 0x00, 0x00, 0x00, 0x00, 0x00, 0x00, 0x00, 0x00, 0x00, 0x00, 0x00, 0x00, 0x00, 0x00, 0x00,
    0x00, 0x00, 0x00, 0x00, 0x00, 0x00, 0x00, 0x00, 0x00, 0x00, 0x00, 0x00, 0x00, 0x00, 0x00, 0x00,
    0x00, 0x00, 0x00, 0x00, 0x00, 0x00, 0x00, 0x00, 0x00, 0x00, 0x00, 0x00, 0x00, 0x00, 0x00, 0x00,
    0x00, 0x00, 0x00, 0x00, 0x00, 0x00, 0x00, 0x00, 0x00, 0x00, 0x00, 0x00, 0x00, 0x00, 0x00, 0x00,
    0x00, 0x00, 0x00, 0x00, 0x00, 0x00, 0x00, 0x00, 0x00, 0x00, 0x00, 0x00, 0x00, 0x00, 0x00, 0x00,
    0x00, 0x00, 0x00, 0x00, 0x00, 0x00, 0x00, 0x00, 0x00, 0x00, 0x00, 0x00, 0x00, 0x00, 0x00, 0x00,
    0x00, 0x00, 0x00, 0x00, 0x00, 0x00, 0x00, 0x00, 0x00, 0x00, 0x00, 0x00, 0x00, 0x00, 0x00, 0x00,
    0x00, 0x00, 0x00, 0x00, 0x00, 0x00, 0x00, 0x00, 0x00, 0x00, 0x00, 0x00, 0x00, 0x00, 0x00, 0x00,
    0x00, 0x00, 0x00, 0x00, 0x00, 0x00, 0x00, 0x00, 0x00, 0x00, 0x00, 0x00, 0x00, 0x00, 0x00, 0x00,
    0x00, 0x00, 0x00, 0x00, 0x00, 0x00, 0x00, 0x00, 0x00, 0x00, 0x00, 0x00, 0x00, 0x00, 0x00, 0x00,
    0x00, 0x00, 0x00, 0x00, 0x00, 0x00, 0x00, 0x00, 0x00, 0x00, 0x00, 0x00, 0x00, 0x00, 0x00, 0x00,
    0x00, 0x00, 0x00, 0x00, 0x00, 0x00, 0x00, 0x00, 0x00, 0x00, 0x00, 0x00, 0x00, 0x00, 0x00, 0x00,
    0x00, 0x00, 0x00, 0x00, 0x00, 0x00, 0x00, 0x00, 0x00, 0x00, 0x00, 0x00, 0x00, 0x00, 0x00, 0x00,
    0x00, 0x00, 0x00, 0x00, 0x00, 0x00, 0x00, 0x00, 0x00, 0x00, 0x00, 0x00, 0x00, 0x00, 0x00, 0x00,
    0x00, 0x00, 0x00, 0x00, 0x00, 0x00, 0x00, 0x00, 0x00, 0x00, 0x00, 0x00, 0x00, 0x00, 0x00, 0x00,
    0x00, 0x00, 0x00, 0x00, 0x00, 0x00, 0x00, 0x00, 0x00, 0x00, 0x00, 0x00, 0x00, 0x00, 0x00, 0x00,
    0x00, 0x00, 0x00, 0x00, 0x00, 0x00, 0x00, 0x00, 0x00, 0x00, 0x00, 0x00, 0x00, 0x00, 0x00, 0x00,
    0x00, 0x00, 0x00, 0x00, 0x00, 0x00, 0x00, 0x00, 0x00, 0x00, 0x00, 0x00, 0x00, 0x00, 0x00, 0x00,
    0x00, 0x00, 0x00, 0x00, 0x00, 0x00, 0x00, 0x00, 0x00, 0x00, 0x00, 0x00, 0x00, 0x00, 0x00, 0x00,
    0x00, 0x00, 0x00, 0x00, 0x00, 0x00, 0x00, 0x00, 0x00, 0x00, 0x00, 0x00, 0x00, 0x00, 0x00, 0x00,
    0x00, 0x00, 0x00, 0x00, 0x00, 0x00, 0x00, 0x00, 0x00, 0x00, 0x00, 0x00, 0x00, 0x00, 0x00, 0x00,
    0x00, 0x00, 0x00, 0x00, 0x00, 0x00, 0x00, 0x00, 0x00, 0x00, 0x00, 0x00, 0x00, 0x00, 0x00, 0x00,
    0x00, 0x00, 0x00, 0x00, 0x00, 0x00, 0x00, 0x00, 0x00, 0x00, 0x00, 0x00, 0x00, 0x00, 0x00, 0x00,
    0x00, 0x00, 0x00, 0x00, 0x00, 0x00, 0x00, 0x00, 0x00, 0x00, 0x00, 0x00, 0x00, 0x00, 0x00, 0x00,
    0x00, 0x00, 0x00, 0x00, 0x00, 0x00, 0x00, 0x00, 0x00, 0x00, 0x00, 0x00, 0x00, 0x00, 0x00, 0x00,
    0x00, 0x00, 0x00, 0x00, 0x00, 0x00, 0x00, 0x00, 0x00, 0x00, 0x00, 0x00, 0x00, 0x00, 0x00, 0x00,
    0x00, 0x00, 0x00, 0x00, 0x00, 0x00, 0x00, 0x00, 0x00, 0x00, 0x00, 0x00, 0x00, 0x00, 0x00, 0x00,
    0x00, 0x00, 0x00, 0x00, 0x00, 0x00, 0x00, 0x00, 0x00, 0x00, 0x00, 0x00, 0x00, 0x00, 0x00, 0x00,
    0x00, 0x00, 0x00, 0x00, 0x00, 0x00, 0x00, 0x00, 0x00, 0x00, 0x00, 0x00, 0x00, 0x00, 0x00, 0x00,
    0x00, 0x00, 0x00, 0x00, 0x00, 0x00, 0x00, 0x00, 0x00, 0x00, 0x00, 0x00, 0x00, 0x00, 0x00, 0x00,
    0x00, 0x00, 0x00, 0x00, 0x00, 0x00, 0x00, 0x00, 0x00, 0x00, 0x00, 0x00, 0x00, 0x00, 0x00, 0x00,
    0x00, 0x00, 0x00, 0x00, 0x00, 0x00, 0x00, 0x00, 0x00, 0x00, 0x00, 0x00, 0x00, 0x00, 0x00, 0x00,
    0x00, 0x00, 0x00, 0x00, 0x00, 0x00, 0x00, 0x00, 0x00, 0x00, 0x00, 0x00, 0x00, 0x00, 0x00, 0x00,
    0x00, 0x00, 0x00, 0x00, 0x00, 0x00, 0x00, 0x00, 0x00, 0x00, 0x00, 0x00, 0x00, 0x00, 0x00, 0x00,
    0x00, 0x00, 0x00, 0x00, 0x00, 0x00, 0x00, 0x00, 0x00, 0x00, 0x00, 0x00, 0x00, 0x00, 0x00, 0x00,
    0x00, 0x00, 0x00, 0x00, 0x00, 0x00, 0x00, 0x00, 0x00, 0x00, 0x00, 0x00, 0x00, 0x00, 0x00, 0x00,
    0x00, 0x00, 0x00, 0x00, 0x00, 0x00, 0x00, 0x00, 0x00, 0x00, 0x00, 0x00, 0x00, 0x00, 0x00, 0x00,
    0x00, 0x00, 0x00, 0x00, 0x00, 0x00, 0x00, 0x00, 0x00, 0x00, 0x00, 0x00, 0x00, 0x00, 0x00, 0x00,
    0x00, 0x00, 0x00, 0x00, 0x00, 0x00, 0x00, 0x00, 0x00, 0x00, 0x00, 0x00, 0x00, 0x00, 0x00, 0x00,
    0x00, 0x00, 0x00, 0x00, 0x00, 0x00, 0x00, 0x00, 0x00, 0x00, 0x00, 0x00, 0x00, 0x00, 0x00, 0x00,
    0x00, 0x00, 0x00, 0x00, 0x00, 0x00, 0x00, 0x00, 0x00, 0x00, 0x00, 0x00, 0x00, 0x00, 0x00, 0x00,
    0x00, 0x00, 0x00, 0x00, 0x00, 0x00, 0x00, 0x00, 0x00, 0x00, 0x00, 0x00, 0x00, 0x00, 0x00, 0x00,
    0x00, 0x00, 0x00, 0x00, 0x00, 0x00, 0x00, 0x00, 0x00, 0x00, 0x00, 0x00, 0x00, 0x00, 0x00, 0x00,
    0x00, 0x00, 0x00, 0x00, 0x00, 0x00, 0x00, 0x00, 0x00, 0x00, 0x00, 0x00, 0x00, 0x00, 0x00, 0x00,
    0x00, 0x00, 0x00, 0x00, 0x00, 0x00, 0x00, 0x00, 0x00, 0x00, 0x00, 0x00, 0x00, 0x00, 0x00, 0x00,
    0x00, 0x00, 0x00, 0x00, 0x00, 0x00, 0x00, 0x00, 0x00, 0x00, 0x00, 0x00, 0x00, 0x00, 0x00, 0x00,
    0x00, 0x00, 0x00, 0x00, 0x00, 0x00, 0x00, 0x00, 0x00, 0x00, 0x00, 0x00, 0x00, 0x00, 0x00, 0x00,
    0x00, 0x00, 0x00, 0x00, 0x00, 0x00, 0x00, 0x00, 0x00, 0x00, 0x00, 0x00, 0x00, 0x00, 0x00, 0x00,
    0x00, 0x00, 0x00, 0x00, 0x00, 0x00, 0x00, 0x00, 0x00, 0x00, 0x00, 0x00, 0x00, 0x00, 0x00, 0x00,
    0x00, 0x00, 0x00, 0x00, 0x00, 0x00, 0x00, 0x00, 0x00, 0x00, 0x00, 0x00, 0x00, 0x00, 0x00, 0x00,
    0x00, 0x00, 0x00, 0x00, 0x00, 0x00, 0x00, 0x00, 0x00, 0x00, 0x00, 0x00, 0x00, 0x00, 0x00, 0x00,
    0x00, 0x00, 0x00, 0x00, 0x00, 0x00, 0x00, 0x00, 0x00, 0x00, 0x00, 0x00, 0x00, 0x00, 0x00, 0x00,
    0x00, 0x00, 0x00, 0x00, 0x00, 0x00, 0x00, 0x00, 0x00, 0x00, 0x00, 0x00, 0x00, 0x00, 0x00, 0x00,
    0x00, 0x00, 0x00, 0x00, 0x00, 0x00, 0x00, 0x00, 0x00, 0x00, 0x00, 0x00, 0x00, 0x00, 0x00, 0x00,
    0x00, 0x00, 0x00, 0x00, 0x00, 0x00, 0x00, 0x00, 0x00, 0x00, 0x00, 0x00, 0x00, 0x00, 0x00, 0x00,
    0x00, 0x00, 0x00, 0x00, 0x00, 0x00, 0x00, 0x00, 0x00, 0x00, 0x00, 0x00, 0x00, 0x00, 0x00, 0x00,
    0x00, 0x00, 0x00, 0x00, 0x00, 0x00, 0x00, 0x00, 0x00, 0x00, 0x00, 0x00, 0x00, 0x00, 0x00, 0x00,
    0x00, 0x00, 0x00, 0x00, 0x00, 0x00, 0x00, 0x00, 0x00, 0x00, 0x00, 0x00, 0x00, 0x00, 0x00, 0x00,
    0x00, 0x00, 0x00, 0x00, 0x00, 0x00, 0x00, 0x00, 0x00, 0x00, 0x00, 0x00, 0x00, 0x00, 0x00, 0x00,
    0x00, 0x00, 0x00, 0x00, 0x00, 0x00, 0x00, 0x00, 0x00, 0x00, 0x00, 0x00, 0x00, 0x00, 0x00, 0x00,
    0x00, 0x00, 0x00, 0x00, 0x00, 0x00, 0x00, 0x00, 0x00, 0x00, 0x00, 0x00, 0x00, 0x00, 0x00, 0x00,
    0x00, 0x00, 0x00, 0x00, 0x00, 0x00, 0x00, 0x00, 0x00, 0x00, 0x00, 0x00, 0x00, 0x00, 0x00, 0x00,
    0x00, 0x00, 0x00, 0x00, 0x00, 0x00, 0x00, 0x00, 0x00, 0x00, 0x00, 0x00, 0x00, 0x00, 0x00, 0x00,
    0x00, 0x00, 0x00, 0x00, 0x00, 0x00, 0x00, 0x00, 0x00, 0x00, 0x00, 0x00, 0x00, 0x00, 0x00, 0x00,
    0x00, 0x00, 0x00, 0x00, 0x00, 0x00, 0x00, 0x00, 0x00, 0x00, 0x00, 0x00, 0x00, 0x00, 0x00, 0x00,
    0x00, 0x00, 0x00, 0x00, 0x00, 0x00, 0x00, 0x00, 0x00, 0x00, 0x00, 0x00, 0x00, 0x00, 0x00, 0x00,
    0x00, 0x00, 0x00, 0x00, 0x00, 0x00, 0x00, 0x00, 0x00, 0x00, 0x00, 0x00, 0x00, 0x00, 0x00, 0x00,
    0x00, 0x00, 0x00, 0x00, 0x00, 0x00, 0x00, 0x00, 0x00, 0x00, 0x00, 0x00, 0x00, 0x00, 0x00, 0x00,
    0x00, 0x00, 0x00, 0x00, 0x00, 0x00, 0x00, 0x00, 0x00, 0x00, 0x00, 0x00, 0x00, 0x00, 0x00, 0x00,
    0x00, 0x00, 0x00, 0x00, 0x00, 0x00, 0x00, 0x00, 0x00, 0x00, 0x00, 0x00, 0x00, 0x00, 0x00, 0x00,
    0x00, 0x00, 0x00, 0x00, 0x00, 0x00, 0x00, 0x00, 0x00, 0x00, 0x00, 0x00, 0x00, 0x00, 0x00, 0x00,
    0x00, 0x00, 0x00, 0x00, 0x00, 0x00, 0x00, 0x00, 0x00, 0x00, 0x00, 0x00, 0x00, 0x00, 0x00, 0x00,
    0x00, 0x00, 0x00, 0x00, 0x00, 0x00, 0x00, 0x00, 0x00, 0x00, 0x00, 0x00, 0x00, 0x00, 0x00, 0x00,
    0x00, 0x00, 0x00, 0x00, 0x00, 0x00, 0x00, 0x00, 0x00, 0x00, 0x00, 0x00, 0x00, 0x00, 0x00, 0x00,
    0x00, 0x00, 0x00, 0x00, 0x00, 0x00, 0x00, 0x00, 0x00, 0x00, 0x00, 0x00, 0x00, 0x00, 0x00, 0x00,
    0x00, 0x00, 0x00, 0x00, 0x00, 0x00, 0x00, 0x00, 0x00, 0x00, 0x00, 0x00, 0x00, 0x00, 0x00, 0x00,
    0x00, 0x00, 0x00, 0x00, 0x00, 0x00, 0x00, 0x00, 0x00, 0x00, 0x00, 0x00, 0x00, 0x00, 0x00, 0x00,
    0x00, 0x00, 0x00, 0x00, 0x00, 0x00, 0x00, 0x00, 0x00, 0x00, 0x00, 0x00, 0x00, 0x38, 0x1E, 0x3F,
    0x00, 0x00, 0x00, 0x00, 0x00, 0x80, 0x7D, 0x3F, 0x00, 0x00, 0x20, 0x3C, 0xFA, 0x01, 0x00, 0x00,
    0x30, 0x00, 0x00, 0x00, 0x00, 0x00, 0xFA, 0x45, 0xE4, 0x38, 0x4E, 0xBF, 0x0C, 0x01, 0x00, 0x00,
    0x49, 0x03, 0x00, 0x00, 0x55, 0x04, 0x00, 0x00, 0x4F, 0x49, 0xC9, 0x3D, 0xB7, 0x64, 0xD1, 0x3C,
    0xA6, 0x22, 0x9A, 0x3D, 0xFB, 0xD1, 0x02, 0x3E, 0x7D, 0x06, 0x8A, 0x3E, 0xFB, 0xD1, 0x02, 0x3E,
    0xA6, 0x22, 0x9A, 0x3D, 0xB7, 0x64, 0xD1, 0x3C, 0x24, 0x01, 0x00, 0x00, 0xAA, 0x03, 0x00, 0x00,
    0xCE, 0x04, 0x00, 0x00, 0xAF, 0x8F, 0xDA, 0x3D, 0xEE, 0x52, 0xD1, 0x3C, 0x8F, 0x15, 0x9A, 0x3D,
    0xDF, 0xC6, 0x02, 0x3E, 0x2C, 0xBC, 0x7A, 0x3E, 0xDF, 0xC6, 0x02, 0x3E, 0x8F, 0x15, 0x9A, 0x3D,
    0xEE, 0x52, 0xD1, 0x3C, 0x3E, 0x01, 0x00, 0x00, 0xCD, 0x03, 0x00, 0x00, 0x0B, 0x05, 0x00, 0x00,
    0xF8, 0xF6, 0xE2, 0x3D, 0x3F, 0xB5, 0xD0, 0x3C, 0x80, 0xA1, 0x99, 0x3D, 0x5E, 0x64, 0x02, 0x3E,
    0x84, 0x9A, 0x6F, 0x3E, 0x5E, 0x64, 0x02, 0x3E, 0x80, 0xA1, 0x99, 0x3D, 0x3F, 0xB5, 0xD0, 0x3C,
    0x47, 0x01, 0x00, 0x00, 0xE0, 0x03, 0x00, 0x00, 0x27, 0x05, 0x00, 0x00, 0x3C, 0xC1, 0xE6, 0x3D,
    0x75, 0x50, 0xD0, 0x3C, 0x4C, 0x57, 0x99, 0x3D, 0x64, 0x25, 0x02, 0x3E, 0xC7, 0xD0, 0x6A, 0x3E,
    0x64, 0x25, 0x02, 0x3E, 0x4C, 0x57, 0x99, 0x3D, 0x75, 0x50, 0xD0, 0x3C, 0x4F, 0x01, 0x00, 0x00,
    0xDA, 0x03, 0x00, 0x00, 0x29, 0x05, 0x00, 0x00, 0x28, 0x06, 0xE7, 0x3D, 0x9D, 0x48, 0xD0, 0x3C,
    0x87, 0x51, 0x99, 0x3D, 0x7E, 0x20, 0x02, 0x3E, 0x18, 0x7B, 0x6A, 0x3E, 0x7E, 0x20, 0x02, 0x3E,
    0x87, 0x51, 0x99, 0x3D, 0x9D, 0x48, 0xD0, 0x3C, 0x53, 0x01, 0x00, 0x00, 0x10, 0x04, 0x00, 0x00,
    0x63, 0x05, 0x00, 0x00, 0x98, 0xBC, 0xEE, 0x3D, 0xB3, 0x42, 0xCF, 0x3C, 0xBB, 0x90, 0x98, 0x3D,
    0xDC, 0x7C, 0x01, 0x3E, 0x6C, 0x2D, 0x61, 0x3E, 0xDC, 0x7C, 0x01, 0x3E, 0xBB, 0x90, 0x98, 0x3D,
    0xB3, 0x42, 0xCF, 0x3C, 0x60, 0x01, 0x00, 0x00, 0x3B, 0x04, 0x00, 0x00, 0x9B, 0x05, 0x00, 0x00,
    0x44, 0x04, 0xF6, 0x3D, 0xCC, 0x0B, 0xCE, 0x3C, 0xDF, 0xAB, 0x97, 0x3D, 0x9F, 0xBA, 0x00, 0x3E,
    0x33, 0xE2, 0x58, 0x3E, 0x9F, 0xBA, 0x00, 0x3E, 0xDF, 0xAB, 0x97, 0x3D, 0xCC, 0x0B, 0xCE, 0x3C,
    0x65, 0x01, 0x00, 0x00, 0x44, 0x04, 0x00, 0x00, 0xA9, 0x05, 0x00, 0x00, 0xB4, 0xCF, 0xF7, 0x3D,
    0x0C, 0xB6, 0xCD, 0x3C, 0xC0, 0x6C, 0x97, 0x3D, 0x0A, 0x85, 0x00, 0x3E, 0x6F, 0xE8, 0x56, 0x3E,
    0x0A, 0x85, 0x00, 0x3E, 0xC0, 0x6C, 0x97, 0x3D, 0x0C, 0xB6, 0xCD, 0x3C, 0x69, 0x01, 0x00, 0x00,
    0x5E, 0x04, 0x00, 0x00, 0xC7, 0x05, 0x00, 0x00, 0x9B, 0x9F, 0xFB, 0x3D, 0x45, 0xF4, 0xCC, 0x3C,
    0x1C, 0xDE, 0x96, 0x3D, 0xFC, 0x0B, 0x00, 0x3E, 0x6C, 0xCC, 0x52, 0x3E, 0xFC, 0x0B, 0x00, 0x3E,
    0x1C, 0xDE, 0x96, 0x3D, 0x45, 0xF4, 0xCC, 0x3C, 0x7B, 0x01, 0x00, 0x00, 0xBA, 0x04, 0x00, 0x00,
    0x35, 0x06, 0x00, 0x00, 0x72, 0x9B, 0x04, 0x3E, 0xE9, 0xC6, 0xC9, 0x3C, 0x66, 0x87, 0x94, 0x3D,
    0xAB, 0x1F, 0xFC, 0x3D, 0x69, 0x0D, 0x45, 0x3E, 0xAB, 0x1F, 0xFC, 0x3D, 0x66, 0x87, 0x94, 0x3D,
    0xE9, 0xC6, 0xC9, 0x3C, 0x9B, 0x01, 0x00, 0x00, 0xE3, 0x04, 0x00, 0x00, 0x7E, 0x06, 0x00, 0x00,
    0xEA, 0xF3, 0x08, 0x3E, 0x92, 0x60, 0xC7, 0x3C, 0x2D, 0xC3, 0x92, 0x3D, 0x09, 0x20, 0xF9, 0x3D,
    0xF0, 0xF0, 0x3C, 0x3E, 0x09, 0x20, 0xF9, 0x3D, 0x2D, 0xC3, 0x92, 0x3D, 0x92, 0x60, 0xC7, 0x3C,
    0xB4, 0x01, 0x00, 0x00, 0xFB, 0x04, 0x00, 0x00, 0xAF, 0x06, 0x00, 0x00, 0x46, 0xCC, 0x0B, 0x3E,
    0x17, 0xA9, 0xC5, 0x3C, 0xAD, 0x7F, 0x91, 0x3D, 0xE8, 0xFA, 0xF6, 0x3D, 0x0F, 0xE4, 0x37, 0x3E,
    0xE8, 0xFA, 0xF6, 0x3D, 0xAD, 0x7F, 0x91, 0x3D, 0x17, 0xA9, 0xC5, 0x3C, 0xBD, 0x01, 0x00, 0x00,
    0x1A, 0x05, 0x00, 0x00, 0xD7, 0x06, 0x00, 0x00, 0x1C, 0x14, 0x0E, 0x3E, 0x78, 0x34, 0xC4, 0x3C,
    0x63, 0x6D, 0x90, 0x3D, 0x4B, 0x29, 0xF5, 0x3D, 0x4C, 0xFB, 0x33, 0x3E, 0x4B, 0x29, 0xF5, 0x3D,
    0x63, 0x6D, 0x90, 0x3D, 0x78, 0x34, 0xC4, 0x3C, 0xD3, 0x01, 0x00, 0x00, 0x95, 0x05, 0x00, 0x00,
    0x68, 0x07, 0x00, 0x00, 0x62, 0x09, 0x16, 0x3E, 0x6A, 0x9A, 0xBE, 0x3C, 0xC7, 0x4D, 0x8C, 0x3D,
    0x6D, 0x29, 0xEE, 0x3D, 0xF6, 0x37, 0x27, 0x3E, 0x6D, 0x29, 0xEE, 0x3D, 0xC7, 0x4D, 0x8C, 0x3D,
    0x6A, 0x9A, 0xBE, 0x3C, 0xF0, 0x01, 0x00, 0x00, 0xB3, 0x05, 0x00, 0x00, 0xA3, 0x07, 0x00, 0x00,
    0xBA, 0x23, 0x19, 0x3E, 0x17, 0x36, 0xBC, 0x3C, 0x0C, 0x8B, 0x8A, 0x3D, 0x54, 0x2C, 0xEB, 0x3D,
    0x43, 0x93, 0x22, 0x3E, 0x54, 0x2C, 0xEB, 0x3D, 0x0C, 0x8B, 0x8A, 0x3D, 0x17, 0x36, 0xBC, 0x3C,
    0x12, 0x02, 0x00, 0x00, 0xF9, 0x05, 0x00, 0x00, 0x0B, 0x08, 0x00, 0x00, 0xBA, 0x6C, 0x1E, 0x3E,
    0xF0, 0xE2, 0xB7, 0x3C, 0x0E, 0x5C, 0x87, 0x3D, 0xE7, 0xC4, 0xE5, 0x3D, 0x88, 0x0A, 0x1B, 0x3E,
    0xE7, 0xC4, 0xE5, 0x3D, 0x0E, 0x5C, 0x87, 0x3D, 0xF0, 0xE2, 0xB7, 0x3C, 0x74, 0x5A, 0xBB, 0x3C,
    0xCB, 0xB1, 0xC3, 0x3C, 0xC8, 0xA9, 0xC7, 0x3C, 0x9B, 0x6F, 0xC9, 0x3C, 0xBC, 0x8F, 0xC9, 0x3C,
    0xE9, 0x22, 0xCD, 0x3C, 0xA5, 0x79, 0xD0, 0x3C, 0x11, 0x4B, 0xD1, 0x3C, 0x52, 0x06, 0xD3, 0xBC,
    0x0B, 0x22, 0xD9, 0xBC, 0xCD, 0xFD, 0xDC, 0xBC, 0xED, 0x7F, 0xDF, 0xBC, 0x3D, 0x80, 0xE1, 0xBC,
    0x7D, 0x6D, 0xE8, 0xBC, 0xB2, 0x1B, 0xEB, 0xBC, 0x48, 0xA7, 0xEF, 0xBC, 0x74, 0x5A, 0xBB, 0x3C,
    0xCB, 0xB1, 0xC3, 0x3C, 0xC8, 0xA9, 0xC7, 0x3C, 0x9B, 0x6F, 0xC9, 0x3C, 0xBC, 0x8F, 0xC9, 0xBC,
    0xE9, 0x22, 0xCD, 0xBC, 0xA5, 0x79, 0xD0, 0xBC, 0x11, 0x4B, 0xD1, 0xBC, 0x52, 0x06, 0xD3, 0x3C,
    0x0B, 0x22, 0xD9, 0x3C, 0xCD, 0xFD, 0xDC, 0x3C, 0xED, 0x7F, 0xDF, 0x3C, 0x3D, 0x80, 0xE1, 0xBC,
    0x7D, 0x6D, 0xE8, 0xBC, 0xB2, 0x1B, 0xEB, 0xBC, 0x48, 0xA7, 0xEF, 0xBC, 0x74, 0x5A, 0xBB, 0xBC,
    0xCB, 0xB1, 0xC3, 0xBC, 0xC8, 0xA9, 0xC7, 0xBC, 0x9B, 0x6F, 0xC9, 0xBC, 0xBC, 0x8F, 0xC9, 0x3C,
    0xE9, 0x22, 0xCD, 0x3C, 0xA5, 0x79, 0xD0, 0x3C, 0x11, 0x4B, 0xD1, 0x3C, 0x52, 0x06, 0xD3, 0x3C,
    0x0B, 0x22, 0xD9, 0x3C, 0xCD, 0xFD, 0xDC, 0x3C, 0xED, 0x7F, 0xDF, 0x3C, 0x3D, 0x80, 0xE1, 0xBC,
    0x7D, 0x6D, 0xE8, 0xBC, 0xB2, 0x1B, 0xEB, 0xBC, 0x48, 0xA7, 0xEF, 0xBC, 0x74, 0x5A, 0xBB, 0x3C,
    0xCB, 0xB1, 0xC3, 0x3C, 0xC8, 0xA9, 0xC7, 0xBC, 0x9B, 0x6F, 0xC9, 0xBC, 0xBC, 0x8F, 0xC9, 0x3C,
    0xE9, 0x22, 0xCD, 0x3C, 0xA5, 0x79, 0xD0, 0xBC, 0x11, 0x4B, 0xD1, 0xBC, 0x52, 0x06, 0xD3, 0x3C,
    0x0B, 0x22, 0xD9, 0x3C, 0xCD, 0xFD, 0xDC, 0xBC, 0xED, 0x7F, 0xDF, 0xBC, 0x3D, 0x80, 0xE1, 0x3C,
    0x7D, 0x6D, 0xE8, 0x3C, 0xB2, 0x1B, 0xEB, 0xBC, 0x48, 0xA7, 0xEF, 0xBC, 0x74, 0x5A, 0xBB, 0xBC,
    0xCB, 0xB1, 0xC3, 0xBC, 0xC8, 0xA9, 0xC7, 0x3C, 0x9B, 0x6F, 0xC9, 0x3C, 0xBC, 0x8F, 0xC9, 0xBC,
    0xE9, 0x22, 0xCD, 0xBC, 0xA5, 0x79, 0xD0, 0x3C, 0x11, 0x4B, 0xD1, 0x3C, 0x52, 0x06, 0xD3, 0x3C,
    0x0B, 0x22, 0xD9, 0x3C, 0xCD, 0xFD, 0xDC, 0xBC, 0xED, 0x7F, 0xDF, 0xBC, 0x3D, 0x80, 0xE1, 0x3C,
    0x7D, 0x6D, 0xE8, 0x3C, 0xB2, 0x1B, 0xEB, 0xBC, 0x48, 0xA7, 0xEF, 0xBC, 0x74, 0x5A, 0xBB, 0xBC,
    0xCB, 0xB1, 0xC3, 0xBC, 0xC8, 0xA9, 0xC7, 0x3C, 0x9B, 0x6F, 0xC9, 0x3C, 0xBC, 0x8F, 0xC9, 0x3C,
    0xE9, 0x22, 0xCD, 0x3C, 0xA5, 0x79, 0xD0, 0xBC, 0x11, 0x4B, 0xD1, 0xBC, 0x52, 0x06, 0xD3, 0xBC,
    0x0B, 0x22, 0xD9, 0xBC, 0xCD, 0xFD, 0xDC, 0x3C, 0xED, 0x7F, 0xDF, 0x3C, 0x3D, 0x80, 0xE1, 0x3C,
    0x7D, 0x6D, 0xE8, 0x3C, 0xB2, 0x1B, 0xEB, 0xBC, 0x48, 0xA7, 0xEF, 0xBC, 0x74, 0x5A, 0xBB, 0x3C,
    0xCB, 0xB1, 0xC3, 0x3C, 0xC8, 0xA9, 0xC7, 0xBC, 0x9B, 0x6F, 0xC9, 0xBC, 0xBC, 0x8F, 0xC9, 0xBC,
    0xE9, 0x22, 0xCD, 0xBC, 0xA5, 0x79, 0xD0, 0x3C, 0x11, 0x4B, 0xD1, 0x3C, 0x52, 0x06, 0xD3, 0xBC,
    0x0B, 0x22, 0xD9, 0xBC, 0xCD, 0xFD, 0xDC, 0x3C, 0xED, 0x7F, 0xDF, 0x3C, 0x3D, 0x80, 0xE1, 0x3C,
    0x7D, 0x6D, 0xE8, 0x3C, 0xB2, 0x1B, 0xEB, 0xBC, 0x48, 0xA7, 0xEF, 0xBC, 0x74, 0x5A, 0xBB, 0xBC,
    0xCB, 0xB1, 0xC3, 0x3C, 0xC8, 0xA9, 0xC7, 0x3C, 0x9B, 0x6F, 0xC9, 0xBC, 0xBC, 0x8F, 0xC9, 0xBC,
    0xE9, 0x22, 0xCD, 0x3C, 0xA5, 0x79, 0xD0, 0x3C, 0x11, 0x4B, 0xD1, 0xBC, 0x52, 0x06, 0xD3, 0xBC,
    0x0B, 0x22, 0xD9, 0x3C, 0xCD, 0xFD, 0xDC, 0x3C, 0xED, 0x7F, 0xDF, 0xBC, 0x3D, 0x80, 0xE1, 0xBC,
    0x7D, 0x6D, 0xE8, 0x3C, 0xB2, 0x1B, 0xEB, 0x3C, 0x48, 0xA7, 0xEF, 0xBC, 0x89, 0x01, 0x00, 0x00,
    0x93, 0x00, 0x00, 0x00, 0xA1, 0x02, 0x00, 0x00, 0x30, 0x00, 0x00, 0x00, 0xFA, 0x36, 0x00, 0xC1,
    0x00, 0x00, 0x00, 0x00, 0x00, 0x00, 0x00, 0x00, 0xD7, 0x74, 0x8C, 0xC0, 0x00, 0x00, 0x00, 0x00,
    0x4C, 0x41, 0xF2, 0x3F, 0xA7, 0xA6, 0xA3, 0xC0, 0x67, 0x71, 0x46, 0x40, 0x00, 0x00, 0x50, 0x40,
    0x00, 0x00, 0x00, 0x00, 0x00, 0x00, 0x00, 0x00, 0x00, 0x00, 0x00, 0x00, 0x00, 0x00, 0x00, 0x00,
    0x00, 0x00, 0x00, 0x00, 0x00, 0x00, 0x80, 0xBE, 0x00, 0x00, 0x00, 0x00, 0xE4, 0x38, 0x1F, 0xC1,
    0x00, 0x00, 0x40, 0xC0, 0x00, 0x00, 0xB8, 0xC1, 0x00, 0x00, 0x40, 0xC0, 0x00, 0x00, 0x00, 0x00,
    0x00, 0x00, 0xA0, 0xC1, 0x00, 0x00, 0x68, 0xC1, 0x00, 0x00, 0x40, 0xC0, 0x00, 0x00, 0xF0, 0xC0,
    0x00, 0x00, 0x40, 0xC0, 0x00, 0x00, 0xB0, 0xC0, 0x00, 0x00, 0x40, 0xC0, 0x00, 0x00, 0xC0, 0xBF,
    0x00, 0x00, 0xC0, 0xC0, 0x00, 0x00, 0x00, 0x00, 0x00, 0x00, 0x00, 0x00, 0x00, 0x00, 0x00, 0x00,
}};

alignas(4) constexpr std::array<std::uint8_t, 7568> kXinnSpreset_5inN_3 = {{
    0x11, 0x00, 0x00, 0x00, 0x20, 0x00, 0x00, 0x00, 0x00, 0xA0, 0x0C, 0x46, 0x70, 0x03, 0x06, 0xC0,
    0x66, 0x66, 0x86, 0x3F, 0x3F, 0x8E, 0x63, 0x3D, 0xE0, 0x38, 0x0E, 0xBE, 0x70, 0x00, 0x00, 0x00,
    0x3E, 0x9D, 0x17, 0x3F, 0xCC, 0x00, 0x00, 0x00, 0x5F, 0x22, 0x91, 0x3E, 0x25, 0x02, 0x00, 0x00,
    0xE8, 0xDE, 0x61, 0x3D, 0x34, 0x06, 0x00, 0x00, 0x23, 0xCE, 0x65, 0x3D, 0x3B, 0x06, 0x00, 0x00,
    0xFB, 0xAA, 0xE2, 0x3C, 0x48, 0x06, 0x00, 0x00, 0x1C, 0x1C, 0xF7, 0xBC, 0xA4, 0x06, 0x00, 0x00,
    0x01, 0x96, 0xA9, 0xBC, 0xFE, 0x06, 0x00, 0x00, 0x26, 0x59, 0x80, 0x3C, 0x4E, 0x07, 0x00, 0x00,
    0x57, 0x88, 0x39, 0xBC, 0xA0, 0x07, 0x00, 0x00, 0xDE, 0x65, 0xB2, 0x3C, 0xE0, 0x07, 0x00, 0x00,
    0x04, 0x77, 0x3B, 0xBC, 0x2A, 0x08, 0x00, 0x00, 0xEE, 0x63, 0x3F, 0x3C, 0xAA, 0x08, 0x00, 0x00,
    0x94, 0x29, 0x8A, 0xBC, 0x2A, 0x09, 0x00, 0x00, 0x39, 0x91, 0x49, 0x3C, 0x5B, 0x09, 0x00, 0x00,
    0x17, 0xA9, 0x45, 0x3C, 0x9B, 0x09, 0x00, 0x00, 0xA8, 0x54, 0xC6, 0xBC, 0xD9, 0x09, 0x00, 0x00,
    0x9A, 0x49, 0x6F, 0x3C, 0xFD, 0x09, 0x00, 0x00, 0x83, 0x88, 0x93, 0x3C, 0x34, 0x0A, 0x00, 0x00,
    0xEA, 0xD7, 0x8F, 0x3C, 0x85, 0x0A, 0x00, 0x00, 0x54, 0x56, 0x72, 0x3C, 0xA9, 0x0A, 0x00, 0x00,
    0x85, 0xD1, 0x28, 0xBC, 0xEF, 0x0A, 0x00, 0x00, 0xC6, 0x43, 0x4A, 0xBC, 0x50, 0x0B, 0x00, 0x00,
    0x9C, 0x83, 0xCE, 0xBB, 0x76, 0x0B, 0x00, 0x00, 0x92, 0x7D, 0x0A, 0xBC, 0x93, 0x0B, 0x00, 0x00,
    0x59, 0xBC, 0x5A, 0x3C, 0xB6, 0x0B, 0x00, 0x00, 0xAB, 0xC3, 0x3C, 0xBC, 0xD9, 0x0B, 0x00, 0x00,
    0x98, 0xDA, 0x33, 0x3C, 0xED, 0x0B, 0x00, 0x00, 0x5B, 0x8C, 0x6C, 0xBC, 0x28, 0x0C, 0x00, 0x00,
    0x39, 0xCD, 0x46, 0xBC, 0x3C, 0x0C, 0x00, 0x00, 0xEE, 0x8C, 0x1D, 0xBC, 0x4E, 0x0C, 0x00, 0x00,
    0x14, 0xFD, 0x29, 0x3C, 0x59, 0x0C, 0x00, 0x00, 0x35, 0xE2, 0x13, 0xBC, 0x00, 0x00, 0x00, 0x00,
    0x00, 0x00, 0x00, 0x00, 0x00, 0x00, 0x00, 0x00, 0x00, 0x00, 0x00, 0x00, 0x00, 0x00, 0x00, 0x00,
    0x00, 0x00, 0x00, 0x00, 0x00, 0x00, 0x00, 0x00, 0x00, 0x00, 0x00, 0x00, 0x00, 0x00, 0x00, 0x00,
    0x00, 0x00, 0x00, 0x00, 0x00, 0x00, 0x00, 0x00, 0x00, 0x00, 0x00, 0x00, 0x00, 0x00, 0x00, 0x00,
    0x00, 0x00, 0x00, 0x00, 0x00, 0x00, 0x00, 0x00, 0x00, 0x00, 0x00, 0x00, 0x00, 0x00, 0x00, 0x00,
    0x00, 0x00, 0x00, 0x00, 0x00, 0x00, 0x00, 0x00, 0x00, 0x00, 0x00, 0x00, 0x00, 0x00, 0x00, 0x00,
    0x00, 0x00, 0x00, 0x00, 0x00, 0x00, 0x00, 0x00, 0x00, 0x00, 0x00, 0x00, 0x00, 0x00, 0x00, 0x00,
    0x00, 0x00, 0x00, 0x00, 0x00, 0x00, 0x00, 0x00, 0x00, 0x00, 0x00, 0x00, 0x00, 0x00, 0x00, 0x00,
    0x00, 0x00, 0x00, 0x00, 0x00, 0x00, 0x00, 0x00, 0x00, 0x00, 0x00, 0x00, 0x70, 0x00, 0x00, 0x00,
    0xB3, 0x1A, 0xB0, 0x3E, 0x23, 0x01, 0x00, 0x00, 0x00, 0x8D, 0x24, 0x3E, 0xA6, 0x04, 0x00, 0x00,
    0x1C, 0x3C, 0xD6, 0x3C, 0xDC, 0x04, 0x00, 0x00, 0xE4, 0x9F, 0x1C, 0x3D, 0x0A, 0x05, 0x00, 0x00,
    0x10, 0x61, 0x29, 0x3D, 0x49, 0x05, 0x00, 0x00, 0x82, 0x9A, 0xB2, 0xBC, 0x4B, 0x05, 0x00, 0x00,
    0x21, 0x15, 0xD2, 0x3C, 0x4D, 0x05, 0x00, 0x00, 0x7A, 0x65, 0xC8, 0xBC, 0x7B, 0x05, 0x00, 0x00,
    0x11, 0xC4, 0x19, 0x3D, 0xF8, 0x05, 0x00, 0x00, 0x91, 0xBA, 0x08, 0x3D, 0xFA, 0x05, 0x00, 0x00,
    0x05, 0xF9, 0xDA, 0xBC, 0x3B, 0x06, 0x00, 0x00, 0x40, 0x9B, 0x41, 0xBC, 0xB7, 0x06, 0x00, 0x00,
    0x68, 0x06, 0x4E, 0xBC, 0x28, 0x07, 0x00, 0x00, 0xA2, 0x53, 0xA2, 0xBC, 0x44, 0x07, 0x00, 0x00,
    0xD7, 0x70, 0x8B, 0x3C, 0x4A, 0x07, 0x00, 0x00, 0x0B, 0xAA, 0x9A, 0x3C, 0x58, 0x07, 0x00, 0x00,
    0x8B, 0x41, 0xB4, 0x3C, 0x5B, 0x07, 0x00, 0x00, 0xF0, 0x1F, 0x02, 0xBD, 0x5F, 0x07, 0x00, 0x00,
    0x5B, 0xC4, 0xA1, 0x3C, 0x6B, 0x07, 0x00, 0x00, 0x36, 0x0E, 0x8D, 0x3C, 0x84, 0x07, 0x00, 0x00,
    0x59, 0xBC, 0x5A, 0x3C, 0xC9, 0x07, 0x00, 0x00, 0xC3, 0x34, 0x63, 0xBC, 0x1C, 0x08, 0x00, 0x00,
    0xFC, 0x17, 0x6D, 0xBC, 0x69, 0x08, 0x00, 0x00, 0x9B, 0x7F, 0x68, 0x3C, 0x26, 0x09, 0x00, 0x00,
    0xA5, 0xFF, 0x5B, 0xBC, 0x43, 0x09, 0x00, 0x00, 0xD8, 0x94, 0x52, 0xBC, 0x4B, 0x09, 0x00, 0x00,
    0x38, 0x4D, 0x7C, 0x3C, 0x8C, 0x09, 0x00, 0x00, 0x25, 0xB8, 0x47, 0xBC, 0xC8, 0x09, 0x00, 0x00,
    0xE1, 0x90, 0x36, 0xBC, 0x09, 0x0A, 0x00, 0x00, 0xC7, 0x6A, 0x0C, 0xBC, 0x0C, 0x0A, 0x00, 0x00,
    0xFC, 0xC5, 0x2A, 0x3C, 0x1A, 0x0A, 0x00, 0x00, 0xA1, 0xDA, 0x3D, 0x3C, 0x00, 0x00, 0x00, 0x00,
    0x00, 0x00, 0x00, 0x00, 0x00, 0x00, 0x00, 0x00, 0x00, 0x00, 0x00, 0x00, 0x00, 0x00, 0x00, 0x00,
    0x00, 0x00, 0x00, 0x00, 0x00, 0x00, 0x00, 0x00, 0x00, 0x00, 0x00, 0x00, 0x00, 0x00, 0x00, 0x00,
    0x00, 0x00, 0x00, 0x00, 0x00, 0x00, 0x00, 0x00, 0x00, 0x00, 0x00, 0x00, 0x00, 0x00, 0x00, 0x00,
    0x00, 0x00, 0x00, 0x00, 0x00, 0x00, 0x00, 0x00, 0x00, 0x00, 0x00, 0x00, 0x00, 0x00, 0x00, 0x00,
    0x00, 0x00, 0x00, 0x00, 0x00, 0x00, 0x00, 0x00, 0x00, 0x00, 0x00, 0x00, 0x00, 0x00, 0x00, 0x00,
    0x00, 0x00, 0x00, 0x00, 0x00, 0x00, 0x00, 0x00, 0x00, 0x00, 0x00, 0x00, 0x00, 0x00, 0x00, 0x00,
    0x00, 0x00, 0x00, 0x00, 0x00, 0x00, 0x00, 0x00, 0x00, 0x00, 0x00, 0x00, 0x00, 0x00, 0x00, 0x00,
    0x00, 0x00, 0x00, 0x00, 0x00, 0x00, 0x00, 0x00, 0x00, 0x00, 0x00, 0x00, 0xAE, 0x00, 0x00, 0x00,
    0x02, 0xDA, 0x98, 0x3E, 0x1E, 0x01, 0x00, 0x00, 0xDB, 0xFF, 0x3F, 0x3E, 0x57, 0x02, 0x00, 0x00,
    0x57, 0xB2, 0x04, 0xBD, 0x14, 0x05, 0x00, 0x00, 0x8B, 0x08, 0xC4, 0x3D, 0x17, 0x05, 0x00, 0x00,
    0xBC, 0x19, 0xBC, 0xBC, 0xB5, 0x05, 0x00, 0x00, 0x06, 0xED, 0x2C, 0x3D, 0xC7, 0x05, 0x00, 0x00,
    0x3B, 0x1A, 0xC6, 0xBC, 0xDE, 0x05, 0x00, 0x00, 0xE5, 0xD7, 0x0E, 0x3D, 0x63, 0x06, 0x00, 0x00,
    0xCC, 0x37, 0x8D, 0xBC, 0x38, 0x07, 0x00, 0x00, 0x50, 0x0B, 0x00, 0x3D, 0x3E, 0x07, 0x00, 0x00,
    0x33, 0xAD, 0x09, 0x3D, 0x62, 0x07, 0x00, 0x00, 0x54, 0xFF, 0x9E, 0x3C, 0xE8, 0x07, 0x00, 0x00,
    0xC8, 0xF5, 0x8A, 0x3C, 0x0D, 0x08, 0x00, 0x00, 0xE0, 0x01, 0x91, 0xBC, 0x6B, 0x08, 0x00, 0x00,
    0xE8, 0xA3, 0x6D, 0x3C, 0xBB, 0x08, 0x00, 0x00, 0x99, 0x18, 0x84, 0xBC, 0x27, 0x09, 0x00, 0x00,
    0xC7, 0xB7, 0x98, 0xBC, 0x4E, 0x09, 0x00, 0x00, 0x81, 0x08, 0x8E, 0xBC, 0x7A, 0x09, 0x00, 0x00,
    0xD1, 0xF0, 0x80, 0xBC, 0x7E, 0x09, 0x00, 0x00, 0x05, 0xA8, 0x27, 0x3C, 0xA7, 0x09, 0x00, 0x00,
    0x23, 0x6E, 0x67, 0xBC, 0xCE, 0x09, 0x00, 0x00, 0x1D, 0x3B, 0x68, 0xBC, 0xFF, 0x09, 0x00, 0x00,
    0x1D, 0xBB, 0x59, 0xBC, 0x0F, 0x0A, 0x00, 0x00, 0x63, 0x32, 0x8E, 0x3C, 0x3C, 0x0A, 0x00, 0x00,
    0x88, 0x40, 0x5C, 0xBC, 0x3E, 0x0A, 0x00, 0x00, 0x95, 0xC7, 0x85, 0x3C, 0x99, 0x0A, 0x00, 0x00,
    0x2E, 0xB1, 0x4F, 0x3C, 0x09, 0x0B, 0x00, 0x00, 0x4A, 0x1C, 0x20, 0xBC, 0x1D, 0x0B, 0x00, 0x00,
    0x5C, 0x07, 0x24, 0xBC, 0x2C, 0x0B, 0x00, 0x00, 0xBE, 0xC1, 0x55, 0x3C, 0x39, 0x0B, 0x00, 0x00,
    0xD2, 0xF1, 0x62, 0x3C, 0x49, 0x0B, 0x00, 0x00, 0x96, 0x4C, 0xA6, 0x3C, 0x00, 0x00, 0x00, 0x00,
    0x00, 0x00, 0x00, 0x00, 0x00, 0x00, 0x00, 0x00, 0x00, 0x00, 0x00, 0x00, 0x00, 0x00, 0x00, 0x00,
    0x00, 0x00, 0x00, 0x00, 0x00, 0x00, 0x00, 0x00, 0x00, 0x00, 0x00, 0x00, 0x00, 0x00, 0x00, 0x00,
    0x00, 0x00, 0x00, 0x00, 0x00, 0x00, 0x00, 0x00, 0x00, 0x00, 0x00, 0x00, 0x00, 0x00, 0x00, 0x00,
    0x00, 0x00, 0x00, 0x00, 0x00, 0x00, 0x00, 0x00, 0x00, 0x00, 0x00, 0x00, 0x00, 0x00, 0x00, 0x00,
    0x00, 0x00, 0x00, 0x00, 0x00, 0x00, 0x00, 0x00, 0x00, 0x00, 0x00, 0x00, 0x00, 0x00, 0x00, 0x00,
    0x00, 0x00, 0x00, 0x00, 0x00, 0x00, 0x00, 0x00, 0x00, 0x00, 0x00, 0x00, 0x00, 0x00, 0x00, 0x00,
    0x00, 0x00, 0x00, 0x00, 0x00, 0x00, 0x00, 0x00, 0x00, 0x00, 0x00, 0x00, 0x00, 0x00, 0x00, 0x00,
    0x00, 0x00, 0x00, 0x00, 0x00, 0x00, 0x00, 0x00, 0x00, 0x00, 0x00, 0x00, 0xAE, 0x00, 0x00, 0x00,
    0x10, 0x22, 0x0F, 0x3F, 0xCC, 0x00, 0x00, 0x00, 0xBB, 0x22, 0x87, 0x3E, 0x23, 0x01, 0x00, 0x00,
    0xEC, 0xBB, 0x68, 0xBD, 0x87, 0x01, 0x00, 0x00, 0x42, 0x16, 0x04, 0x3D, 0x2B, 0x05, 0x00, 0x00,
    0x01, 0xFE, 0x63, 0x3C, 0xDB, 0x05, 0x00, 0x00, 0x8F, 0x1B, 0x7B, 0x3D, 0xDE, 0x05, 0x00, 0x00,
    0x8B, 0x41, 0xB4, 0xBC, 0xE0, 0x05, 0x00, 0x00, 0xCC, 0xD5, 0x09, 0x3D, 0xF3, 0x05, 0x00, 0x00,
    0x1C, 0x3C, 0xD6, 0x3C, 0x08, 0x06, 0x00, 0x00, 0x12, 0xF7, 0xD8, 0x3C, 0x17, 0x06, 0x00, 0x00,
    0xE3, 0x4A, 0xE5, 0xBC, 0x44, 0x06, 0x00, 0x00, 0x74, 0x10, 0xCD, 0xBC, 0x75, 0x06, 0x00, 0x00,
    0x87, 0xBA, 0xD6, 0xBC, 0x96, 0x06, 0x00, 0x00, 0xC1, 0x5B, 0x9D, 0x3C, 0xC7, 0x06, 0x00, 0x00,
    0x52, 0xA6, 0x6A, 0xBC, 0x32, 0x07, 0x00, 0x00, 0x30, 0xDD, 0x60, 0xBC, 0x9E, 0x07, 0x00, 0x00,
    0x83, 0xB8, 0xDA, 0xBC, 0xA0, 0x07, 0x00, 0x00, 0x4C, 0x45, 0xD4, 0x3C, 0xC2, 0x07, 0x00, 0x00,
    0x24, 0xD8, 0xF4, 0x3C, 0xD3, 0x07, 0x00, 0x00, 0x52, 0xDA, 0x06, 0xBD, 0x7F, 0x08, 0x00, 0x00,
    0x8A, 0x1D, 0x70, 0x3C, 0xA7, 0x08, 0x00, 0x00, 0x49, 0xFB, 0x59, 0xBC, 0x64, 0x09, 0x00, 0x00,
    0x96, 0x04, 0xCA, 0xBC, 0x98, 0x09, 0x00, 0x00, 0x26, 0x90, 0x6F, 0x3C, 0x09, 0x0A, 0x00, 0x00,
    0x81, 0x4D, 0x69, 0xBC, 0x28, 0x0A, 0x00, 0x00, 0x7B, 0x6C, 0x88, 0x3C, 0x89, 0x0A, 0x00, 0x00,
    0xB7, 0xBC, 0x6E, 0x3C, 0xCC, 0x0A, 0x00, 0x00, 0xAD, 0xD7, 0x76, 0xBC, 0x0F, 0x0B, 0x00, 0x00,
    0x55, 0x92, 0x69, 0x3C, 0x15, 0x0B, 0x00, 0x00, 0x8A, 0x1D, 0x70, 0x3C, 0x2F, 0x0B, 0x00, 0x00,
    0x25, 0x76, 0x6B, 0xBC, 0x45, 0x0B, 0x00, 0x00, 0x54, 0x56, 0x72, 0xBC, 0x00, 0x00, 0x00, 0x00,
    0x00, 0x00, 0x00, 0x00, 0x00, 0x00, 0x00, 0x00, 0x00, 0x00, 0x00, 0x00, 0x00, 0x00, 0x00, 0x00,
    0x00, 0x00, 0x00, 0x00, 0x00, 0x00, 0x00, 0x00, 0x00, 0x00, 0x00, 0x00, 0x00, 0x00, 0x00, 0x00,
    0x00, 0x00, 0x00, 0x00, 0x00, 0x00, 0x00, 0x00, 0x00, 0x00, 0x00, 0x00, 0x00, 0x00, 0x00, 0x00,
    0x00, 0x00, 0x00, 0x00, 0x00, 0x00, 0x00, 0x00, 0x00, 0x00, 0x00, 0x00, 0x00, 0x00, 0x00, 0x00,
    0x00, 0x00, 0x00, 0x00, 0x00, 0x00, 0x00, 0x00, 0x00, 0x00, 0x00, 0x00, 0x00, 0x00, 0x00, 0x00,
    0x00, 0x00, 0x00, 0x00, 0x00, 0x00, 0x00, 0x00, 0x00, 0x00, 0x00, 0x00, 0x00, 0x00, 0x00, 0x00,
    0x00, 0x00, 0x00, 0x00, 0x00, 0x00, 0x00, 0x00, 0x00, 0x00, 0x00, 0x00, 0x00, 0x00, 0x00, 0x00,
    0x00, 0x00, 0x00, 0x00, 0x00, 0x00, 0x00, 0x00, 0x00, 0x00, 0x00, 0x00, 0x8A, 0x00, 0x00, 0x00,
    0x11, 0xAB, 0x55, 0x3F, 0x8A, 0x01, 0x00, 0x00, 0xF4, 0x2D, 0x5B, 0x3E, 0x6C, 0x02, 0x00, 0x00,
    0x44, 0x11, 0xB9, 0x3D, 0x8E, 0x02, 0x00, 0x00, 0xE0, 0x13, 0x6A, 0xBD, 0xE8, 0x02, 0x00, 0x00,
    0xD5, 0x85, 0x4D, 0xBD, 0x80, 0x03, 0x00, 0x00, 0x61, 0x3E, 0x34, 0xBD, 0x4D, 0x04, 0x00, 0x00,
    0x2F, 0x28, 0xFD, 0xBC, 0x66, 0x05, 0x00, 0x00, 0x3D, 0xCE, 0xBA, 0x3C, 0xEB, 0x05, 0x00, 0x00,
    0xBE, 0xB3, 0x35, 0x3D, 0x54, 0x06, 0x00, 0x00, 0x81, 0x27, 0x87, 0x3D, 0x57, 0x06, 0x00, 0x00,
    0x50, 0x0B, 0x00, 0xBD, 0x61, 0x06, 0x00, 0x00, 0x71, 0xF9, 0xF5, 0xBC, 0x6C, 0x06, 0x00, 0x00,
    0x10, 0xA5, 0xA7, 0x3C, 0x1A, 0x07, 0x00, 0x00, 0xE5, 0x11, 0x95, 0x3C, 0xB3, 0x07, 0x00, 0x00,
    0x0F, 0x5D, 0x93, 0xBC, 0xC0, 0x07, 0x00, 0x00, 0x44, 0xF8, 0x96, 0x3C, 0x06, 0x08, 0x00, 0x00,
    0x44, 0xF8, 0x96, 0x3C, 0x11, 0x08, 0x00, 0x00, 0x15, 0x06, 0xA1, 0x3C, 0x39, 0x08, 0x00, 0x00,
    0x81, 0x95, 0x82, 0xBC, 0x94, 0x08, 0x00, 0x00, 0x54, 0x56, 0x72, 0x3C, 0xB9, 0x08, 0x00, 0x00,
    0x47, 0x44, 0x88, 0xBC, 0xCC, 0x08, 0x00, 0x00, 0x20, 0x7E, 0x5B, 0x3C, 0xE5, 0x08, 0x00, 0x00,
    0xD5, 0xA1, 0x66, 0x3C, 0x23, 0x09, 0x00, 0x00, 0x10, 0xA5, 0xA7, 0xBC, 0x48, 0x09, 0x00, 0x00,
    0x8A, 0x39, 0xA8, 0xBC, 0x79, 0x09, 0x00, 0x00, 0x55, 0x92, 0x69, 0xBC, 0x8A, 0x09, 0x00, 0x00,
    0x97, 0x0D, 0x80, 0x3C, 0xBB, 0x09, 0x00, 0x00, 0x71, 0x57, 0x91, 0x3C, 0xCC, 0x09, 0x00, 0x00,
    0x1E, 0xA4, 0x48, 0xBC, 0x52, 0x0A, 0x00, 0x00, 0x93, 0x5E, 0x89, 0xBC, 0x63, 0x0A, 0x00, 0x00,
    0x50, 0x86, 0x8E, 0x3C, 0x72, 0x0A, 0x00, 0x00, 0xD0, 0x78, 0x85, 0xBC, 0x00, 0x00, 0x00, 0x00,
    0x00, 0x00, 0x00, 0x00, 0x00, 0x00, 0x00, 0x00, 0x00, 0x00, 0x00, 0x00, 0x00, 0x00, 0x00, 0x00,
    0x00, 0x00, 0x00, 0x00, 0x00, 0x00, 0x00, 0x00, 0x00, 0x00, 0x00, 0x00, 0x00, 0x00, 0x00, 0x00,
    0x00, 0x00, 0x00, 0x00, 0x00, 0x00, 0x00, 0x00, 0x00, 0x00, 0x00, 0x00, 0x00, 0x00, 0x00, 0x00,
    0x00, 0x00, 0x00, 0x00, 0x00, 0x00, 0x00, 0x00, 0x00, 0x00, 0x00, 0x00, 0x00, 0x00, 0x00, 0x00,
    0x00, 0x00, 0x00, 0x00, 0x00, 0x00, 0x00, 0x00, 0x00, 0x00, 0x00, 0x00, 0x00, 0x00, 0x00, 0x00,
    0x00, 0x00, 0x00, 0x00, 0x00, 0x00, 0x00, 0x00, 0x00, 0x00, 0x00, 0x00, 0x00, 0x00, 0x00, 0x00,
    0x00, 0x00, 0x00, 0x00, 0x00, 0x00, 0x00, 0x00, 0x00, 0x00, 0x00, 0x00, 0x00, 0x00, 0x00, 0x00,
    0x00, 0x00, 0x00, 0x00, 0x00, 0x00, 0x00, 0x00, 0x00, 0x00, 0x00, 0x00, 0xA5, 0x00, 0x00, 0x00,
    0x06, 0x4B, 0x22, 0x3E, 0xA0, 0x01, 0x00, 0x00, 0xCE, 0x00, 0x47, 0x3D, 0x2A, 0x02, 0x00, 0x00,
    0x85, 0x25, 0x85, 0x3D, 0x75, 0x03, 0x00, 0x00, 0x56, 0x5A, 0x1F, 0xBD, 0x00, 0x04, 0x00, 0x00,
    0xEA, 0x4C, 0xCD, 0x3C, 0x20, 0x05, 0x00, 0x00, 0x5B, 0xEF, 0x03, 0xBD, 0x8C, 0x05, 0x00, 0x00,
    0xCF, 0xC9, 0xF8, 0x3D, 0x8E, 0x05, 0x00, 0x00, 0x94, 0x37, 0xB8, 0xBD, 0xBB, 0x05, 0x00, 0x00,
    0xE9, 0x8A, 0x06, 0xBD, 0xEB, 0x05, 0x00, 0x00, 0xE1, 0x3A, 0x84, 0x3D, 0x4E, 0x06, 0x00, 0x00,
    0x4B, 0x1C, 0x0B, 0x3D, 0x9B, 0x06, 0x00, 0x00, 0xB0, 0x8B, 0x74, 0x3D, 0x9D, 0x06, 0x00, 0x00,
    0x40, 0x62, 0x21, 0xBD, 0x33, 0x07, 0x00, 0x00, 0x10, 0xF4, 0x87, 0x3C, 0x36, 0x07, 0x00, 0x00,
    0xFC, 0xA6, 0xF0, 0xBC, 0x48, 0x07, 0x00, 0x00, 0x05, 0xF9, 0xDA, 0xBC, 0x7D, 0x07, 0x00, 0x00,
    0x4D, 0x8E, 0x94, 0xBC, 0xAF, 0x07, 0x00, 0x00, 0x2C, 0xC3, 0xB0, 0x3C, 0xC6, 0x07, 0x00, 0x00,
    0x29, 0x72, 0xEE, 0xBC, 0xCC, 0x07, 0x00, 0x00, 0xAF, 0x73, 0xBB, 0x3C, 0x13, 0x08, 0x00, 0x00,
    0xF1, 0x7A, 0x59, 0xBC, 0x86, 0x08, 0x00, 0x00, 0x64, 0x18, 0x9C, 0x3C, 0xAE, 0x08, 0x00, 0x00,
    0xBC, 0x95, 0xA4, 0xBC, 0xE1, 0x08, 0x00, 0x00, 0x6A, 0xB3, 0x79, 0xBC, 0x04, 0x09, 0x00, 0x00,
    0xA2, 0x68, 0x37, 0x3C, 0x4A, 0x09, 0x00, 0x00, 0xB8, 0xA2, 0x3D, 0xBC, 0xAF, 0x09, 0x00, 0x00,
    0x68, 0x61, 0x2A, 0x3C, 0xC7, 0x09, 0x00, 0x00, 0x1B, 0x01, 0x6C, 0xBC, 0xD7, 0x09, 0x00, 0x00,
    0x07, 0xFD, 0x79, 0xBC, 0x09, 0x0A, 0x00, 0x00, 0x54, 0x82, 0x91, 0x3C, 0x3C, 0x0A, 0x00, 0x00,
    0x9A, 0xE8, 0x14, 0x3C, 0x3F, 0x0A, 0x00, 0x00, 0x5D, 0x86, 0x22, 0xBC, 0x00, 0x00, 0x00, 0x00,
    0x00, 0x00, 0x00, 0x00, 0x00, 0x00, 0x00, 0x00, 0x00, 0x00, 0x00, 0x00, 0x00, 0x00, 0x00, 0x00,
    0x00, 0x00, 0x00, 0x00, 0x00, 0x00, 0x00, 0x00, 0x00, 0x00, 0x00, 0x00, 0x00, 0x00, 0x00, 0x00,
    0x00, 0x00, 0x00, 0x00, 0x00, 0x00, 0x00, 0x00, 0x00, 0x00, 0x00, 0x00, 0x00, 0x00, 0x00, 0x00,
    0x00, 0x00, 0x00, 0x00, 0x00, 0x00, 0x00, 0x00, 0x00, 0x00, 0x00, 0x00, 0x00, 0x00, 0x00, 0x00,
    0x00, 0x00, 0x00, 0x00, 0x00, 0x00, 0x00, 0x00, 0x00, 0x00, 0x00, 0x00, 0x00, 0x00, 0x00, 0x00,
    0x00, 0x00, 0x00, 0x00, 0x00, 0x00, 0x00, 0x00, 0x00, 0x00, 0x00, 0x00, 0x00, 0x00, 0x00, 0x00,
    0x00, 0x00, 0x00, 0x00, 0x00, 0x00, 0x00, 0x00, 0x00, 0x00, 0x00, 0x00, 0x00, 0x00, 0x00, 0x00,
    0x00, 0x00, 0x00, 0x00, 0x00, 0x00, 0x00, 0x00, 0x00, 0x00, 0x00, 0x00, 0xA2, 0x00, 0x00, 0x00,
    0x06, 0x4B, 0x22, 0x3E, 0x9A, 0x01, 0x00, 0x00, 0x1C, 0x15, 0x96, 0x3D, 0x7B, 0x02, 0x00, 0x00,
    0x5B, 0x76, 0x5B, 0x3D, 0xF3, 0x02, 0x00, 0x00, 0x2B, 0xA2, 0xEA, 0x3C, 0xF6, 0x02, 0x00, 0x00,
    0xA9, 0xA7, 0x3B, 0xBD, 0x97, 0x03, 0x00, 0x00, 0xBB, 0x60, 0x01, 0xBD, 0xCA, 0x05, 0x00, 0x00,
    0x05, 0x2F, 0xA4, 0x3D, 0x35, 0x06, 0x00, 0x00, 0xB4, 0x28, 0xE3, 0x3D, 0x42, 0x06, 0x00, 0x00,
    0x50, 0x5B, 0x9B, 0xBD, 0x4E, 0x06, 0x00, 0x00, 0xD4, 0x54, 0xE0, 0x3C, 0x79, 0x06, 0x00, 0x00,
    0x96, 0x4C, 0xA6, 0xBC, 0x8F, 0x06, 0x00, 0x00, 0xB5, 0x59, 0xED, 0xBC, 0x9F, 0x06, 0x00, 0x00,
    0x7C, 0x3C, 0xBB, 0x3C, 0xE3, 0x06, 0x00, 0x00, 0x8C, 0x43, 0xA3, 0xBC, 0xFF, 0x06, 0x00, 0x00,
    0x92, 0x39, 0xDB, 0x3C, 0x16, 0x07, 0x00, 0x00, 0x54, 0x52, 0x8A, 0xBC, 0x6B, 0x07, 0x00, 0x00,
    0x09, 0xE1, 0xF2, 0xBC, 0x92, 0x07, 0x00, 0x00, 0xF3, 0x22, 0xAE, 0xBC, 0xCB, 0x07, 0x00, 0x00,
    0x96, 0x4C, 0xA6, 0x3C, 0x0A, 0x08, 0x00, 0x00, 0xA8, 0xA2, 0x9C, 0xBC, 0x5E, 0x08, 0x00, 0x00,
    0xA0, 0x48, 0x82, 0x3C, 0xB5, 0x08, 0x00, 0x00, 0xB0, 0x48, 0xA0, 0x3C, 0x38, 0x09, 0x00, 0x00,
    0x82, 0xAD, 0xCF, 0xBC, 0x5B, 0x09, 0x00, 0x00, 0xDF, 0x43, 0x55, 0x3C, 0xA6, 0x09, 0x00, 0x00,
    0xA5, 0xFF, 0x5B, 0x3C, 0xE4, 0x09, 0x00, 0x00, 0x93, 0x5E, 0x89, 0xBC, 0x20, 0x0A, 0x00, 0x00,
    0x98, 0x1B, 0xA6, 0x3C, 0x78, 0x0A, 0x00, 0x00, 0x03, 0xA4, 0x87, 0xBC, 0xA0, 0x0A, 0x00, 0x00,
    0x56, 0x70, 0xCF, 0xBC, 0xDA, 0x0A, 0x00, 0x00, 0xBC, 0x30, 0xE3, 0xBC, 0xEE, 0x0A, 0x00, 0x00,
    0xC7, 0x8B, 0x5E, 0x3C, 0xF7, 0x0A, 0x00, 0x00, 0x26, 0xD2, 0x6C, 0xBC, 0x00, 0x00, 0x00, 0x00,
    0x00, 0x00, 0x00, 0x00, 0x00, 0x00, 0x00, 0x00, 0x00, 0x00, 0x00, 0x00, 0x00, 0x00, 0x00, 0x00,
    0x00, 0x00, 0x00, 0x00, 0x00, 0x00, 0x00, 0x00, 0x00, 0x00, 0x00, 0x00, 0x00, 0x00, 0x00, 0x00,
    0x00, 0x00, 0x00, 0x00, 0x00, 0x00, 0x00, 0x00, 0x00, 0x00, 0x00, 0x00, 0x00, 0x00, 0x00, 0x00,
    0x00, 0x00, 0x00, 0x00, 0x00, 0x00, 0x00, 0x00, 0x00, 0x00, 0x00, 0x00, 0x00, 0x00, 0x00, 0x00,
    0x00, 0x00, 0x00, 0x00, 0x00, 0x00, 0x00, 0x00, 0x00, 0x00, 0x00, 0x00, 0x00, 0x00, 0x00, 0x00,
    0x00, 0x00, 0x00, 0x00, 0x00, 0x00, 0x00, 0x00, 0x00, 0x00, 0x00, 0x00, 0x00, 0x00, 0x00, 0x00,
    0x00, 0x00, 0x00, 0x00, 0x00, 0x00, 0x00, 0x00, 0x00, 0x00, 0x00, 0x00, 0x00, 0x00, 0x00, 0x00,
    0x00, 0x00, 0x00, 0x00, 0x00, 0x00, 0x00, 0x00, 0x00, 0x00, 0x00, 0x00, 0x8B, 0x00, 0x00, 0x00,
    0xDA, 0xE6, 0x56, 0x3F, 0x8C, 0x01, 0x00, 0x00, 0x13, 0x05, 0x44, 0x3E, 0x1D, 0x02, 0x00, 0x00,
    0x5E, 0x6A, 0x33, 0x3D, 0x6A, 0x03, 0x00, 0x00, 0xDF, 0x0F, 0xC9, 0x3D, 0x8E, 0x03, 0x00, 0x00,
    0xF9, 0xF9, 0x7B, 0x3D, 0xB1, 0x05, 0x00, 0x00, 0x4C, 0xEA, 0x85, 0x3D, 0xB3, 0x05, 0x00, 0x00,
    0x61, 0x8D, 0x52, 0xBD, 0x0E, 0x06, 0x00, 0x00, 0xC2, 0xF8, 0x6B, 0x3D, 0x10, 0x06, 0x00, 0x00,
    0x4B, 0x1C, 0x0B, 0xBD, 0xBB, 0x06, 0x00, 0x00, 0xC6, 0xAB, 0x26, 0x3D, 0xBD, 0x06, 0x00, 0x00,
    0xC4, 0x79, 0x1A, 0xBD, 0xE9, 0x06, 0x00, 0x00, 0x85, 0x8E, 0xE5, 0x3C, 0x4E, 0x07, 0x00, 0x00,
    0x93, 0xA0, 0xC8, 0x3C, 0x51, 0x07, 0x00, 0x00, 0xD4, 0x54, 0xE0, 0xBC, 0x96, 0x07, 0x00, 0x00,
    0x32, 0xF6, 0xCE, 0xBC, 0xDA, 0x07, 0x00, 0x00, 0x14, 0xFA, 0xA9, 0x3C, 0x13, 0x08, 0x00, 0x00,
    0xD3, 0x34, 0xA4, 0x3C, 0xC1, 0x08, 0x00, 0x00, 0x7B, 0x89, 0xCD, 0xBC, 0x03, 0x09, 0x00, 0x00,
    0xAB, 0xEA, 0xA5, 0xBC, 0x36, 0x09, 0x00, 0x00, 0x8C, 0xEC, 0xB5, 0x3C, 0x6D, 0x09, 0x00, 0x00,
    0xF4, 0x58, 0x8F, 0x3C, 0x13, 0x0A, 0x00, 0x00, 0xB0, 0x48, 0xA0, 0xBC, 0x15, 0x0A, 0x00, 0x00,
    0x84, 0x25, 0xE2, 0x3C, 0x17, 0x0A, 0x00, 0x00, 0x0B, 0xAA, 0x9A, 0xBC, 0x6B, 0x0A, 0x00, 0x00,
    0xBB, 0xAF, 0x92, 0x3C, 0x80, 0x0A, 0x00, 0x00, 0x1E, 0x7B, 0x8A, 0xBC, 0xB3, 0x0A, 0x00, 0x00,
    0xA4, 0x2C, 0xEB, 0xBC, 0x25, 0x0B, 0x00, 0x00, 0x68, 0x2D, 0x9D, 0x3C, 0x49, 0x0B, 0x00, 0x00,
    0x12, 0x6A, 0x08, 0x3D, 0x4D, 0x0B, 0x00, 0x00, 0x2E, 0x8E, 0xE9, 0xBC, 0x50, 0x0B, 0x00, 0x00,
    0xB4, 0x0B, 0x0D, 0x3D, 0x5C, 0x0B, 0x00, 0x00, 0xFC, 0x64, 0xF7, 0xBC, 0x00, 0x00, 0x00, 0x00,
    0x00, 0x00, 0x00, 0x00, 0x00, 0x00, 0x00, 0x00, 0x00, 0x00, 0x00, 0x00, 0x00, 0x00, 0x00, 0x00,
    0x00, 0x00, 0x00, 0x00, 0x00, 0x00, 0x00, 0x00, 0x00, 0x00, 0x00, 0x00, 0x00, 0x00, 0x00, 0x00,
    0x00, 0x00, 0x00, 0x00, 0x00, 0x00, 0x00, 0x00, 0x00, 0x00, 0x00, 0x00, 0x00, 0x00, 0x00, 0x00,
    0x00, 0x00, 0x00, 0x00, 0x00, 0x00, 0x00, 0x00, 0x00, 0x00, 0x00, 0x00, 0x00, 0x00, 0x00, 0x00,
    0x00, 0x00, 0x00, 0x00, 0x00, 0x00, 0x00, 0x00, 0x00, 0x00, 0x00, 0x00, 0x00, 0x00, 0x00, 0x00,
    0x00, 0x00, 0x00, 0x00, 0x00, 0x00, 0x00, 0x00, 0x00, 0x00, 0x00, 0x00, 0x00, 0x00, 0x00, 0x00,
    0x00, 0x00, 0x00, 0x00, 0x00, 0x00, 0x00, 0x00, 0x00, 0x00, 0x00, 0x00, 0x00, 0x00, 0x00, 0x00,
    0x00, 0x00, 0x00, 0x00, 0x00, 0x00, 0x00, 0x00, 0x00, 0x00, 0x00, 0x00, 0xDA, 0x00, 0x00, 0x00,
    0x93, 0x92, 0x33, 0x3F, 0xCD, 0x01, 0x00, 0x00, 0xA6, 0x67, 0x88, 0x3D, 0x37, 0x02, 0x00, 0x00,
    0x28, 0x84, 0xAC, 0x3D, 0xAE, 0x02, 0x00, 0x00, 0xBD, 0x7F, 0x11, 0x3D, 0xCD, 0x02, 0x00, 0x00,
    0x80, 0xB7, 0x14, 0xBD, 0x8C, 0x03, 0x00, 0x00, 0x87, 0xF2, 0x4E, 0x3D, 0x8E, 0x03, 0x00, 0x00,
    0x9C, 0x60, 0x77, 0xBD, 0x7B, 0x04, 0x00, 0x00, 0xB8, 0x78, 0xD7, 0x3C, 0xCD, 0x04, 0x00, 0x00,
    0x28, 0x2F, 0xCB, 0xBC, 0x14, 0x05, 0x00, 0x00, 0xD4, 0x54, 0xE0, 0x3C, 0x60, 0x05, 0x00, 0x00,
    0xAB, 0x42, 0xC0, 0x3C, 0x92, 0x05, 0x00, 0x00, 0xB6, 0x8C, 0xAB, 0xBC, 0x44, 0x06, 0x00, 0x00,
    0x43, 0xF3, 0xAF, 0xBC, 0x7E, 0x06, 0x00, 0x00, 0x66, 0xF9, 0xB6, 0xBC, 0xAC, 0x06, 0x00, 0x00,
    0xE6, 0x83, 0xD4, 0x3C, 0xFF, 0x06, 0x00, 0x00, 0x4F, 0x56, 0xAE, 0xBC, 0x3E, 0x07, 0x00, 0x00,
    0xF5, 0xEC, 0xC0, 0xBC, 0xA6, 0x07, 0x00, 0x00, 0x1A, 0x65, 0xA1, 0xBC, 0xD0, 0x07, 0x00, 0x00,
    0xEE, 0x5F, 0x14, 0xBD, 0x43, 0x08, 0x00, 0x00, 0x34, 0xEE, 0x95, 0x3C, 0x81, 0x08, 0x00, 0x00,
    0x7E, 0xD6, 0xA7, 0x3C, 0xD1, 0x08, 0x00, 0x00, 0xCF, 0x17, 0xB9, 0xBC, 0xD5, 0x08, 0x00, 0x00,
    0xAB, 0x8D, 0xB6, 0xBC, 0x06, 0x09, 0x00, 0x00, 0x81, 0x08, 0x8E, 0x3C, 0x87, 0x09, 0x00, 0x00,
    0x55, 0x77, 0xD8, 0xBC, 0xE2, 0x09, 0x00, 0x00, 0xB6, 0xAE, 0xA6, 0xBC, 0xF4, 0x09, 0x00, 0x00,
    0x8B, 0x3F, 0x84, 0x3C, 0x7D, 0x0A, 0x00, 0x00, 0xAB, 0xDE, 0x8D, 0x3C, 0xC5, 0x0A, 0x00, 0x00,
    0xDE, 0xF7, 0xD7, 0xBC, 0xE0, 0x0A, 0x00, 0x00, 0x70, 0x99, 0xD1, 0xBC, 0x07, 0x0B, 0x00, 0x00,
    0x83, 0x88, 0x93, 0x3C, 0x75, 0x0B, 0x00, 0x00, 0xC7, 0x79, 0xC7, 0x3C, 0x00, 0x00, 0x00, 0x00,
    0x00, 0x00, 0x00, 0x00, 0x00, 0x00, 0x00, 0x00, 0x00, 0x00, 0x00, 0x00, 0x00, 0x00, 0x00, 0x00,
    0x00, 0x00, 0x00, 0x00, 0x00, 0x00, 0x00, 0x00, 0x00, 0x00, 0x00, 0x00, 0x00, 0x00, 0x00, 0x00,
    0x00, 0x00, 0x00, 0x00, 0x00, 0x00, 0x00, 0x00, 0x00, 0x00, 0x00, 0x00, 0x00, 0x00, 0x00, 0x00,
    0x00, 0x00, 0x00, 0x00, 0x00, 0x00, 0x00, 0x00, 0x00, 0x00, 0x00, 0x00, 0x00, 0x00, 0x00, 0x00,
    0x00, 0x00, 0x00, 0x00, 0x00, 0x00, 0x00, 0x00, 0x00, 0x00, 0x00, 0x00, 0x00, 0x00, 0x00, 0x00,
    0x00, 0x00, 0x00, 0x00, 0x00, 0x00, 0x00, 0x00, 0x00, 0x00, 0x00, 0x00, 0x00, 0x00, 0x00, 0x00,
    0x00, 0x00, 0x00, 0x00, 0x00, 0x00, 0x00, 0x00, 0x00, 0x00, 0x00, 0x00, 0x00, 0x00, 0x00, 0x00,
    0x00, 0x00, 0x00, 0x00, 0x00, 0x00, 0x00, 0x00, 0x00, 0x00, 0x00, 0x00, 0x07, 0x01, 0x00, 0x00,
    0x99, 0x87, 0x2A, 0x3E, 0x46, 0x02, 0x00, 0x00, 0x4E, 0x89, 0xF8, 0x3C, 0x88, 0x03, 0x00, 0x00,
    0x70, 0x99, 0xD1, 0x3C, 0x0A, 0x04, 0x00, 0x00, 0x70, 0xC2, 0x4D, 0x3D, 0xF6, 0x04, 0x00, 0x00,
    0x0F, 0x5D, 0x93, 0x3C, 0x2D, 0x05, 0x00, 0x00, 0x5B, 0xC4, 0xA1, 0x3C, 0xB7, 0x05, 0x00, 0x00,
    0x0C, 0x94, 0xB1, 0xBC, 0x82, 0x06, 0x00, 0x00, 0x37, 0xBB, 0x9F, 0x3C, 0x38, 0x07, 0x00, 0x00,
    0x51, 0xA7, 0x1A, 0x3D, 0x6B, 0x07, 0x00, 0x00, 0xBC, 0x2D, 0x45, 0x3D, 0x6D, 0x07, 0x00, 0x00,
    0x5D, 0x06, 0x72, 0xBD, 0x8C, 0x07, 0x00, 0x00, 0xC1, 0x5B, 0x9D, 0x3C, 0x37, 0x08, 0x00, 0x00,
    0xA5, 0xD6, 0xA0, 0xBC, 0x3C, 0x08, 0x00, 0x00, 0x43, 0xF3, 0xAF, 0x3C, 0x56, 0x08, 0x00, 0x00,
    0x70, 0xC3, 0xDD, 0xBC, 0xA8, 0x08, 0x00, 0x00, 0x01, 0x7F, 0x80, 0x3C, 0xE5, 0x08, 0x00, 0x00,
    0x88, 0x40, 0x5C, 0x3C, 0xF7, 0x08, 0x00, 0x00, 0xE9, 0x50, 0x5F, 0x3C, 0x53, 0x09, 0x00, 0x00,
    0xB4, 0xF6, 0x67, 0x3C, 0x8A, 0x09, 0x00, 0x00, 0x1E, 0xE2, 0x7C, 0xBC, 0xDF, 0x09, 0x00, 0x00,
    0xB3, 0x34, 0x45, 0x3C, 0xF7, 0x09, 0x00, 0x00, 0x52, 0x8D, 0x2C, 0xBC, 0x13, 0x0A, 0x00, 0x00,
    0xDA, 0x6A, 0x3D, 0x3C, 0x8F, 0x0A, 0x00, 0x00, 0xCE, 0xE2, 0x26, 0xBC, 0xDD, 0x0A, 0x00, 0x00,
    0x81, 0xBF, 0x2D, 0xBC, 0x0E, 0x0B, 0x00, 0x00, 0x35, 0xE2, 0x13, 0x3C, 0x7A, 0x0B, 0x00, 0x00,
    0x37, 0x49, 0x1C, 0xBC, 0xE7, 0x0B, 0x00, 0x00, 0xBC, 0x95, 0xA4, 0x3C, 0xE9, 0x0B, 0x00, 0x00,
    0xBE, 0xC1, 0x55, 0xBC, 0xEC, 0x0B, 0x00, 0x00, 0xAA, 0x65, 0x86, 0x3C, 0xF6, 0x0B, 0x00, 0x00,
    0x55, 0x77, 0xD8, 0x3C, 0xF8, 0x0B, 0x00, 0x00, 0xD2, 0xDB, 0x84, 0xBC, 0x00, 0x00, 0x00, 0x00,
    0x00, 0x00, 0x00, 0x00, 0x00, 0x00, 0x00, 0x00, 0x00, 0x00, 0x00, 0x00, 0x00, 0x00, 0x00, 0x00,
    0x00, 0x00, 0x00, 0x00, 0x00, 0x00, 0x00, 0x00, 0x00, 0x00, 0x00, 0x00, 0x00, 0x00, 0x00, 0x00,
    0x00, 0x00, 0x00, 0x00, 0x00, 0x00, 0x00, 0x00, 0x00, 0x00, 0x00, 0x00, 0x00, 0x00, 0x00, 0x00,
    0x00, 0x00, 0x00, 0x00, 0x00, 0x00, 0x00, 0x00, 0x00, 0x00, 0x00, 0x00, 0x00, 0x00, 0x00, 0x00,
    0x00, 0x00, 0x00, 0x00, 0x00, 0x00, 0x00, 0x00, 0x00, 0x00, 0x00, 0x00, 0x00, 0x00, 0x00, 0x00,
    0x00, 0x00, 0x00, 0x00, 0x00, 0x00, 0x00, 0x00, 0x00, 0x00, 0x00, 0x00, 0x00, 0x00, 0x00, 0x00,
    0x00, 0x00, 0x00, 0x00, 0x00, 0x00, 0x00, 0x00, 0x00, 0x00, 0x00, 0x00, 0x00, 0x00, 0x00, 0x00,
    0x00, 0x00, 0x00, 0x00, 0x00, 0x00, 0x00, 0x00, 0x00, 0x00, 0x00, 0x00, 0x03, 0x01, 0x00, 0x00,
    0x8B, 0xFD, 0x20, 0x3E, 0xEB, 0x01, 0x00, 0x00, 0xB8, 0x78, 0xD7, 0x3C, 0x60, 0x02, 0x00, 0x00,
    0x19, 0x8F, 0xB0, 0xBC, 0xC6, 0x02, 0x00, 0x00, 0xA1, 0xFC, 0x36, 0xBC, 0x83, 0x03, 0x00, 0x00,
    0xDE, 0xDF, 0xA6, 0x3C, 0xBE, 0x03, 0x00, 0x00, 0xDF, 0x69, 0x95, 0x3C, 0x15, 0x04, 0x00, 0x00,
    0xAE, 0x91, 0x8C, 0x3C, 0xCA, 0x04, 0x00, 0x00, 0x80, 0x81, 0x5C, 0x3C, 0x9F, 0x05, 0x00, 0x00,
    0x3C, 0xB7, 0xD9, 0xBC, 0xA1, 0x05, 0x00, 0x00, 0xFC, 0xA6, 0xF0, 0x3C, 0xB0, 0x05, 0x00, 0x00,
    0x59, 0xFB, 0x77, 0x3C, 0x71, 0x06, 0x00, 0x00, 0xBA, 0x76, 0xB4, 0xBC, 0x73, 0x06, 0x00, 0x00,
    0xA1, 0x8E, 0x9B, 0x3C, 0x80, 0x06, 0x00, 0x00, 0xAE, 0x91, 0x8C, 0x3C, 0xD9, 0x06, 0x00, 0x00,
    0x13, 0x07, 0x33, 0xBC, 0x03, 0x07, 0x00, 0x00, 0x58, 0x9C, 0x3F, 0x3C, 0xD8, 0x07, 0x00, 0x00,
    0x9A, 0x49, 0x6F, 0xBC, 0xDB, 0x07, 0x00, 0x00, 0x09, 0xBF, 0x39, 0x3C, 0x94, 0x08, 0x00, 0x00,
    0xBE, 0xC1, 0x55, 0x3C, 0x9B, 0x08, 0x00, 0x00, 0x1F, 0x30, 0x6E, 0x3C, 0xBE, 0x08, 0x00, 0x00,
    0xD2, 0xF1, 0x62, 0xBC, 0xC1, 0x08, 0x00, 0x00, 0xB2, 0xD4, 0x5F, 0xBC, 0xFD, 0x08, 0x00, 0x00,
    0x8F, 0x2B, 0x3F, 0xBC, 0xBB, 0x09, 0x00, 0x00, 0x32, 0xC0, 0x2C, 0xBC, 0xCF, 0x09, 0x00, 0x00,
    0xFC, 0x8E, 0x1F, 0x3C, 0xE1, 0x09, 0x00, 0x00, 0x0B, 0x14, 0x27, 0x3C, 0x49, 0x0A, 0x00, 0x00,
    0xAE, 0x5F, 0x13, 0xBC, 0x85, 0x0A, 0x00, 0x00, 0x92, 0x7D, 0x0A, 0xBC, 0x09, 0x0B, 0x00, 0x00,
    0x4F, 0x65, 0xEA, 0xBB, 0x76, 0x0B, 0x00, 0x00, 0x6C, 0x0D, 0x40, 0xBC, 0x77, 0x0B, 0x00, 0x00,
    0x5C, 0x07, 0x24, 0x3C, 0x7C, 0x0B, 0x00, 0x00, 0x6B, 0x27, 0x2F, 0xBC, 0x00, 0x00, 0x00, 0x00,
    0x00, 0x00, 0x00, 0x00, 0x00, 0x00, 0x00, 0x00, 0x00, 0x00, 0x00, 0x00, 0x00, 0x00, 0x00, 0x00,
    0x00, 0x00, 0x00, 0x00, 0x00, 0x00, 0x00, 0x00, 0x00, 0x00, 0x00, 0x00, 0x00, 0x00, 0x00, 0x00,
    0x00, 0x00, 0x00, 0x00, 0x00, 0x00, 0x00, 0x00, 0x00, 0x00, 0x00, 0x00, 0x00, 0x00, 0x00, 0x00,
    0x00, 0x00, 0x00, 0x00, 0x00, 0x00, 0x00, 0x00, 0x00, 0x00, 0x00, 0x00, 0x00, 0x00, 0x00, 0x00,
    0x00, 0x00, 0x00, 0x00, 0x00, 0x00, 0x00, 0x00, 0x00, 0x00, 0x00, 0x00, 0x00, 0x00, 0x00, 0x00,
    0x00, 0x00, 0x00, 0x00, 0x00, 0x00, 0x00, 0x00, 0x00, 0x00, 0x00, 0x00, 0x00, 0x00, 0x00, 0x00,
    0x00, 0x00, 0x00, 0x00, 0x00, 0x00, 0x00, 0x00, 0x00, 0x00, 0x00, 0x00, 0x00, 0x00, 0x00, 0x00,
    0x00, 0x00, 0x00, 0x00, 0x00, 0x00, 0x00, 0x00, 0x00, 0x00, 0x00, 0x00, 0xDB, 0x00, 0x00, 0x00,
    0x3A, 0xD1, 0x34, 0x3F, 0xD1, 0x01, 0x00, 0x00, 0xCA, 0x11, 0x86, 0x3D, 0x41, 0x02, 0x00, 0x00,
    0x0A, 0x61, 0x79, 0x3D, 0x75, 0x03, 0x00, 0x00, 0x40, 0xB4, 0x6E, 0x3D, 0x98, 0x03, 0x00, 0x00,
    0x4C, 0xA4, 0xB8, 0x3D, 0x71, 0x07, 0x00, 0x00, 0x30, 0x70, 0x1E, 0x3D, 0x74, 0x07, 0x00, 0x00,
    0x6F, 0x22, 0x41, 0xBD, 0x79, 0x07, 0x00, 0x00, 0xAE, 0x4E, 0x17, 0xBD, 0xAC, 0x07, 0x00, 0x00,
    0x64, 0xB7, 0x82, 0x3D, 0xDB, 0x07, 0x00, 0x00, 0x0C, 0x2F, 0x13, 0xBD, 0xE5, 0x07, 0x00, 0x00,
    0x32, 0xCB, 0xFF, 0xBC, 0x3A, 0x08, 0x00, 0x00, 0x3D, 0x1F, 0xCC, 0xBC, 0x3D, 0x08, 0x00, 0x00,
    0x4E, 0xF3, 0xCA, 0xBC, 0x76, 0x08, 0x00, 0x00, 0x6C, 0xBC, 0xAD, 0xBC, 0x8E, 0x08, 0x00, 0x00,
    0xAF, 0x78, 0x4E, 0x3D, 0x91, 0x08, 0x00, 0x00, 0xCC, 0xD5, 0x09, 0xBD, 0x95, 0x08, 0x00, 0x00,
    0x79, 0x0F, 0xC4, 0xBC, 0x55, 0x09, 0x00, 0x00, 0x18, 0x6B, 0xCB, 0x3C, 0x59, 0x09, 0x00, 0x00,
    0x9F, 0xF8, 0xF9, 0x3C, 0x72, 0x0A, 0x00, 0x00, 0xF8, 0x98, 0xBF, 0x3C, 0x7A, 0x0A, 0x00, 0x00,
    0x09, 0xD4, 0xCC, 0x3C, 0x81, 0x0A, 0x00, 0x00, 0x6E, 0xB7, 0xEB, 0xBC, 0x60, 0x0B, 0x00, 0x00,
    0x25, 0x4F, 0x05, 0x3D, 0x7E, 0x0B, 0x00, 0x00, 0x7F, 0xC9, 0xDE, 0x3C, 0x94, 0x0B, 0x00, 0x00,
    0x74, 0xA2, 0xB3, 0xBC, 0xB6, 0x0B, 0x00, 0x00, 0x57, 0xC3, 0xF1, 0xBC, 0xF7, 0x0B, 0x00, 0x00,
    0xE5, 0xA2, 0xD0, 0x3C, 0x0F, 0x0C, 0x00, 0x00, 0x23, 0xCE, 0x65, 0xBD, 0x10, 0x0C, 0x00, 0x00,
    0xB8, 0x2C, 0x63, 0x3D, 0x22, 0x0C, 0x00, 0x00, 0xF6, 0x1E, 0x36, 0x3D, 0x4D, 0x0C, 0x00, 0x00,
    0xB5, 0x59, 0xED, 0x3C, 0x81, 0x0C, 0x00, 0x00, 0x10, 0xA5, 0xA7, 0x3C, 0x00, 0x00, 0x00, 0x00,
    0x00, 0x00, 0x00, 0x00, 0x00, 0x00, 0x00, 0x00, 0x00, 0x00, 0x00, 0x00, 0x00, 0x00, 0x00, 0x00,
    0x00, 0x00, 0x00, 0x00, 0x00, 0x00, 0x00, 0x00, 0x00, 0x00, 0x00, 0x00, 0x00, 0x00, 0x00, 0x00,
    0x00, 0x00, 0x00, 0x00, 0x00, 0x00, 0x00, 0x00, 0x00, 0x00, 0x00, 0x00, 0x00, 0x00, 0x00, 0x00,
    0x00, 0x00, 0x00, 0x00, 0x00, 0x00, 0x00, 0x00, 0x00, 0x00, 0x00, 0x00, 0x00, 0x00, 0x00, 0x00,
    0x00, 0x00, 0x00, 0x00, 0x00, 0x00, 0x00, 0x00, 0x00, 0x00, 0x00, 0x00, 0x00, 0x00, 0x00, 0x00,
    0x00, 0x00, 0x00, 0x00, 0x00, 0x00, 0x00, 0x00, 0x00, 0x00, 0x00, 0x00, 0x00, 0x00, 0x00, 0x00,
    0x00, 0x00, 0x00, 0x00, 0x00, 0x00, 0x00, 0x00, 0x00, 0x00, 0x00, 0x00, 0x00, 0x00, 0x00, 0x00,
    0x00, 0x00, 0x00, 0x00, 0x00, 0x00, 0x00, 0x00, 0x00, 0x00, 0x00, 0x00, 0x00, 0x00, 0x00, 0x00,
    0x00, 0x00, 0x00, 0x00, 0x00, 0x00, 0x00, 0x00, 0x00, 0x00, 0x00, 0x00, 0x00, 0x00, 0x00, 0x00,
    0x00, 0x00, 0x00, 0x00, 0x00, 0x00, 0x00, 0x00, 0x00, 0x00, 0x00, 0x00, 0x00, 0x00, 0x00, 0x00,
    0x00, 0x00, 0x00, 0x00, 0x00, 0x00, 0x00, 0x00, 0x00, 0x00, 0x00, 0x00, 0x00, 0x00, 0x00, 0x00,
    0x00, 0x00, 0x00, 0x00, 0x00, 0x00, 0x00, 0x00, 0x00, 0x00, 0x00, 0x00, 0x00, 0x00, 0x00, 0x00,
    0x00, 0x00, 0x00, 0x00, 0x00, 0x00, 0x00, 0x00, 0x00, 0x00, 0x00, 0x00, 0x00, 0x00, 0x00, 0x00,
    0x00, 0x00, 0x00, 0x00, 0x00, 0x00, 0x00, 0x00, 0x00, 0x00, 0x00, 0x00, 0x00, 0x00, 0x00, 0x00,
    0x00, 0x00, 0x00, 0x00, 0x00, 0x00, 0x00, 0x00, 0x00, 0x00, 0x00, 0x00, 0x00, 0x00, 0x00, 0x00,
    0x00, 0x00, 0x00, 0x00, 0x00, 0x00, 0x00, 0x00, 0x00, 0x00, 0x00, 0x00, 0x00, 0x00, 0x00, 0x00,
    0x00, 0x00, 0x00, 0x00, 0x00, 0x00, 0x00, 0x00, 0x00, 0x00, 0x00, 0x00, 0x00, 0x00, 0x00, 0x00,
    0x00, 0x00, 0x00, 0x00, 0x00, 0x00, 0x00, 0x00, 0x00, 0x00, 0x00, 0x00, 0x00, 0x00, 0x00, 0x00,
    0x00, 0x00, 0x00, 0x00, 0x00, 0x00, 0x00, 0x00, 0x00, 0x00, 0x00, 0x00, 0x00, 0x00, 0x00, 0x00,
    0x00, 0x00, 0x00, 0x00, 0x00, 0x00, 0x00, 0x00, 0x00, 0x00, 0x00, 0x00, 0x00, 0x00, 0x00, 0x00,
    0x00, 0x00, 0x00, 0x00, 0x00, 0x00, 0x00, 0x00, 0x00, 0x00, 0x00, 0x00, 0x00, 0x00, 0x00, 0x00,
    0x00, 0x00, 0x00, 0x00, 0x00, 0x00, 0x00, 0x00, 0x00, 0x00, 0x00, 0x00, 0x00, 0x00, 0x00, 0x00,
    0x00, 0x00, 0x00, 0x00, 0x00, 0x00, 0x00, 0x00, 0x00, 0x00, 0x00, 0x00, 0x00, 0x00, 0x00, 0x00,
    0x00, 0x00, 0x00, 0x00, 0x00, 0x00, 0x00, 0x00, 0x00, 0x00, 0x00, 0x00, 0x00, 0x00, 0x00, 0x00,
    0x00, 0x00, 0x00, 0x00, 0x00, 0x00, 0x00, 0x00, 0x00, 0x00, 0x00, 0x00, 0x00, 0x00, 0x00, 0x00,
    0x00, 0x00, 0x00, 0x00, 0x00, 0x00, 0x00, 0x00, 0x00, 0x00, 0x00, 0x00, 0x00, 0x00, 0x00, 0x00,
    0x00, 0x00, 0x00, 0x00, 0x00, 0x00, 0x00, 0x00, 0x00, 0x00, 0x00, 0x00, 0x00, 0x00, 0x00, 0x00,
    0x00, 0x00, 0x00, 0x00, 0x00, 0x00, 0x00, 0x00, 0x00, 0x00, 0x00, 0x00, 0x00, 0x00, 0x00, 0x00,
    0x00, 0x00, 0x00, 0x00, 0x00, 0x00, 0x00, 0x00, 0x00, 0x00, 0x00, 0x00, 0x00, 0x00, 0x00, 0x00,
    0x00, 0x00, 0x00, 0x00, 0x00, 0x00, 0x00, 0x00, 0x00, 0x00, 0x00, 0x00, 0x00, 0x00, 0x00, 0x00,
    0x00, 0x00, 0x00, 0x00, 0x00, 0x00, 0x00, 0x00, 0x00, 0x00, 0x00, 0x00, 0x00, 0x00, 0x00, 0x00,
    0x00, 0x00, 0x00, 0x00, 0x00, 0x00, 0x00, 0x00, 0x00, 0x00, 0x00, 0x00, 0x00, 0x00, 0x00, 0x00,
    0x00, 0x00, 0x00, 0x00, 0x00, 0x00, 0x00, 0x00, 0x00, 0x00, 0x00, 0x00, 0x00, 0x00, 0x00, 0x00,
    0x00, 0x00, 0x00, 0x00, 0x00, 0x00, 0x00, 0x00, 0x00, 0x00, 0x00, 0x00, 0x00, 0x00, 0x00, 0x00,
    0x00, 0x00, 0x00, 0x00, 0x00, 0x00, 0x00, 0x00, 0x00, 0x00, 0x00, 0x00, 0x00, 0x00, 0x00, 0x00,
    0x00, 0x00, 0x00, 0x00, 0x00, 0x00, 0x00, 0x00, 0x00, 0x00, 0x00, 0x00, 0x00, 0x00, 0x00, 0x00,
    0x00, 0x00, 0x00, 0x00, 0x00, 0x00, 0x00, 0x00, 0x00, 0x00, 0x00, 0x00, 0x00, 0x00, 0x00, 0x00,
    0x00, 0x00, 0x00, 0x00, 0x00, 0x00, 0x00, 0x00, 0x00, 0x00, 0x00, 0x00, 0x00, 0x00, 0x00, 0x00,
    0x00, 0x00, 0x00, 0x00, 0x00, 0x00, 0x00, 0x00, 0x00, 0x00, 0x00, 0x00, 0x00, 0x00, 0x00, 0x00,
    0x00, 0x00, 0x00, 0x00, 0x00, 0x00, 0x00, 0x00, 0x00, 0x00, 0x00, 0x00, 0x00, 0x00, 0x00, 0x00,
    0x00, 0x00, 0x00, 0x00, 0x00, 0x00, 0x00, 0x00, 0x00, 0x00, 0x00, 0x00, 0x00, 0x00, 0x00, 0x00,
    0x00, 0x00, 0x00, 0x00, 0x00, 0x00, 0x00, 0x00, 0x00, 0x00, 0x00, 0x00, 0x00, 0x00, 0x00, 0x00,
    0x00, 0x00, 0x00, 0x00, 0x00, 0x00, 0x00, 0x00, 0x00, 0x00, 0x00, 0x00, 0x00, 0x00, 0x00, 0x00,
    0x00, 0x00, 0x00, 0x00, 0x00, 0x00, 0x00, 0x00, 0x00, 0x00, 0x00, 0x00, 0x00, 0x00, 0x00, 0x00,
    0x00, 0x00, 0x00, 0x00, 0x00, 0x00, 0x00, 0x00, 0x00, 0x00, 0x00, 0x00, 0x00, 0x00, 0x00, 0x00,
    0x00, 0x00, 0x00, 0x00, 0x00, 0x00, 0x00, 0x00, 0x00, 0x00, 0x00, 0x00, 0x00, 0x00, 0x00, 0x00,
    0x00, 0x00, 0x00, 0x00, 0x00, 0x00, 0x00, 0x00, 0x00, 0x00, 0x00, 0x00, 0x00, 0x00, 0x00, 0x00,
    0x00, 0x00, 0x00, 0x00, 0x00, 0x00, 0x00, 0x00, 0x00, 0x00, 0x00, 0x00, 0x00, 0x00, 0x00, 0x00,
    0x00, 0x00, 0x00, 0x00, 0x00, 0x00, 0x00, 0x00, 0x00, 0x00, 0x00, 0x00, 0x00, 0x00, 0x00, 0x00,
    0x00, 0x00, 0x00, 0x00, 0x00, 0x00, 0x00, 0x00, 0x00, 0x00, 0x00, 0x00, 0x00, 0x00, 0x00, 0x00,
    0x00, 0x00, 0x00, 0x00, 0x00, 0x00, 0x00, 0x00, 0x00, 0x00, 0x00, 0x00, 0x00, 0x00, 0x00, 0x00,
    0x00, 0x00, 0x00, 0x00, 0x00, 0x00, 0x00, 0x00, 0x00, 0x00, 0x00, 0x00, 0x00, 0x00, 0x00, 0x00,
    0x00, 0x00, 0x00, 0x00, 0x00, 0x00, 0x00, 0x00, 0x00, 0x00, 0x00, 0x00, 0x00, 0x00, 0x00, 0x00,
    0x00, 0x00, 0x00, 0x00, 0x00, 0x00, 0x00, 0x00, 0x00, 0x00, 0x00, 0x00, 0x00, 0x00, 0x00, 0x00,
    0x00, 0x00, 0x00, 0x00, 0x00, 0x00, 0x00, 0x00, 0x00, 0x00, 0x00, 0x00, 0x00, 0x00, 0x00, 0x00,
    0x00, 0x00, 0x00, 0x00, 0x00, 0x00, 0x00, 0x00, 0x00, 0x00, 0x00, 0x00, 0x00, 0x00, 0x00, 0x00,
    0x00, 0x00, 0x00, 0x00, 0x00, 0x00, 0x00, 0x00, 0x00, 0x00, 0x00, 0x00, 0x00, 0x00, 0x00, 0x00,
    0x00, 0x00, 0x00, 0x00, 0x00, 0x00, 0x00, 0x00, 0x00, 0x00, 0x00, 0x00, 0x00, 0x00, 0x00, 0x00,
    0x00, 0x00, 0x00, 0x00, 0x00, 0x00, 0x00, 0x00, 0x00, 0x00, 0x00, 0x00, 0x00, 0x00, 0x00, 0x00,
    0x00, 0x00, 0x00, 0x00, 0x00, 0x00, 0x00, 0x00, 0x00, 0x00, 0x00, 0x00, 0x00, 0x00, 0x00, 0x00,
    0x00, 0x00, 0x00, 0x00, 0x00, 0x00, 0x00, 0x00, 0x00, 0x00, 0x00, 0x00, 0x00, 0x00, 0x00, 0x00,
    0x00, 0x00, 0x00, 0x00, 0x00, 0x00, 0x00, 0x00, 0x00, 0x00, 0x00, 0x00, 0x00, 0x00, 0x00, 0x00,
    0x00, 0x00, 0x00, 0x00, 0x00, 0x00, 0x00, 0x00, 0x00, 0x00, 0x00, 0x00, 0x00, 0x00, 0x00, 0x00,
    0x00, 0x00, 0x00, 0x00, 0x00, 0x00, 0x00, 0x00, 0x00, 0x00, 0x00, 0x00, 0x00, 0x00, 0x00, 0x00,
    0x00, 0x00, 0x00, 0x00, 0x00, 0x00, 0x00, 0x00, 0x00, 0x00, 0x00, 0x00, 0x00, 0x00, 0x00, 0x00,
    0x00, 0x00, 0x00, 0x00, 0x00, 0x00, 0x00, 0x00, 0x00, 0x00, 0x00, 0x00, 0x00, 0x00, 0x00, 0x00,
    0x00, 0x00, 0x00, 0x00, 0x00, 0x00, 0x00, 0x00, 0x00, 0x00, 0x00, 0x00, 0x00, 0x00, 0x00, 0x00,
    0x00, 0x00, 0x00, 0x00, 0x00, 0x00, 0x00, 0x00, 0x00, 0x00, 0x00, 0x00, 0x00, 0x00, 0x00, 0x00,
    0x00, 0x00, 0x00, 0x00, 0x00, 0x00, 0x00, 0x00, 0x00, 0x00, 0x00, 0x00, 0x00, 0x00, 0x00, 0x00,
    0x00, 0x00, 0x00, 0x00, 0x00, 0x00, 0x00, 0x00, 0x00, 0x00, 0x00, 0x00, 0x00, 0x00, 0x00, 0x00,
    0x00, 0x00, 0x00, 0x00, 0x00, 0x00, 0x00, 0x00, 0x00, 0x00, 0x00, 0x00, 0x00, 0x00, 0x00, 0x00,
    0x00, 0x00, 0x00, 0x00, 0x00, 0x00, 0x00, 0x00, 0x00, 0x00, 0x00, 0x00, 0x00, 0x00, 0x00, 0x00,
    0x00, 0x00, 0x00, 0x00, 0x00, 0x00, 0x00, 0x00, 0x00, 0x00, 0x00, 0x00, 0x00, 0x00, 0x00, 0x00,
    0x00, 0x00, 0x00, 0x00, 0x00, 0x00, 0x00, 0x00, 0x00, 0x00, 0x00, 0x00, 0x00, 0x00, 0x00, 0x00,
    0x00, 0x00, 0x00, 0x00, 0x00, 0x00, 0x00, 0x00, 0x00, 0x00, 0x00, 0x00, 0x00, 0x00, 0x00, 0x00,
    0x00, 0x00, 0x00, 0x00, 0x00, 0x00, 0x00, 0x00, 0x00, 0x00, 0x00, 0x00, 0x00, 0x00, 0x00, 0x00,
    0x00, 0x00, 0x00, 0x00, 0x00, 0x00, 0x00, 0x00, 0x00, 0x00, 0x00, 0x00, 0x00, 0x00, 0x00, 0x00,
    0x00, 0x00, 0x00, 0x00, 0x00, 0x00, 0x00, 0x00, 0x00, 0x00, 0x00, 0x00, 0x00, 0x00, 0x00, 0x00,
    0x00, 0x00, 0x00, 0x00, 0x00, 0x00, 0x00, 0x00, 0x00, 0x00, 0x00, 0x00, 0x00, 0x00, 0x00, 0x00,
    0x00, 0x00, 0x00, 0x00, 0x00, 0x00, 0x00, 0x00, 0x00, 0x00, 0x00, 0x00, 0x00, 0x00, 0x00, 0x00,
    0x00, 0x00, 0x00, 0x00, 0x00, 0x00, 0x00, 0x00, 0x00, 0x00, 0x00, 0x00, 0x00, 0x00, 0x00, 0x00,
    0x00, 0x00, 0x00, 0x00, 0x00, 0x00, 0x00, 0x00, 0x00, 0x00, 0x00, 0x00, 0x00, 0x00, 0x00, 0x00,
    0x00, 0x00, 0x00, 0x00, 0x00, 0x00, 0x00, 0x00, 0x00, 0x00, 0x00, 0x00, 0x00, 0x00, 0x00, 0x00,
    0x00, 0x00, 0x00, 0x00, 0x00, 0x00, 0x00, 0x00, 0x00, 0x00, 0x00, 0x00, 0x00, 0x00, 0x00, 0x00,
    0x00, 0x00, 0x00, 0x00, 0x00, 0x00, 0x00, 0x00, 0x00, 0x00, 0x00, 0x00, 0x00, 0x00, 0x00, 0x00,
    0x00, 0x00, 0x00, 0x00, 0x00, 0x00, 0x00, 0x00, 0x00, 0x00, 0x00, 0x00, 0x00, 0x00, 0x00, 0x00,
    0x00, 0x00, 0x00, 0x00, 0x00, 0x00, 0x00, 0x00, 0x00, 0x00, 0x00, 0x00, 0x00, 0x00, 0x00, 0x00,
    0x00, 0x00, 0x00, 0x00, 0x00, 0x00, 0x00, 0x00, 0x00, 0x00, 0x00, 0x00, 0x00, 0x00, 0x00, 0x00,
    0x00, 0x00, 0x00, 0x00, 0x00, 0x00, 0x00, 0x00, 0x00, 0x00, 0x00, 0x00, 0x00, 0x00, 0x00, 0x00,
    0x00, 0x00, 0x00, 0x00, 0x00, 0x00, 0x00, 0x00, 0x00, 0x00, 0x00, 0x00, 0x00, 0x00, 0x00, 0x00,
    0x00, 0x00, 0x00, 0x00, 0x00, 0x00, 0x00, 0x00, 0x00, 0x00, 0x00, 0x00, 0x00, 0x00, 0x00, 0x00,
    0x00, 0x00, 0x00, 0x00, 0x00, 0x00, 0x00, 0x00, 0x00, 0x00, 0x00, 0x00, 0x00, 0x00, 0x00, 0x00,
    0x00, 0x00, 0x00, 0x00, 0x00, 0x00, 0x00, 0x00, 0x00, 0x00, 0x00, 0x00, 0x00, 0x00, 0x00, 0x00,
    0x00, 0x00, 0x00, 0x00, 0x00, 0x00, 0x00, 0x00, 0x00, 0x00, 0x00, 0x00, 0x00, 0x00, 0x00, 0x00,
    0x00, 0x00, 0x00, 0x00, 0x00, 0x00, 0x00, 0x00, 0x00, 0x00, 0x00, 0x00, 0x00, 0x00, 0x00, 0x00,
    0x00, 0x00, 0x00, 0x00, 0x00, 0x00, 0x00, 0x00, 0x00, 0x00, 0x00, 0x00, 0x00, 0x00, 0x00, 0x00,
    0x00, 0x00, 0x00, 0x00, 0x00, 0x00, 0x00, 0x00, 0x00, 0x00, 0x00, 0x00, 0x00, 0x00, 0x00, 0x00,
    0x00, 0x00, 0x00, 0x00, 0x00, 0x00, 0x00, 0x00, 0x00, 0x00, 0x00, 0x00, 0x00, 0x00, 0x00, 0x00,
    0x00, 0x00, 0x00, 0x00, 0x00, 0x00, 0x00, 0x00, 0x00, 0x00, 0x00, 0x00, 0x00, 0x00, 0x00, 0x00,
    0x00, 0x00, 0x00, 0x00, 0x00, 0x00, 0x00, 0x00, 0x00, 0x00, 0x00, 0x00, 0x00, 0x00, 0x00, 0x00,
    0x00, 0x00, 0x00, 0x00, 0x00, 0x00, 0x00, 0x00, 0x00, 0x00, 0x00, 0x00, 0x00, 0x00, 0x00, 0x00,
    0x00, 0x00, 0x00, 0x00, 0x00, 0x00, 0x00, 0x00, 0x00, 0x00, 0x00, 0x00, 0x00, 0x00, 0x00, 0x00,
    0x00, 0x00, 0x00, 0x00, 0x00, 0x00, 0x00, 0x00, 0x00, 0x00, 0x00, 0x00, 0x00, 0x00, 0x00, 0x00,
    0x00, 0x00, 0x00, 0x00, 0x00, 0x00, 0x00, 0x00, 0x00, 0x00, 0x00, 0x00, 0x00, 0x38, 0x1E, 0x3F,
    0x00, 0x00, 0x80, 0x3F, 0x00, 0x80, 0x7D, 0x3F, 0x00, 0x00, 0x20, 0x3C, 0xFA, 0x01, 0x00, 0x00,
    0x30, 0x00, 0x00, 0x00, 0x00, 0x00, 0xFA, 0x45, 0xE4, 0x38, 0x4E, 0xBF, 0x81, 0x02, 0x00, 0x00,
    0x56, 0x08, 0x00, 0x00, 0xD7, 0x0A, 0x00, 0x00, 0xDA, 0x5C, 0x2A, 0x3E, 0xBD, 0xAA, 0xB0, 0x3C,
    0x97, 0x0B, 0x82, 0x3D, 0x8D, 0xBF, 0xDC, 0x3D, 0x45, 0x58, 0x03, 0x3E, 0x8D, 0xBF, 0xDC, 0x3D,
    0x97, 0x0B, 0x82, 0x3D, 0xBD, 0xAA, 0xB0, 0x3C, 0xB1, 0x02, 0x00, 0x00, 0x30, 0x09, 0x00, 0x00,
    0xE1, 0x0B, 0x00, 0x00, 0x95, 0xC4, 0x33, 0x3E, 0xDB, 0xED, 0xA5, 0x3C, 0x44, 0x48, 0x74, 0x3D,
    0xCB, 0x54, 0xCF, 0x3D, 0x13, 0xA4, 0xF5, 0x3D, 0xCB, 0x54, 0xCF, 0x3D, 0x44, 0x48, 0x74, 0x3D,
    0xDB, 0xED, 0xA5, 0x3C, 0xD4, 0x02, 0x00, 0x00, 0xCF, 0x09, 0x00, 0x00, 0xA3, 0x0C, 0x00, 0x00,
    0xEB, 0x0E, 0x3A, 0x3E, 0x2D, 0x76, 0x9E, 0x3C, 0xDB, 0x49, 0x69, 0x3D, 0x1A, 0x00, 0xC6, 0x3D,
    0x77, 0x21, 0xEA, 0x3D, 0x1A, 0x00, 0xC6, 0x3D, 0xDB, 0x49, 0x69, 0x3D, 0x2D, 0x76, 0x9E, 0x3C,
    0xFB, 0x02, 0x00, 0x00, 0xCB, 0x09, 0x00, 0x00, 0xC6, 0x0C, 0x00, 0x00, 0xE9, 0x24, 0x3B, 0x3E,
    0xC6, 0x25, 0x9D, 0x3C, 0x9A, 0x5A, 0x67, 0x3D, 0xC2, 0x5B, 0xC4, 0x3D, 0x42, 0x20, 0xE8, 0x3D,
    0xC2, 0x5B, 0xC4, 0x3D, 0x9A, 0x5A, 0x67, 0x3D, 0xC6, 0x25, 0x9D, 0x3C, 0xEF, 0x02, 0x00, 0x00,
    0xDD, 0x09, 0x00, 0x00, 0xCC, 0x0C, 0x00, 0x00, 0x32, 0x54, 0x3B, 0x3E, 0x5A, 0xEC, 0x9C, 0x3C,
    0x14, 0x06, 0x67, 0x3D, 0x06, 0x14, 0xC4, 0x3D, 0xD0, 0xC8, 0xE7, 0x3D, 0x06, 0x14, 0xC4, 0x3D,
    0x14, 0x06, 0x67, 0x3D, 0x5A, 0xEC, 0x9C, 0x3C, 0x21, 0x03, 0x00, 0x00, 0x69, 0x0A, 0x00, 0x00,
    0x8A, 0x0D, 0x00, 0x00, 0x85, 0xF5, 0x40, 0x3E, 0xAC, 0xF9, 0x95, 0x3C, 0x80, 0xCB, 0x5C, 0x3D,
    0x8B, 0x65, 0xBB, 0x3D, 0x5D, 0x44, 0xDD, 0x3D, 0x8B, 0x65, 0xBB, 0x3D, 0x80, 0xCB, 0x5C, 0x3D,
    0xAC, 0xF9, 0x95, 0x3C, 0x2F, 0x03, 0x00, 0x00, 0x9D, 0x0A, 0x00, 0x00, 0xCC, 0x0D, 0x00, 0x00,
    0x6A, 0xD1, 0x42, 0x3E, 0x83, 0xA1, 0x93, 0x3C, 0xED, 0x57, 0x59, 0x3D, 0x9E, 0x77, 0xB8, 0x3D,
    0x14, 0xBE, 0xD9, 0x3D, 0x9E, 0x77, 0xB8, 0x3D, 0xED, 0x57, 0x59, 0x3D, 0x83, 0xA1, 0x93, 0x3C,
    0x3B, 0x03, 0x00, 0x00, 0xD3, 0x0A, 0x00, 0x00, 0x0E, 0x0E, 0x00, 0x00, 0xE3, 0xA0, 0x44, 0x3E,
    0x5D, 0x52, 0x91, 0x3C, 0x9F, 0xF1, 0x55, 0x3D, 0xF5, 0x94, 0xB5, 0x3D, 0xD3, 0x47, 0xD6, 0x3D,
    0xF5, 0x94, 0xB5, 0x3D, 0x9F, 0xF1, 0x55, 0x3D, 0x5D, 0x52, 0x91, 0x3C, 0x4C, 0x03, 0x00, 0x00,
    0x5A, 0x0B, 0x00, 0x00, 0xA6, 0x0E, 0x00, 0x00, 0x37, 0x9E, 0x48, 0x3E, 0xB9, 0x22, 0x8C, 0x3C,
    0x13, 0x4F, 0x4E, 0x3D, 0x10, 0x1A, 0xAF, 0x3D, 0xED, 0x88, 0xCE, 0x3D, 0x10, 0x1A, 0xAF, 0x3D,
    0x13, 0x4F, 0x4E, 0x3D, 0xB9, 0x22, 0x8C, 0x3C, 0xA1, 0x03, 0x00, 0x00, 0x0C, 0x0C, 0x00, 0x00,
    0xAD, 0x0F, 0x00, 0x00, 0xEF, 0xF3, 0x4E, 0x3E, 0x0D, 0x96, 0x83, 0x3C, 0xE5, 0xB8, 0x41, 0x3D,
    0x48, 0x6B, 0xA4, 0x3D, 0xBF, 0xD4, 0xC1, 0x3D, 0x48, 0x6B, 0xA4, 0x3D, 0xE5, 0xB8, 0x41, 0x3D,
    0x0D, 0x96, 0x83, 0x3C, 0xA5, 0x03, 0x00, 0x00, 0x7D, 0x0C, 0x00, 0x00, 0x22, 0x10, 0x00, 0x00,
    0xDB, 0x8C, 0x51, 0x3E, 0x4A, 0xE6, 0x7F, 0x3C, 0x63, 0x5E, 0x3C, 0x3D, 0x15, 0xE0, 0x9F, 0x3D,
    0xF5, 0x71, 0xBC, 0x3D, 0x15, 0xE0, 0x9F, 0x3D, 0x63, 0x5E, 0x3C, 0x3D, 0x4A, 0xE6, 0x7F, 0x3C,
    0xDC, 0x03, 0x00, 0x00, 0x18, 0x0D, 0x00, 0x00, 0xF4, 0x10, 0x00, 0x00, 0x79, 0xE3, 0x55, 0x3E,
    0x5B, 0x57, 0x73, 0x3C, 0xE0, 0x1F, 0x33, 0x3D, 0x89, 0x07, 0x98, 0x3D, 0x6B, 0x29, 0xB3, 0x3D,
    0x89, 0x07, 0x98, 0x3D, 0xE0, 0x1F, 0x33, 0x3D, 0x5B, 0x57, 0x73, 0x3C, 0xFC, 0x03, 0x00, 0x00,
    0x56, 0x0D, 0x00, 0x00, 0x52, 0x11, 0x00, 0x00, 0x66, 0xB3, 0x57, 0x3E, 0x80, 0xEB, 0x6D, 0x3C,
    0x45, 0x22, 0x2F, 0x3D, 0x77, 0xA4, 0x94, 0x3D, 0xC4, 0x28, 0xAF, 0x3D, 0x77, 0xA4, 0x94, 0x3D,
    0x45, 0x22, 0x2F, 0x3D, 0x80, 0xEB, 0x6D, 0x3C, 0xAB, 0x04, 0x00, 0x00, 0xA0, 0x0D, 0x00, 0x00,
    0x4B, 0x12, 0x00, 0x00, 0xE3, 0x21, 0x5C, 0x3E, 0x14, 0x22, 0x60, 0x3C, 0x3B, 0xFC, 0x24, 0x3D,
    0x6C, 0x07, 0x8C, 0x3D, 0x69, 0xFD, 0xA4, 0x3D, 0x6C, 0x07, 0x8C, 0x3D, 0x3B, 0xFC, 0x24, 0x3D,
    0x14, 0x22, 0x60, 0x3C, 0x7F, 0x04, 0x00, 0x00, 0x88, 0x0E, 0x00, 0x00, 0x07, 0x13, 0x00, 0x00,
    0xD4, 0x23, 0x5F, 0x3E, 0xF5, 0x40, 0x56, 0x3C, 0x8F, 0xB6, 0x1D, 0x3D, 0x58, 0xDB, 0x85, 0x3D,
    0x78, 0xB5, 0x9D, 0x3D, 0x58, 0xDB, 0x85, 0x3D, 0x8F, 0xB6, 0x1D, 0x3D, 0xF5, 0x40, 0x56, 0x3C,
    0x5D, 0x04, 0x00, 0x00, 0xC6, 0x0F, 0x00, 0x00, 0x23, 0x14, 0x00, 0x00, 0x85, 0x2A, 0x63, 0x3E,
    0xC9, 0x25, 0x48, 0x3C, 0x5E, 0x54, 0x13, 0x3D, 0x7C, 0x16, 0x7A, 0x3D, 0x74, 0x51, 0x93, 0x3D,
    0x7C, 0x16, 0x7A, 0x3D, 0x5E, 0x54, 0x13, 0x3D, 0xC9, 0x25, 0x48, 0x3C, 0x95, 0xDC, 0xF9, 0x3C,
    0xF4, 0xF2, 0x00, 0x3D, 0x8E, 0xA6, 0x03, 0x3D, 0x78, 0x1E, 0x04, 0x3D, 0xE3, 0x32, 0x04, 0x3D,
    0x6C, 0xA4, 0x06, 0x3D, 0x96, 0x74, 0x07, 0x3D, 0x46, 0x40, 0x08, 0x3D, 0x01, 0x05, 0x0A, 0xBD,
    0x06, 0xE2, 0x0C, 0xBD, 0x11, 0x15, 0x0E, 0xBD, 0x08, 0x21, 0x10, 0xBD, 0xDC, 0x00, 0x11, 0xBD,
    0xF7, 0x33, 0x13, 0xBD, 0x44, 0xC2, 0x14, 0xBD, 0xCD, 0xF3, 0x16, 0xBD, 0x95, 0xDC, 0xF9, 0x3C,
    0xF4, 0xF2, 0x00, 0x3D, 0x8E, 0xA6, 0x03, 0x3D, 0x78, 0x1E, 0x04, 0x3D, 0xE3, 0x32, 0x04, 0xBD,
    0x6C, 0xA4, 0x06, 0xBD, 0x96, 0x74, 0x07, 0xBD, 0x46, 0x40, 0x08, 0xBD, 0x01, 0x05, 0x0A, 0x3D,
    0x06, 0xE2, 0x0C, 0x3D, 0x11, 0x15, 0x0E, 0x3D, 0x08, 0x21, 0x10, 0x3D, 0xDC, 0x00, 0x11, 0xBD,
    0xF7, 0x33, 0x13, 0xBD, 0x44, 0xC2, 0x14, 0xBD, 0xCD, 0xF3, 0x16, 0xBD, 0x95, 0xDC, 0xF9, 0xBC,
    0xF4, 0xF2, 0x00, 0xBD, 0x8E, 0xA6, 0x03, 0xBD, 0x78, 0x1E, 0x04, 0xBD, 0xE3, 0x32, 0x04, 0x3D,
    0x6C, 0xA4, 0x06, 0x3D, 0x96, 0x74, 0x07, 0x3D, 0x46, 0x40, 0x08, 0x3D, 0x01, 0x05, 0x0A, 0x3D,
    0x06, 0xE2, 0x0C, 0x3D, 0x11, 0x15, 0x0E, 0x3D, 0x08, 0x21, 0x10, 0x3D, 0xDC, 0x00, 0x11, 0xBD,
    0xF7, 0x33, 0x13, 0xBD, 0x44, 0xC2, 0x14, 0xBD, 0xCD, 0xF3, 0x16, 0xBD, 0x95, 0xDC, 0xF9, 0x3C,
    0xF4, 0xF2, 0x00, 0x3D, 0x8E, 0xA6, 0x03, 0xBD, 0x78, 0x1E, 0x04, 0xBD, 0xE3, 0x32, 0x04, 0x3D,
    0x6C, 0xA4, 0x06, 0x3D, 0x96, 0x74, 0x07, 0xBD, 0x46, 0x40, 0x08, 0xBD, 0x01, 0x05, 0x0A, 0x3D,
    0x06, 0xE2, 0x0C, 0x3D, 0x11, 0x15, 0x0E, 0xBD, 0x08, 0x21, 0x10, 0xBD, 0xDC, 0x00, 0x11, 0x3D,
    0xF7, 0x33, 0x13, 0x3D, 0x44, 0xC2, 0x14, 0xBD, 0xCD, 0xF3, 0x16, 0xBD, 0x95, 0xDC, 0xF9, 0xBC,
    0xF4, 0xF2, 0x00, 0xBD, 0x8E, 0xA6, 0x03, 0x3D, 0x78, 0x1E, 0x04, 0x3D, 0xE3, 0x32, 0x04, 0xBD,
    0x6C, 0xA4, 0x06, 0xBD, 0x96, 0x74, 0x07, 0x3D, 0x46, 0x40, 0x08, 0x3D, 0x01, 0x05, 0x0A, 0x3D,
    0x06, 0xE2, 0x0C, 0x3D, 0x11, 0x15, 0x0E, 0xBD, 0x08, 0x21, 0x10, 0xBD, 0xDC, 0x00, 0x11, 0x3D,
    0xF7, 0x33, 0x13, 0x3D, 0x44, 0xC2, 0x14, 0xBD, 0xCD, 0xF3, 0x16, 0xBD, 0x95, 0xDC, 0xF9, 0xBC,
    0xF4, 0xF2, 0x00, 0xBD, 0x8E, 0xA6, 0x03, 0x3D, 0x78, 0x1E, 0x04, 0x3D, 0xE3, 0x32, 0x04, 0x3D,
    0x6C, 0xA4, 0x06, 0x3D, 0x96, 0x74, 0x07, 0xBD, 0x46, 0x40, 0x08, 0xBD, 0x01, 0x05, 0x0A, 0xBD,
    0x06, 0xE2, 0x0C, 0xBD, 0x11, 0x15, 0x0E, 0x3D, 0x08, 0x21, 0x10, 0x3D, 0xDC, 0x00, 0x11, 0x3D,
    0xF7, 0x33, 0x13, 0x3D, 0x44, 0xC2, 0x14, 0xBD, 0xCD, 0xF3, 0x16, 0xBD, 0x95, 0xDC, 0xF9, 0x3C,
    0xF4, 0xF2, 0x00, 0x3D, 0x8E, 0xA6, 0x03, 0xBD, 0x78, 0x1E, 0x04, 0xBD, 0xE3, 0x32, 0x04, 0xBD,
    0x6C, 0xA4, 0x06, 0xBD, 0x96, 0x74, 0x07, 0x3D, 0x46, 0x40, 0x08, 0x3D, 0x01, 0x05, 0x0A, 0xBD,
    0x06, 0xE2, 0x0C, 0xBD, 0x11, 0x15, 0x0E, 0x3D, 0x08, 0x21, 0x10, 0x3D, 0xDC, 0x00, 0x11, 0x3D,
    0xF7, 0x33, 0x13, 0x3D, 0x44, 0xC2, 0x14, 0xBD, 0xCD, 0xF3, 0x16, 0xBD, 0x95, 0xDC, 0xF9, 0xBC,
    0xF4, 0xF2, 0x00, 0x3D, 0x8E, 0xA6, 0x03, 0x3D, 0x78, 0x1E, 0x04, 0xBD, 0xE3, 0x32, 0x04, 0xBD,
    0x6C, 0xA4, 0x06, 0x3D, 0x96, 0x74, 0x07, 0x3D, 0x46, 0x40, 0x08, 0xBD, 0x01, 0x05, 0x0A, 0xBD,
    0x06, 0xE2, 0x0C, 0x3D, 0x11, 0x15, 0x0E, 0x3D, 0x08, 0x21, 0x10, 0xBD, 0xDC, 0x00, 0x11, 0xBD,
    0xF7, 0x33, 0x13, 0x3D, 0x44, 0xC2, 0x14, 0x3D, 0xCD, 0xF3, 0x16, 0xBD, 0x89, 0x01, 0x00, 0x00,
    0x93, 0x00, 0x00, 0x00, 0xA1, 0x02, 0x00, 0x00, 0x30, 0x00, 0x00, 0x00, 0xFA, 0x36, 0x00, 0xC1,
    0x00, 0x00, 0x00, 0x00, 0x00, 0x00, 0x00, 0x00, 0xD7, 0x74, 0x8C, 0xC0, 0x00, 0x00, 0x00, 0x00,
    0x4C, 0x41, 0xF2, 0x3F, 0xA7, 0xA6, 0xA3, 0xC0, 0x67, 0x71, 0x46, 0x40, 0x01, 0x00, 0x00, 0x40,
    0x00, 0x00, 0x00, 0x00, 0x00, 0x00, 0x00, 0x00, 0x00, 0x00, 0x00, 0x00, 0x00, 0x00, 0x00, 0x00,
    0x00, 0x00, 0x00, 0x00, 0xFF, 0xFF, 0xBF, 0xC0, 0x00, 0x00, 0x00, 0x00, 0xE4, 0x38, 0x1F, 0xC1,
    0x00, 0x00, 0x40, 0xC0, 0x00, 0x00, 0xB8, 0xC1, 0x00, 0x00, 0x40, 0xC0, 0x00, 0x00, 0x00, 0x00,
    0x00, 0x00, 0xA0, 0xC1, 0x00, 0x00, 0x68, 0xC1, 0x00, 0x00, 0x40, 0xC0, 0x00, 0x00, 0xF0, 0xC0,
    0x00, 0x00, 0x40, 0xC0, 0x00, 0x00, 0xB0, 0xC0, 0x00, 0x00, 0x40, 0xC0, 0x00, 0x00, 0xC0, 0xBF,
    0x00, 0x00, 0xC0, 0xC0, 0x00, 0x00, 0x00, 0x00, 0x00, 0x00, 0x00, 0x00, 0x00, 0x00, 0x00, 0x00,
}};

alignas(4) constexpr std::array<std::uint8_t, 7568> kXinnSpreset_5inN_4 = {{
    0x11, 0x00, 0x00, 0x00, 0x20, 0x00, 0x00, 0x00, 0x00, 0xA0, 0x0C, 0x46, 0x70, 0x03, 0x06, 0xC0,
    0x66, 0x66, 0x86, 0x3F, 0xE4, 0x38, 0xCE, 0x3E, 0x56, 0x55, 0x35, 0xBF, 0x70, 0x00, 0x00, 0x00,
    0x3E, 0x9D, 0x17, 0x3F, 0xCC, 0x00, 0x00, 0x00, 0x5F, 0x22, 0x91, 0x3E, 0x25, 0x02, 0x00, 0x00,
    0xE8, 0xDE, 0x61, 0x3D, 0x34, 0x06, 0x00, 0x00, 0x23, 0xCE, 0x65, 0x3D, 0x3B, 0x06, 0x00, 0x00,
    0xFB, 0xAA, 0xE2, 0x3C, 0x48, 0x06, 0x00, 0x00, 0x1C, 0x1C, 0xF7, 0xBC, 0xA4, 0x06, 0x00, 0x00,
    0x01, 0x96, 0xA9, 0xBC, 0xFE, 0x06, 0x00, 0x00, 0x26, 0x59, 0x80, 0x3C, 0x4E, 0x07, 0x00, 0x00,
    0x57, 0x88, 0x39, 0xBC, 0xA0, 0x07, 0x00, 0x00, 0xDE, 0x65, 0xB2, 0x3C, 0xE0, 0x07, 0x00, 0x00,
    0x04, 0x77, 0x3B, 0xBC, 0x2A, 0x08, 0x00, 0x00, 0xEE, 0x63, 0x3F, 0x3C, 0xAA, 0x08, 0x00, 0x00,
    0x94, 0x29, 0x8A, 0xBC, 0x2A, 0x09, 0x00, 0x00, 0x39, 0x91, 0x49, 0x3C, 0x5B, 0x09, 0x00, 0x00,
    0x17, 0xA9, 0x45, 0x3C, 0x9B, 0x09, 0x00, 0x00, 0xA8, 0x54, 0xC6, 0xBC, 0xD9, 0x09, 0x00, 0x00,
    0x9A, 0x49, 0x6F, 0x3C, 0xFD, 0x09, 0x00, 0x00, 0x83, 0x88, 0x93, 0x3C, 0x34, 0x0A, 0x00, 0x00,
    0xEA, 0xD7, 0x8F, 0x3C, 0x85, 0x0A, 0x00, 0x00, 0x54, 0x56, 0x72, 0x3C, 0xA9, 0x0A, 0x00, 0x00,
    0x85, 0xD1, 0x28, 0xBC, 0xEF, 0x0A, 0x00, 0x00, 0xC6, 0x43, 0x4A, 0xBC, 0x50, 0x0B, 0x00, 0x00,
    0x9C, 0x83, 0xCE, 0xBB, 0x76, 0x0B, 0x00, 0x00, 0x92, 0x7D, 0x0A, 0xBC, 0x93, 0x0B, 0x00, 0x00,
    0x59, 0xBC, 0x5A, 0x3C, 0xB6, 0x0B, 0x00, 0x00, 0xAB, 0xC3, 0x3C, 0xBC, 0xD9, 0x0B, 0x00, 0x00,
    0x98, 0xDA, 0x33, 0x3C, 0xED, 0x0B, 0x00, 0x00, 0x5B, 0x8C, 0x6C, 0xBC, 0x28, 0x0C, 0x00, 0x00,
    0x39, 0xCD, 0x46, 0xBC, 0x3C, 0x0C, 0x00, 0x00, 0xEE, 0x8C, 0x1D, 0xBC, 0x4E, 0x0C, 0x00, 0x00,
    0x14, 0xFD, 0x29, 0x3C, 0x59, 0x0C, 0x00, 0x00, 0x35, 0xE2, 0x13, 0xBC, 0x00, 0x00, 0x00, 0x00,
    0x00, 0x00, 0x00, 0x00, 0x00, 0x00, 0x00, 0x00, 0x00, 0x00, 0x00, 0x00, 0x00, 0x00, 0x00, 0x00,
    0x00, 0x00, 0x00, 0x00, 0x00, 0x00, 0x00, 0x00, 0x00, 0x00, 0x00, 0x00, 0x00, 0x00, 0x00, 0x00,
    0x00, 0x00, 0x00, 0x00, 0x00, 0x00, 0x00, 0x00, 0x00, 0x00, 0x00, 0x00, 0x00, 0x00, 0x00, 0x00,
    0x00, 0x00, 0x00, 0x00, 0x00, 0x00, 0x00, 0x00, 0x00, 0x00, 0x00, 0x00, 0x00, 0x00, 0x00, 0x00,
    0x00, 0x00, 0x00, 0x00, 0x00, 0x00, 0x00, 0x00, 0x00, 0x00, 0x00, 0x00, 0x00, 0x00, 0x00, 0x00,
    0x00, 0x00, 0x00, 0x00, 0x00, 0x00, 0x00, 0x00, 0x00, 0x00, 0x00, 0x00, 0x00, 0x00, 0x00, 0x00,
    0x00, 0x00, 0x00, 0x00, 0x00, 0x00, 0x00, 0x00, 0x00, 0x00, 0x00, 0x00, 0x00, 0x00, 0x00, 0x00,
    0x00, 0x00, 0x00, 0x00, 0x00, 0x00, 0x00, 0x00, 0x00, 0x00, 0x00, 0x00, 0x70, 0x00, 0x00, 0x00,
    0xB3, 0x1A, 0xB0, 0x3E, 0x23, 0x01, 0x00, 0x00, 0x00, 0x8D, 0x24, 0x3E, 0xA6, 0x04, 0x00, 0x00,
    0x1C, 0x3C, 0xD6, 0x3C, 0xDC, 0x04, 0x00, 0x00, 0xE4, 0x9F, 0x1C, 0x3D, 0x0A, 0x05, 0x00, 0x00,
    0x10, 0x61, 0x29, 0x3D, 0x49, 0x05, 0x00, 0x00, 0x82, 0x9A, 0xB2, 0xBC, 0x4B, 0x05, 0x00, 0x00,
    0x21, 0x15, 0xD2, 0x3C, 0x4D, 0x05, 0x00, 0x00, 0x7A, 0x65, 0xC8, 0xBC, 0x7B, 0x05, 0x00, 0x00,
    0x11, 0xC4, 0x19, 0x3D, 0xF8, 0x05, 0x00, 0x00, 0x91, 0xBA, 0x08, 0x3D, 0xFA, 0x05, 0x00, 0x00,
    0x05, 0xF9, 0xDA, 0xBC, 0x3B, 0x06, 0x00, 0x00, 0x40, 0x9B, 0x41, 0xBC, 0xB7, 0x06, 0x00, 0x00,
    0x68, 0x06, 0x4E, 0xBC, 0x28, 0x07, 0x00, 0x00, 0xA2, 0x53, 0xA2, 0xBC, 0x44, 0x07, 0x00, 0x00,
    0xD7, 0x70, 0x8B, 0x3C, 0x4A, 0x07, 0x00, 0x00, 0x0B, 0xAA, 0x9A, 0x3C, 0x58, 0x07, 0x00, 0x00,
    0x8B, 0x41, 0xB4, 0x3C, 0x5B, 0x07, 0x00, 0x00, 0xF0, 0x1F, 0x02, 0xBD, 0x5F, 0x07, 0x00, 0x00,
    0x5B, 0xC4, 0xA1, 0x3C, 0x6B, 0x07, 0x00, 0x00, 0x36, 0x0E, 0x8D, 0x3C, 0x84, 0x07, 0x00, 0x00,
    0x59, 0xBC, 0x5A, 0x3C, 0xC9, 0x07, 0x00, 0x00, 0xC3, 0x34, 0x63, 0xBC, 0x1C, 0x08, 0x00, 0x00,
    0xFC, 0x17, 0x6D, 0xBC, 0x69, 0x08, 0x00, 0x00, 0x9B, 0x7F, 0x68, 0x3C, 0x26, 0x09, 0x00, 0x00,
    0xA5, 0xFF, 0x5B, 0xBC, 0x43, 0x09, 0x00, 0x00, 0xD8, 0x94, 0x52, 0xBC, 0x4B, 0x09, 0x00, 0x00,
    0x38, 0x4D, 0x7C, 0x3C, 0x8C, 0x09, 0x00, 0x00, 0x25, 0xB8, 0x47, 0xBC, 0xC8, 0x09, 0x00, 0x00,
    0xE1, 0x90, 0x36, 0xBC, 0x09, 0x0A, 0x00, 0x00, 0xC7, 0x6A, 0x0C, 0xBC, 0x0C, 0x0A, 0x00, 0x00,
    0xFC, 0xC5, 0x2A, 0x3C, 0x1A, 0x0A, 0x00, 0x00, 0xA1, 0xDA, 0x3D, 0x3C, 0x00, 0x00, 0x00, 0x00,
    0x00, 0x00, 0x00, 0x00, 0x00, 0x00, 0x00, 0x00, 0x00, 0x00, 0x00, 0x00, 0x00, 0x00, 0x00, 0x00,
    0x00, 0x00, 0x00, 0x00, 0x00, 0x00, 0x00, 0x00, 0x00, 0x00, 0x00, 0x00, 0x00, 0x00, 0x00, 0x00,
    0x00, 0x00, 0x00, 0x00, 0x00, 0x00, 0x00, 0x00, 0x00, 0x00, 0x00, 0x00, 0x00, 0x00, 0x00, 0x00,
    0x00, 0x00, 0x00, 0x00, 0x00, 0x00, 0x00, 0x00, 0x00, 0x00, 0x00, 0x00, 0x00, 0x00, 0x00, 0x00,
    0x00, 0x00, 0x00, 0x00, 0x00, 0x00, 0x00, 0x00, 0x00, 0x00, 0x00, 0x00, 0x00, 0x00, 0x00, 0x00,
    0x00, 0x00, 0x00, 0x00, 0x00, 0x00, 0x00, 0x00, 0x00, 0x00, 0x00, 0x00, 0x00, 0x00, 0x00, 0x00,
    0x00, 0x00, 0x00, 0x00, 0x00, 0x00, 0x00, 0x00, 0x00, 0x00, 0x00, 0x00, 0x00, 0x00, 0x00, 0x00,
    0x00, 0x00, 0x00, 0x00, 0x00, 0x00, 0x00, 0x00, 0x00, 0x00, 0x00, 0x00, 0xAE, 0x00, 0x00, 0x00,
    0x02, 0xDA, 0x98, 0x3E, 0x1E, 0x01, 0x00, 0x00, 0xDB, 0xFF, 0x3F, 0x3E, 0x57, 0x02, 0x00, 0x00,
    0x57, 0xB2, 0x04, 0xBD, 0x14, 0x05, 0x00, 0x00, 0x8B, 0x08, 0xC4, 0x3D, 0x17, 0x05, 0x00, 0x00,
    0xBC, 0x19, 0xBC, 0xBC, 0xB5, 0x05, 0x00, 0x00, 0x06, 0xED, 0x2C, 0x3D, 0xC7, 0x05, 0x00, 0x00,
    0x3B, 0x1A, 0xC6, 0xBC, 0xDE, 0x05, 0x00, 0x00, 0xE5, 0xD7, 0x0E, 0x3D, 0x63, 0x06, 0x00, 0x00,
    0xCC, 0x37, 0x8D, 0xBC, 0x38, 0x07, 0x00, 0x00, 0x50, 0x0B, 0x00, 0x3D, 0x3E, 0x07, 0x00, 0x00,
    0x33, 0xAD, 0x09, 0x3D, 0x62, 0x07, 0x00, 0x00, 0x54, 0xFF, 0x9E, 0x3C, 0xE8, 0x07, 0x00, 0x00,
    0xC8, 0xF5, 0x8A, 0x3C, 0x0D, 0x08, 0x00, 0x00, 0xE0, 0x01, 0x91, 0xBC, 0x6B, 0x08, 0x00, 0x00,
    0xE8, 0xA3, 0x6D, 0x3C, 0xBB, 0x08, 0x00, 0x00, 0x99, 0x18, 0x84, 0xBC, 0x27, 0x09, 0x00, 0x00,
    0xC7, 0xB7, 0x98, 0xBC, 0x4E, 0x09, 0x00, 0x00, 0x81, 0x08, 0x8E, 0xBC, 0x7A, 0x09, 0x00, 0x00,
    0xD1, 0xF0, 0x80, 0xBC, 0x7E, 0x09, 0x00, 0x00, 0x05, 0xA8, 0x27, 0x3C, 0xA7, 0x09, 0x00, 0x00,
    0x23, 0x6E, 0x67, 0xBC, 0xCE, 0x09, 0x00, 0x00, 0x1D, 0x3B, 0x68, 0xBC, 0xFF, 0x09, 0x00, 0x00,
    0x1D, 0xBB, 0x59, 0xBC, 0x0F, 0x0A, 0x00, 0x00, 0x63, 0x32, 0x8E, 0x3C, 0x3C, 0x0A, 0x00, 0x00,
    0x88, 0x40, 0x5C, 0xBC, 0x3E, 0x0A, 0x00, 0x00, 0x95, 0xC7, 0x85, 0x3C, 0x99, 0x0A, 0x00, 0x00,
    0x2E, 0xB1, 0x4F, 0x3C, 0x09, 0x0B, 0x00, 0x00, 0x4A, 0x1C, 0x20, 0xBC, 0x1D, 0x0B, 0x00, 0x00,
    0x5C, 0x07, 0x24, 0xBC, 0x2C, 0x0B, 0x00, 0x00, 0xBE, 0xC1, 0x55, 0x3C, 0x39, 0x0B, 0x00, 0x00,
    0xD2, 0xF1, 0x62, 0x3C, 0x49, 0x0B, 0x00, 0x00, 0x96, 0x4C, 0xA6, 0x3C, 0x00, 0x00, 0x00, 0x00,
    0x00, 0x00, 0x00, 0x00, 0x00, 0x00, 0x00, 0x00, 0x00, 0x00, 0x00, 0x00, 0x00, 0x00, 0x00, 0x00,
    0x00, 0x00, 0x00, 0x00, 0x00, 0x00, 0x00, 0x00, 0x00, 0x00, 0x00, 0x00, 0x00, 0x00, 0x00, 0x00,
    0x00, 0x00, 0x00, 0x00, 0x00, 0x00, 0x00, 0x00, 0x00, 0x00, 0x00, 0x00, 0x00, 0x00, 0x00, 0x00,
    0x00, 0x00, 0x00, 0x00, 0x00, 0x00, 0x00, 0x00, 0x00, 0x00, 0x00, 0x00, 0x00, 0x00, 0x00, 0x00,
    0x00, 0x00, 0x00, 0x00, 0x00, 0x00, 0x00, 0x00, 0x00, 0x00, 0x00, 0x00, 0x00, 0x00, 0x00, 0x00,
    0x00, 0x00, 0x00, 0x00, 0x00, 0x00, 0x00, 0x00, 0x00, 0x00, 0x00, 0x00, 0x00, 0x00, 0x00, 0x00,
    0x00, 0x00, 0x00, 0x00, 0x00, 0x00, 0x00, 0x00, 0x00, 0x00, 0x00, 0x00, 0x00, 0x00, 0x00, 0x00,
    0x00, 0x00, 0x00, 0x00, 0x00, 0x00, 0x00, 0x00, 0x00, 0x00, 0x00, 0x00, 0xAE, 0x00, 0x00, 0x00,
    0x10, 0x22, 0x0F, 0x3F, 0xCC, 0x00, 0x00, 0x00, 0xBB, 0x22, 0x87, 0x3E, 0x23, 0x01, 0x00, 0x00,
    0xEC, 0xBB, 0x68, 0xBD, 0x87, 0x01, 0x00, 0x00, 0x42, 0x16, 0x04, 0x3D, 0x2B, 0x05, 0x00, 0x00,
    0x01, 0xFE, 0x63, 0x3C, 0xDB, 0x05, 0x00, 0x00, 0x8F, 0x1B, 0x7B, 0x3D, 0xDE, 0x05, 0x00, 0x00,
    0x8B, 0x41, 0xB4, 0xBC, 0xE0, 0x05, 0x00, 0x00, 0xCC, 0xD5, 0x09, 0x3D, 0xF3, 0x05, 0x00, 0x00,
    0x1C, 0x3C, 0xD6, 0x3C, 0x08, 0x06, 0x00, 0x00, 0x12, 0xF7, 0xD8, 0x3C, 0x17, 0x06, 0x00, 0x00,
    0xE3, 0x4A, 0xE5, 0xBC, 0x44, 0x06, 0x00, 0x00, 0x74, 0x10, 0xCD, 0xBC, 0x75, 0x06, 0x00, 0x00,
    0x87, 0xBA, 0xD6, 0xBC, 0x96, 0x06, 0x00, 0x00, 0xC1, 0x5B, 0x9D, 0x3C, 0xC7, 0x06, 0x00, 0x00,
    0x52, 0xA6, 0x6A, 0xBC, 0x32, 0x07, 0x00, 0x00, 0x30, 0xDD, 0x60, 0xBC, 0x9E, 0x07, 0x00, 0x00,
    0x83, 0xB8, 0xDA, 0xBC, 0xA0, 0x07, 0x00, 0x00, 0x4C, 0x45, 0xD4, 0x3C, 0xC2, 0x07, 0x00, 0x00,
    0x24, 0xD8, 0xF4, 0x3C, 0xD3, 0x07, 0x00, 0x00, 0x52, 0xDA, 0x06, 0xBD, 0x7F, 0x08, 0x00, 0x00,
    0x8A, 0x1D, 0x70, 0x3C, 0xA7, 0x08, 0x00, 0x00, 0x49, 0xFB, 0x59, 0xBC, 0x64, 0x09, 0x00, 0x00,
    0x96, 0x04, 0xCA, 0xBC, 0x98, 0x09, 0x00, 0x00, 0x26, 0x90, 0x6F, 0x3C, 0x09, 0x0A, 0x00, 0x00,
    0x81, 0x4D, 0x69, 0xBC, 0x28, 0x0A, 0x00, 0x00, 0x7B, 0x6C, 0x88, 0x3C, 0x89, 0x0A, 0x00, 0x00,
    0xB7, 0xBC, 0x6E, 0x3C, 0xCC, 0x0A, 0x00, 0x00, 0xAD, 0xD7, 0x76, 0xBC, 0x0F, 0x0B, 0x00, 0x00,
    0x55, 0x92, 0x69, 0x3C, 0x15, 0x0B, 0x00, 0x00, 0x8A, 0x1D, 0x70, 0x3C, 0x2F, 0x0B, 0x00, 0x00,
    0x25, 0x76, 0x6B, 0xBC, 0x45, 0x0B, 0x00, 0x00, 0x54, 0x56, 0x72, 0xBC, 0x00, 0x00, 0x00, 0x00,
    0x00, 0x00, 0x00, 0x00, 0x00, 0x00, 0x00, 0x00, 0x00, 0x00, 0x00, 0x00, 0x00, 0x00, 0x00, 0x00,
    0x00, 0x00, 0x00, 0x00, 0x00, 0x00, 0x00, 0x00, 0x00, 0x00, 0x00, 0x00, 0x00, 0x00, 0x00, 0x00,
    0x00, 0x00, 0x00, 0x00, 0x00, 0x00, 0x00, 0x00, 0x00, 0x00, 0x00, 0x00, 0x00, 0x00, 0x00, 0x00,
    0x00, 0x00, 0x00, 0x00, 0x00, 0x00, 0x00, 0x00, 0x00, 0x00, 0x00, 0x00, 0x00, 0x00, 0x00, 0x00,
    0x00, 0x00, 0x00, 0x00, 0x00, 0x00, 0x00, 0x00, 0x00, 0x00, 0x00, 0x00, 0x00, 0x00, 0x00, 0x00,
    0x00, 0x00, 0x00, 0x00, 0x00, 0x00, 0x00, 0x00, 0x00, 0x00, 0x00, 0x00, 0x00, 0x00, 0x00, 0x00,
    0x00, 0x00, 0x00, 0x00, 0x00, 0x00, 0x00, 0x00, 0x00, 0x00, 0x00, 0x00, 0x00, 0x00, 0x00, 0x00,
    0x00, 0x00, 0x00, 0x00, 0x00, 0x00, 0x00, 0x00, 0x00, 0x00, 0x00, 0x00, 0x8A, 0x00, 0x00, 0x00,
    0x11, 0xAB, 0x55, 0x3F, 0x8A, 0x01, 0x00, 0x00, 0xF4, 0x2D, 0x5B, 0x3E, 0x6C, 0x02, 0x00, 0x00,
    0x44, 0x11, 0xB9, 0x3D, 0x8E, 0x02, 0x00, 0x00, 0xE0, 0x13, 0x6A, 0xBD, 0xE8, 0x02, 0x00, 0x00,
    0xD5, 0x85, 0x4D, 0xBD, 0x80, 0x03, 0x00, 0x00, 0x61, 0x3E, 0x34, 0xBD, 0x4D, 0x04, 0x00, 0x00,
    0x2F, 0x28, 0xFD, 0xBC, 0x66, 0x05, 0x00, 0x00, 0x3D, 0xCE, 0xBA, 0x3C, 0xEB, 0x05, 0x00, 0x00,
    0xBE, 0xB3, 0x35, 0x3D, 0x54, 0x06, 0x00, 0x00, 0x81, 0x27, 0x87, 0x3D, 0x57, 0x06, 0x00, 0x00,
    0x50, 0x0B, 0x00, 0xBD, 0x61, 0x06, 0x00, 0x00, 0x71, 0xF9, 0xF5, 0xBC, 0x6C, 0x06, 0x00, 0x00,
    0x10, 0xA5, 0xA7, 0x3C, 0x1A, 0x07, 0x00, 0x00, 0xE5, 0x11, 0x95, 0x3C, 0xB3, 0x07, 0x00, 0x00,
    0x0F, 0x5D, 0x93, 0xBC, 0xC0, 0x07, 0x00, 0x00, 0x44, 0xF8, 0x96, 0x3C, 0x06, 0x08, 0x00, 0x00,
    0x44, 0xF8, 0x96, 0x3C, 0x11, 0x08, 0x00, 0x00, 0x15, 0x06, 0xA1, 0x3C, 0x39, 0x08, 0x00, 0x00,
    0x81, 0x95, 0x82, 0xBC, 0x94, 0x08, 0x00, 0x00, 0x54, 0x56, 0x72, 0x3C, 0xB9, 0x08, 0x00, 0x00,
    0x47, 0x44, 0x88, 0xBC, 0xCC, 0x08, 0x00, 0x00, 0x20, 0x7E, 0x5B, 0x3C, 0xE5, 0x08, 0x00, 0x00,
    0xD5, 0xA1, 0x66, 0x3C, 0x23, 0x09, 0x00, 0x00, 0x10, 0xA5, 0xA7, 0xBC, 0x48, 0x09, 0x00, 0x00,
    0x8A, 0x39, 0xA8, 0xBC, 0x79, 0x09, 0x00, 0x00, 0x55, 0x92, 0x69, 0xBC, 0x8A, 0x09, 0x00, 0x00,
    0x97, 0x0D, 0x80, 0x3C, 0xBB, 0x09, 0x00, 0x00, 0x71, 0x57, 0x91, 0x3C, 0xCC, 0x09, 0x00, 0x00,
    0x1E, 0xA4, 0x48, 0xBC, 0x52, 0x0A, 0x00, 0x00, 0x93, 0x5E, 0x89, 0xBC, 0x63, 0x0A, 0x00, 0x00,
    0x50, 0x86, 0x8E, 0x3C, 0x72, 0x0A, 0x00, 0x00, 0xD0, 0x78, 0x85, 0xBC, 0x00, 0x00, 0x00, 0x00,
    0x00, 0x00, 0x00, 0x00, 0x00, 0x00, 0x00, 0x00, 0x00, 0x00, 0x00, 0x00, 0x00, 0x00, 0x00, 0x00,
    0x00, 0x00, 0x00, 0x00, 0x00, 0x00, 0x00, 0x00, 0x00, 0x00, 0x00, 0x00, 0x00, 0x00, 0x00, 0x00,
    0x00, 0x00, 0x00, 0x00, 0x00, 0x00, 0x00, 0x00, 0x00, 0x00, 0x00, 0x00, 0x00, 0x00, 0x00, 0x00,
    0x00, 0x00, 0x00, 0x00, 0x00, 0x00, 0x00, 0x00, 0x00, 0x00, 0x00, 0x00, 0x00, 0x00, 0x00, 0x00,
    0x00, 0x00, 0x00, 0x00, 0x00, 0x00, 0x00, 0x00, 0x00, 0x00, 0x00, 0x00, 0x00, 0x00, 0x00, 0x00,
    0x00, 0x00, 0x00, 0x00, 0x00, 0x00, 0x00, 0x00, 0x00, 0x00, 0x00, 0x00, 0x00, 0x00, 0x00, 0x00,
    0x00, 0x00, 0x00, 0x00, 0x00, 0x00, 0x00, 0x00, 0x00, 0x00, 0x00, 0x00, 0x00, 0x00, 0x00, 0x00,
    0x00, 0x00, 0x00, 0x00, 0x00, 0x00, 0x00, 0x00, 0x00, 0x00, 0x00, 0x00, 0xA5, 0x00, 0x00, 0x00,
    0x06, 0x4B, 0x22, 0x3E, 0xA0, 0x01, 0x00, 0x00, 0xCE, 0x00, 0x47, 0x3D, 0x2A, 0x02, 0x00, 0x00,
    0x85, 0x25, 0x85, 0x3D, 0x75, 0x03, 0x00, 0x00, 0x56, 0x5A, 0x1F, 0xBD, 0x00, 0x04, 0x00, 0x00,
    0xEA, 0x4C, 0xCD, 0x3C, 0x20, 0x05, 0x00, 0x00, 0x5B, 0xEF, 0x03, 0xBD, 0x8C, 0x05, 0x00, 0x00,
    0xCF, 0xC9, 0xF8, 0x3D, 0x8E, 0x05, 0x00, 0x00, 0x94, 0x37, 0xB8, 0xBD, 0xBB, 0x05, 0x00, 0x00,
    0xE9, 0x8A, 0x06, 0xBD, 0xEB, 0x05, 0x00, 0x00, 0xE1, 0x3A, 0x84, 0x3D, 0x4E, 0x06, 0x00, 0x00,
    0x4B, 0x1C, 0x0B, 0x3D, 0x9B, 0x06, 0x00, 0x00, 0xB0, 0x8B, 0x74, 0x3D, 0x9D, 0x06, 0x00, 0x00,
    0x40, 0x62, 0x21, 0xBD, 0x33, 0x07, 0x00, 0x00, 0x10, 0xF4, 0x87, 0x3C, 0x36, 0x07, 0x00, 0x00,
    0xFC, 0xA6, 0xF0, 0xBC, 0x48, 0x07, 0x00, 0x00, 0x05, 0xF9, 0xDA, 0xBC, 0x7D, 0x07, 0x00, 0x00,
    0x4D, 0x8E, 0x94, 0xBC, 0xAF, 0x07, 0x00, 0x00, 0x2C, 0xC3, 0xB0, 0x3C, 0xC6, 0x07, 0x00, 0x00,
    0x29, 0x72, 0xEE, 0xBC, 0xCC, 0x07, 0x00, 0x00, 0xAF, 0x73, 0xBB, 0x3C, 0x13, 0x08, 0x00, 0x00,
    0xF1, 0x7A, 0x59, 0xBC, 0x86, 0x08, 0x00, 0x00, 0x64, 0x18, 0x9C, 0x3C, 0xAE, 0x08, 0x00, 0x00,
    0xBC, 0x95, 0xA4, 0xBC, 0xE1, 0x08, 0x00, 0x00, 0x6A, 0xB3, 0x79, 0xBC, 0x04, 0x09, 0x00, 0x00,
    0xA2, 0x68, 0x37, 0x3C, 0x4A, 0x09, 0x00, 0x00, 0xB8, 0xA2, 0x3D, 0xBC, 0xAF, 0x09, 0x00, 0x00,
    0x68, 0x61, 0x2A, 0x3C, 0xC7, 0x09, 0x00, 0x00, 0x1B, 0x01, 0x6C, 0xBC, 0xD7, 0x09, 0x00, 0x00,
    0x07, 0xFD, 0x79, 0xBC, 0x09, 0x0A, 0x00, 0x00, 0x54, 0x82, 0x91, 0x3C, 0x3C, 0x0A, 0x00, 0x00,
    0x9A, 0xE8, 0x14, 0x3C, 0x3F, 0x0A, 0x00, 0x00, 0x5D, 0x86, 0x22, 0xBC, 0x00, 0x00, 0x00, 0x00,
    0x00, 0x00, 0x00, 0x00, 0x00, 0x00, 0x00, 0x00, 0x00, 0x00, 0x00, 0x00, 0x00, 0x00, 0x00, 0x00,
    0x00, 0x00, 0x00, 0x00, 0x00, 0x00, 0x00, 0x00, 0x00, 0x00, 0x00, 0x00, 0x00, 0x00, 0x00, 0x00,
    0x00, 0x00, 0x00, 0x00, 0x00, 0x00, 0x00, 0x00, 0x00, 0x00, 0x00, 0x00, 0x00, 0x00, 0x00, 0x00,
    0x00, 0x00, 0x00, 0x00, 0x00, 0x00, 0x00, 0x00, 0x00, 0x00, 0x00, 0x00, 0x00, 0x00, 0x00, 0x00,
    0x00, 0x00, 0x00, 0x00, 0x00, 0x00, 0x00, 0x00, 0x00, 0x00, 0x00, 0x00, 0x00, 0x00, 0x00, 0x00,
    0x00, 0x00, 0x00, 0x00, 0x00, 0x00, 0x00, 0x00, 0x00, 0x00, 0x00, 0x00, 0x00, 0x00, 0x00, 0x00,
    0x00, 0x00, 0x00, 0x00, 0x00, 0x00, 0x00, 0x00, 0x00, 0x00, 0x00, 0x00, 0x00, 0x00, 0x00, 0x00,
    0x00, 0x00, 0x00, 0x00, 0x00, 0x00, 0x00, 0x00, 0x00, 0x00, 0x00, 0x00, 0xA2, 0x00, 0x00, 0x00,
    0x06, 0x4B, 0x22, 0x3E, 0x9A, 0x01, 0x00, 0x00, 0x1C, 0x15, 0x96, 0x3D, 0x7B, 0x02, 0x00, 0x00,
    0x5B, 0x76, 0x5B, 0x3D, 0xF3, 0x02, 0x00, 0x00, 0x2B, 0xA2, 0xEA, 0x3C, 0xF6, 0x02, 0x00, 0x00,
    0xA9, 0xA7, 0x3B, 0xBD, 0x97, 0x03, 0x00, 0x00, 0xBB, 0x60, 0x01, 0xBD, 0xCA, 0x05, 0x00, 0x00,
    0x05, 0x2F, 0xA4, 0x3D, 0x35, 0x06, 0x00, 0x00, 0xB4, 0x28, 0xE3, 0x3D, 0x42, 0x06, 0x00, 0x00,
    0x50, 0x5B, 0x9B, 0xBD, 0x4E, 0x06, 0x00, 0x00, 0xD4, 0x54, 0xE0, 0x3C, 0x79, 0x06, 0x00, 0x00,
    0x96, 0x4C, 0xA6, 0xBC, 0x8F, 0x06, 0x00, 0x00, 0xB5, 0x59, 0xED, 0xBC, 0x9F, 0x06, 0x00, 0x00,
    0x7C, 0x3C, 0xBB, 0x3C, 0xE3, 0x06, 0x00, 0x00, 0x8C, 0x43, 0xA3, 0xBC, 0xFF, 0x06, 0x00, 0x00,
    0x92, 0x39, 0xDB, 0x3C, 0x16, 0x07, 0x00, 0x00, 0x54, 0x52, 0x8A, 0xBC, 0x6B, 0x07, 0x00, 0x00,
    0x09, 0xE1, 0xF2, 0xBC, 0x92, 0x07, 0x00, 0x00, 0xF3, 0x22, 0xAE, 0xBC, 0xCB, 0x07, 0x00, 0x00,
    0x96, 0x4C, 0xA6, 0x3C, 0x0A, 0x08, 0x00, 0x00, 0xA8, 0xA2, 0x9C, 0xBC, 0x5E, 0x08, 0x00, 0x00,
    0xA0, 0x48, 0x82, 0x3C, 0xB5, 0x08, 0x00, 0x00, 0xB0, 0x48, 0xA0, 0x3C, 0x38, 0x09, 0x00, 0x00,
    0x82, 0xAD, 0xCF, 0xBC, 0x5B, 0x09, 0x00, 0x00, 0xDF, 0x43, 0x55, 0x3C, 0xA6, 0x09, 0x00, 0x00,
    0xA5, 0xFF, 0x5B, 0x3C, 0xE4, 0x09, 0x00, 0x00, 0x93, 0x5E, 0x89, 0xBC, 0x20, 0x0A, 0x00, 0x00,
    0x98, 0x1B, 0xA6, 0x3C, 0x78, 0x0A, 0x00, 0x00, 0x03, 0xA4, 0x87, 0xBC, 0xA0, 0x0A, 0x00, 0x00,
    0x56, 0x70, 0xCF, 0xBC, 0xDA, 0x0A, 0x00, 0x00, 0xBC, 0x30, 0xE3, 0xBC, 0xEE, 0x0A, 0x00, 0x00,
    0xC7, 0x8B, 0x5E, 0x3C, 0xF7, 0x0A, 0x00, 0x00, 0x26, 0xD2, 0x6C, 0xBC, 0x00, 0x00, 0x00, 0x00,
    0x00, 0x00, 0x00, 0x00, 0x00, 0x00, 0x00, 0x00, 0x00, 0x00, 0x00, 0x00, 0x00, 0x00, 0x00, 0x00,
    0x00, 0x00, 0x00, 0x00, 0x00, 0x00, 0x00, 0x00, 0x00, 0x00, 0x00, 0x00, 0x00, 0x00, 0x00, 0x00,
    0x00, 0x00, 0x00, 0x00, 0x00, 0x00, 0x00, 0x00, 0x00, 0x00, 0x00, 0x00, 0x00, 0x00, 0x00, 0x00,
    0x00, 0x00, 0x00, 0x00, 0x00, 0x00, 0x00, 0x00, 0x00, 0x00, 0x00, 0x00, 0x00, 0x00, 0x00, 0x00,
    0x00, 0x00, 0x00, 0x00, 0x00, 0x00, 0x00, 0x00, 0x00, 0x00, 0x00, 0x00, 0x00, 0x00, 0x00, 0x00,
    0x00, 0x00, 0x00, 0x00, 0x00, 0x00, 0x00, 0x00, 0x00, 0x00, 0x00, 0x00, 0x00, 0x00, 0x00, 0x00,
    0x00, 0x00, 0x00, 0x00, 0x00, 0x00, 0x00, 0x00, 0x00, 0x00, 0x00, 0x00, 0x00, 0x00, 0x00, 0x00,
    0x00, 0x00, 0x00, 0x00, 0x00, 0x00, 0x00, 0x00, 0x00, 0x00, 0x00, 0x00, 0x8B, 0x00, 0x00, 0x00,
    0xDA, 0xE6, 0x56, 0x3F, 0x8C, 0x01, 0x00, 0x00, 0x13, 0x05, 0x44, 0x3E, 0x1D, 0x02, 0x00, 0x00,
    0x5E, 0x6A, 0x33, 0x3D, 0x6A, 0x03, 0x00, 0x00, 0xDF, 0x0F, 0xC9, 0x3D, 0x8E, 0x03, 0x00, 0x00,
    0xF9, 0xF9, 0x7B, 0x3D, 0xB1, 0x05, 0x00, 0x00, 0x4C, 0xEA, 0x85, 0x3D, 0xB3, 0x05, 0x00, 0x00,
    0x61, 0x8D, 0x52, 0xBD, 0x0E, 0x06, 0x00, 0x00, 0xC2, 0xF8, 0x6B, 0x3D, 0x10, 0x06, 0x00, 0x00,
    0x4B, 0x1C, 0x0B, 0xBD, 0xBB, 0x06, 0x00, 0x00, 0xC6, 0xAB, 0x26, 0x3D, 0xBD, 0x06, 0x00, 0x00,
    0xC4, 0x79, 0x1A, 0xBD, 0xE9, 0x06, 0x00, 0x00, 0x85, 0x8E, 0xE5, 0x3C, 0x4E, 0x07, 0x00, 0x00,
    0x93, 0xA0, 0xC8, 0x3C, 0x51, 0x07, 0x00, 0x00, 0xD4, 0x54, 0xE0, 0xBC, 0x96, 0x07, 0x00, 0x00,
    0x32, 0xF6, 0xCE, 0xBC, 0xDA, 0x07, 0x00, 0x00, 0x14, 0xFA, 0xA9, 0x3C, 0x13, 0x08, 0x00, 0x00,
    0xD3, 0x34, 0xA4, 0x3C, 0xC1, 0x08, 0x00, 0x00, 0x7B, 0x89, 0xCD, 0xBC, 0x03, 0x09, 0x00, 0x00,
    0xAB, 0xEA, 0xA5, 0xBC, 0x36, 0x09, 0x00, 0x00, 0x8C, 0xEC, 0xB5, 0x3C, 0x6D, 0x09, 0x00, 0x00,
    0xF4, 0x58, 0x8F, 0x3C, 0x13, 0x0A, 0x00, 0x00, 0xB0, 0x48, 0xA0, 0xBC, 0x15, 0x0A, 0x00, 0x00,
    0x84, 0x25, 0xE2, 0x3C, 0x17, 0x0A, 0x00, 0x00, 0x0B, 0xAA, 0x9A, 0xBC, 0x6B, 0x0A, 0x00, 0x00,
    0xBB, 0xAF, 0x92, 0x3C, 0x80, 0x0A, 0x00, 0x00, 0x1E, 0x7B, 0x8A, 0xBC, 0xB3, 0x0A, 0x00, 0x00,
    0xA4, 0x2C, 0xEB, 0xBC, 0x25, 0x0B, 0x00, 0x00, 0x68, 0x2D, 0x9D, 0x3C, 0x49, 0x0B, 0x00, 0x00,
    0x12, 0x6A, 0x08, 0x3D, 0x4D, 0x0B, 0x00, 0x00, 0x2E, 0x8E, 0xE9, 0xBC, 0x50, 0x0B, 0x00, 0x00,
    0xB4, 0x0B, 0x0D, 0x3D, 0x5C, 0x0B, 0x00, 0x00, 0xFC, 0x64, 0xF7, 0xBC, 0x00, 0x00, 0x00, 0x00,
    0x00, 0x00, 0x00, 0x00, 0x00, 0x00, 0x00, 0x00, 0x00, 0x00, 0x00, 0x00, 0x00, 0x00, 0x00, 0x00,
    0x00, 0x00, 0x00, 0x00, 0x00, 0x00, 0x00, 0x00, 0x00, 0x00, 0x00, 0x00, 0x00, 0x00, 0x00, 0x00,
    0x00, 0x00, 0x00, 0x00, 0x00, 0x00, 0x00, 0x00, 0x00, 0x00, 0x00, 0x00, 0x00, 0x00, 0x00, 0x00,
    0x00, 0x00, 0x00, 0x00, 0x00, 0x00, 0x00, 0x00, 0x00, 0x00, 0x00, 0x00, 0x00, 0x00, 0x00, 0x00,
    0x00, 0x00, 0x00, 0x00, 0x00, 0x00, 0x00, 0x00, 0x00, 0x00, 0x00, 0x00, 0x00, 0x00, 0x00, 0x00,
    0x00, 0x00, 0x00, 0x00, 0x00, 0x00, 0x00, 0x00, 0x00, 0x00, 0x00, 0x00, 0x00, 0x00, 0x00, 0x00,
    0x00, 0x00, 0x00, 0x00, 0x00, 0x00, 0x00, 0x00, 0x00, 0x00, 0x00, 0x00, 0x00, 0x00, 0x00, 0x00,
    0x00, 0x00, 0x00, 0x00, 0x00, 0x00, 0x00, 0x00, 0x00, 0x00, 0x00, 0x00, 0xDA, 0x00, 0x00, 0x00,
    0x93, 0x92, 0x33, 0x3F, 0xCD, 0x01, 0x00, 0x00, 0xA6, 0x67, 0x88, 0x3D, 0x37, 0x02, 0x00, 0x00,
    0x28, 0x84, 0xAC, 0x3D, 0xAE, 0x02, 0x00, 0x00, 0xBD, 0x7F, 0x11, 0x3D, 0xCD, 0x02, 0x00, 0x00,
    0x80, 0xB7, 0x14, 0xBD, 0x8C, 0x03, 0x00, 0x00, 0x87, 0xF2, 0x4E, 0x3D, 0x8E, 0x03, 0x00, 0x00,
    0x9C, 0x60, 0x77, 0xBD, 0x7B, 0x04, 0x00, 0x00, 0xB8, 0x78, 0xD7, 0x3C, 0xCD, 0x04, 0x00, 0x00,
    0x28, 0x2F, 0xCB, 0xBC, 0x14, 0x05, 0x00, 0x00, 0xD4, 0x54, 0xE0, 0x3C, 0x60, 0x05, 0x00, 0x00,
    0xAB, 0x42, 0xC0, 0x3C, 0x92, 0x05, 0x00, 0x00, 0xB6, 0x8C, 0xAB, 0xBC, 0x44, 0x06, 0x00, 0x00,
    0x43, 0xF3, 0xAF, 0xBC, 0x7E, 0x06, 0x00, 0x00, 0x66, 0xF9, 0xB6, 0xBC, 0xAC, 0x06, 0x00, 0x00,
    0xE6, 0x83, 0xD4, 0x3C, 0xFF, 0x06, 0x00, 0x00, 0x4F, 0x56, 0xAE, 0xBC, 0x3E, 0x07, 0x00, 0x00,
    0xF5, 0xEC, 0xC0, 0xBC, 0xA6, 0x07, 0x00, 0x00, 0x1A, 0x65, 0xA1, 0xBC, 0xD0, 0x07, 0x00, 0x00,
    0xEE, 0x5F, 0x14, 0xBD, 0x43, 0x08, 0x00, 0x00, 0x34, 0xEE, 0x95, 0x3C, 0x81, 0x08, 0x00, 0x00,
    0x7E, 0xD6, 0xA7, 0x3C, 0xD1, 0x08, 0x00, 0x00, 0xCF, 0x17, 0xB9, 0xBC, 0xD5, 0x08, 0x00, 0x00,
    0xAB, 0x8D, 0xB6, 0xBC, 0x06, 0x09, 0x00, 0x00, 0x81, 0x08, 0x8E, 0x3C, 0x87, 0x09, 0x00, 0x00,
    0x55, 0x77, 0xD8, 0xBC, 0xE2, 0x09, 0x00, 0x00, 0xB6, 0xAE, 0xA6, 0xBC, 0xF4, 0x09, 0x00, 0x00,
    0x8B, 0x3F, 0x84, 0x3C, 0x7D, 0x0A, 0x00, 0x00, 0xAB, 0xDE, 0x8D, 0x3C, 0xC5, 0x0A, 0x00, 0x00,
    0xDE, 0xF7, 0xD7, 0xBC, 0xE0, 0x0A, 0x00, 0x00, 0x70, 0x99, 0xD1, 0xBC, 0x07, 0x0B, 0x00, 0x00,
    0x83, 0x88, 0x93, 0x3C, 0x75, 0x0B, 0x00, 0x00, 0xC7, 0x79, 0xC7, 0x3C, 0x00, 0x00, 0x00, 0x00,
    0x00, 0x00, 0x00, 0x00, 0x00, 0x00, 0x00, 0x00, 0x00, 0x00, 0x00, 0x00, 0x00, 0x00, 0x00, 0x00,
    0x00, 0x00, 0x00, 0x00, 0x00, 0x00, 0x00, 0x00, 0x00, 0x00, 0x00, 0x00, 0x00, 0x00, 0x00, 0x00,
    0x00, 0x00, 0x00, 0x00, 0x00, 0x00, 0x00, 0x00, 0x00, 0x00, 0x00, 0x00, 0x00, 0x00, 0x00, 0x00,
    0x00, 0x00, 0x00, 0x00, 0x00, 0x00, 0x00, 0x00, 0x00, 0x00, 0x00, 0x00, 0x00, 0x00, 0x00, 0x00,
    0x00, 0x00, 0x00, 0x00, 0x00, 0x00, 0x00, 0x00, 0x00, 0x00, 0x00, 0x00, 0x00, 0x00, 0x00, 0x00,
    0x00, 0x00, 0x00, 0x00, 0x00, 0x00, 0x00, 0x00, 0x00, 0x00, 0x00, 0x00, 0x00, 0x00, 0x00, 0x00,
    0x00, 0x00, 0x00, 0x00, 0x00, 0x00, 0x00, 0x00, 0x00, 0x00, 0x00, 0x00, 0x00, 0x00, 0x00, 0x00,
    0x00, 0x00, 0x00, 0x00, 0x00, 0x00, 0x00, 0x00, 0x00, 0x00, 0x00, 0x00, 0x07, 0x01, 0x00, 0x00,
    0x99, 0x87, 0x2A, 0x3E, 0x46, 0x02, 0x00, 0x00, 0x4E, 0x89, 0xF8, 0x3C, 0x88, 0x03, 0x00, 0x00,
    0x70, 0x99, 0xD1, 0x3C, 0x0A, 0x04, 0x00, 0x00, 0x70, 0xC2, 0x4D, 0x3D, 0xF6, 0x04, 0x00, 0x00,
    0x0F, 0x5D, 0x93, 0x3C, 0x2D, 0x05, 0x00, 0x00, 0x5B, 0xC4, 0xA1, 0x3C, 0xB7, 0x05, 0x00, 0x00,
    0x0C, 0x94, 0xB1, 0xBC, 0x82, 0x06, 0x00, 0x00, 0x37, 0xBB, 0x9F, 0x3C, 0x38, 0x07, 0x00, 0x00,
    0x51, 0xA7, 0x1A, 0x3D, 0x6B, 0x07, 0x00, 0x00, 0xBC, 0x2D, 0x45, 0x3D, 0x6D, 0x07, 0x00, 0x00,
    0x5D, 0x06, 0x72, 0xBD, 0x8C, 0x07, 0x00, 0x00, 0xC1, 0x5B, 0x9D, 0x3C, 0x37, 0x08, 0x00, 0x00,
    0xA5, 0xD6, 0xA0, 0xBC, 0x3C, 0x08, 0x00, 0x00, 0x43, 0xF3, 0xAF, 0x3C, 0x56, 0x08, 0x00, 0x00,
    0x70, 0xC3, 0xDD, 0xBC, 0xA8, 0x08, 0x00, 0x00, 0x01, 0x7F, 0x80, 0x3C, 0xE5, 0x08, 0x00, 0x00,
    0x88, 0x40, 0x5C, 0x3C, 0xF7, 0x08, 0x00, 0x00, 0xE9, 0x50, 0x5F, 0x3C, 0x53, 0x09, 0x00, 0x00,
    0xB4, 0xF6, 0x67, 0x3C, 0x8A, 0x09, 0x00, 0x00, 0x1E, 0xE2, 0x7C, 0xBC, 0xDF, 0x09, 0x00, 0x00,
    0xB3, 0x34, 0x45, 0x3C, 0xF7, 0x09, 0x00, 0x00, 0x52, 0x8D, 0x2C, 0xBC, 0x13, 0x0A, 0x00, 0x00,
    0xDA, 0x6A, 0x3D, 0x3C, 0x8F, 0x0A, 0x00, 0x00, 0xCE, 0xE2, 0x26, 0xBC, 0xDD, 0x0A, 0x00, 0x00,
    0x81, 0xBF, 0x2D, 0xBC, 0x0E, 0x0B, 0x00, 0x00, 0x35, 0xE2, 0x13, 0x3C, 0x7A, 0x0B, 0x00, 0x00,
    0x37, 0x49, 0x1C, 0xBC, 0xE7, 0x0B, 0x00, 0x00, 0xBC, 0x95, 0xA4, 0x3C, 0xE9, 0x0B, 0x00, 0x00,
    0xBE, 0xC1, 0x55, 0xBC, 0xEC, 0x0B, 0x00, 0x00, 0xAA, 0x65, 0x86, 0x3C, 0xF6, 0x0B, 0x00, 0x00,
    0x55, 0x77, 0xD8, 0x3C, 0xF8, 0x0B, 0x00, 0x00, 0xD2, 0xDB, 0x84, 0xBC, 0x00, 0x00, 0x00, 0x00,
    0x00, 0x00, 0x00, 0x00, 0x00, 0x00, 0x00, 0x00, 0x00, 0x00, 0x00, 0x00, 0x00, 0x00, 0x00, 0x00,
    0x00, 0x00, 0x00, 0x00, 0x00, 0x00, 0x00, 0x00, 0x00, 0x00, 0x00, 0x00, 0x00, 0x00, 0x00, 0x00,
    0x00, 0x00, 0x00, 0x00, 0x00, 0x00, 0x00, 0x00, 0x00, 0x00, 0x00, 0x00, 0x00, 0x00, 0x00, 0x00,
    0x00, 0x00, 0x00, 0x00, 0x00, 0x00, 0x00, 0x00, 0x00, 0x00, 0x00, 0x00, 0x00, 0x00, 0x00, 0x00,
    0x00, 0x00, 0x00, 0x00, 0x00, 0x00, 0x00, 0x00, 0x00, 0x00, 0x00, 0x00, 0x00, 0x00, 0x00, 0x00,
    0x00, 0x00, 0x00, 0x00, 0x00, 0x00, 0x00, 0x00, 0x00, 0x00, 0x00, 0x00, 0x00, 0x00, 0x00, 0x00,
    0x00, 0x00, 0x00, 0x00, 0x00, 0x00, 0x00, 0x00, 0x00, 0x00, 0x00, 0x00, 0x00, 0x00, 0x00, 0x00,
    0x00, 0x00, 0x00, 0x00, 0x00, 0x00, 0x00, 0x00, 0x00, 0x00, 0x00, 0x00, 0x03, 0x01, 0x00, 0x00,
    0x8B, 0xFD, 0x20, 0x3E, 0xEB, 0x01, 0x00, 0x00, 0xB8, 0x78, 0xD7, 0x3C, 0x60, 0x02, 0x00, 0x00,
    0x19, 0x8F, 0xB0, 0xBC, 0xC6, 0x02, 0x00, 0x00, 0xA1, 0xFC, 0x36, 0xBC, 0x83, 0x03, 0x00, 0x00,
    0xDE, 0xDF, 0xA6, 0x3C, 0xBE, 0x03, 0x00, 0x00, 0xDF, 0x69, 0x95, 0x3C, 0x15, 0x04, 0x00, 0x00,
    0xAE, 0x91, 0x8C, 0x3C, 0xCA, 0x04, 0x00, 0x00, 0x80, 0x81, 0x5C, 0x3C, 0x9F, 0x05, 0x00, 0x00,
    0x3C, 0xB7, 0xD9, 0xBC, 0xA1, 0x05, 0x00, 0x00, 0xFC, 0xA6, 0xF0, 0x3C, 0xB0, 0x05, 0x00, 0x00,
    0x59, 0xFB, 0x77, 0x3C, 0x71, 0x06, 0x00, 0x00, 0xBA, 0x76, 0xB4, 0xBC, 0x73, 0x06, 0x00, 0x00,
    0xA1, 0x8E, 0x9B, 0x3C, 0x80, 0x06, 0x00, 0x00, 0xAE, 0x91, 0x8C, 0x3C, 0xD9, 0x06, 0x00, 0x00,
    0x13, 0x07, 0x33, 0xBC, 0x03, 0x07, 0x00, 0x00, 0x58, 0x9C, 0x3F, 0x3C, 0xD8, 0x07, 0x00, 0x00,
    0x9A, 0x49, 0x6F, 0xBC, 0xDB, 0x07, 0x00, 0x00, 0x09, 0xBF, 0x39, 0x3C, 0x94, 0x08, 0x00, 0x00,
    0xBE, 0xC1, 0x55, 0x3C, 0x9B, 0x08, 0x00, 0x00, 0x1F, 0x30, 0x6E, 0x3C, 0xBE, 0x08, 0x00, 0x00,
    0xD2, 0xF1, 0x62, 0xBC, 0xC1, 0x08, 0x00, 0x00, 0xB2, 0xD4, 0x5F, 0xBC, 0xFD, 0x08, 0x00, 0x00,
    0x8F, 0x2B, 0x3F, 0xBC, 0xBB, 0x09, 0x00, 0x00, 0x32, 0xC0, 0x2C, 0xBC, 0xCF, 0x09, 0x00, 0x00,
    0xFC, 0x8E, 0x1F, 0x3C, 0xE1, 0x09, 0x00, 0x00, 0x0B, 0x14, 0x27, 0x3C, 0x49, 0x0A, 0x00, 0x00,
    0xAE, 0x5F, 0x13, 0xBC, 0x85, 0x0A, 0x00, 0x00, 0x92, 0x7D, 0x0A, 0xBC, 0x09, 0x0B, 0x00, 0x00,
    0x4F, 0x65, 0xEA, 0xBB, 0x76, 0x0B, 0x00, 0x00, 0x6C, 0x0D, 0x40, 0xBC, 0x77, 0x0B, 0x00, 0x00,
    0x5C, 0x07, 0x24, 0x3C, 0x7C, 0x0B, 0x00, 0x00, 0x6B, 0x27, 0x2F, 0xBC, 0x00, 0x00, 0x00, 0x00,
    0x00, 0x00, 0x00, 0x00, 0x00, 0x00, 0x00, 0x00, 0x00, 0x00, 0x00, 0x00, 0x00, 0x00, 0x00, 0x00,
    0x00, 0x00, 0x00, 0x00, 0x00, 0x00, 0x00, 0x00, 0x00, 0x00, 0x00, 0x00, 0x00, 0x00, 0x00, 0x00,
    0x00, 0x00, 0x00, 0x00, 0x00, 0x00, 0x00, 0x00, 0x00, 0x00, 0x00, 0x00, 0x00, 0x00, 0x00, 0x00,
    0x00, 0x00, 0x00, 0x00, 0x00, 0x00, 0x00, 0x00, 0x00, 0x00, 0x00, 0x00, 0x00, 0x00, 0x00, 0x00,
    0x00, 0x00, 0x00, 0x00, 0x00, 0x00, 0x00, 0x00, 0x00, 0x00, 0x00, 0x00, 0x00, 0x00, 0x00, 0x00,
    0x00, 0x00, 0x00, 0x00, 0x00, 0x00, 0x00, 0x00, 0x00, 0x00, 0x00, 0x00, 0x00, 0x00, 0x00, 0x00,
    0x00, 0x00, 0x00, 0x00, 0x00, 0x00, 0x00, 0x00, 0x00, 0x00, 0x00, 0x00, 0x00, 0x00, 0x00, 0x00,
    0x00, 0x00, 0x00, 0x00, 0x00, 0x00, 0x00, 0x00, 0x00, 0x00, 0x00, 0x00, 0xDB, 0x00, 0x00, 0x00,
    0x3A, 0xD1, 0x34, 0x3F, 0xD1, 0x01, 0x00, 0x00, 0xCA, 0x11, 0x86, 0x3D, 0x41, 0x02, 0x00, 0x00,
    0x0A, 0x61, 0x79, 0x3D, 0x75, 0x03, 0x00, 0x00, 0x40, 0xB4, 0x6E, 0x3D, 0x98, 0x03, 0x00, 0x00,
    0x4C, 0xA4, 0xB8, 0x3D, 0x71, 0x07, 0x00, 0x00, 0x30, 0x70, 0x1E, 0x3D, 0x74, 0x07, 0x00, 0x00,
    0x6F, 0x22, 0x41, 0xBD, 0x79, 0x07, 0x00, 0x00, 0xAE, 0x4E, 0x17, 0xBD, 0xAC, 0x07, 0x00, 0x00,
    0x64, 0xB7, 0x82, 0x3D, 0xDB, 0x07, 0x00, 0x00, 0x0C, 0x2F, 0x13, 0xBD, 0xE5, 0x07, 0x00, 0x00,
    0x32, 0xCB, 0xFF, 0xBC, 0x3A, 0x08, 0x00, 0x00, 0x3D, 0x1F, 0xCC, 0xBC, 0x3D, 0x08, 0x00, 0x00,
    0x4E, 0xF3, 0xCA, 0xBC, 0x76, 0x08, 0x00, 0x00, 0x6C, 0xBC, 0xAD, 0xBC, 0x8E, 0x08, 0x00, 0x00,
    0xAF, 0x78, 0x4E, 0x3D, 0x91, 0x08, 0x00, 0x00, 0xCC, 0xD5, 0x09, 0xBD, 0x95, 0x08, 0x00, 0x00,
    0x79, 0x0F, 0xC4, 0xBC, 0x55, 0x09, 0x00, 0x00, 0x18, 0x6B, 0xCB, 0x3C, 0x59, 0x09, 0x00, 0x00,
    0x9F, 0xF8, 0xF9, 0x3C, 0x72, 0x0A, 0x00, 0x00, 0xF8, 0x98, 0xBF, 0x3C, 0x7A, 0x0A, 0x00, 0x00,
    0x09, 0xD4, 0xCC, 0x3C, 0x81, 0x0A, 0x00, 0x00, 0x6E, 0xB7, 0xEB, 0xBC, 0x60, 0x0B, 0x00, 0x00,
    0x25, 0x4F, 0x05, 0x3D, 0x7E, 0x0B, 0x00, 0x00, 0x7F, 0xC9, 0xDE, 0x3C, 0x94, 0x0B, 0x00, 0x00,
    0x74, 0xA2, 0xB3, 0xBC, 0xB6, 0x0B, 0x00, 0x00, 0x57, 0xC3, 0xF1, 0xBC, 0xF7, 0x0B, 0x00, 0x00,
    0xE5, 0xA2, 0xD0, 0x3C, 0x0F, 0x0C, 0x00, 0x00, 0x23, 0xCE, 0x65, 0xBD, 0x10, 0x0C, 0x00, 0x00,
    0xB8, 0x2C, 0x63, 0x3D, 0x22, 0x0C, 0x00, 0x00, 0xF6, 0x1E, 0x36, 0x3D, 0x4D, 0x0C, 0x00, 0x00,
    0xB5, 0x59, 0xED, 0x3C, 0x81, 0x0C, 0x00, 0x00, 0x10, 0xA5, 0xA7, 0x3C, 0x00, 0x00, 0x00, 0x00,
    0x00, 0x00, 0x00, 0x00, 0x00, 0x00, 0x00, 0x00, 0x00, 0x00, 0x00, 0x00, 0x00, 0x00, 0x00, 0x00,
    0x00, 0x00, 0x00, 0x00, 0x00, 0x00, 0x00, 0x00, 0x00, 0x00, 0x00, 0x00, 0x00, 0x00, 0x00, 0x00,
    0x00, 0x00, 0x00, 0x00, 0x00, 0x00, 0x00, 0x00, 0x00, 0x00, 0x00, 0x00, 0x00, 0x00, 0x00, 0x00,
    0x00, 0x00, 0x00, 0x00, 0x00, 0x00, 0x00, 0x00, 0x00, 0x00, 0x00, 0x00, 0x00, 0x00, 0x00, 0x00,
    0x00, 0x00, 0x00, 0x00, 0x00, 0x00, 0x00, 0x00, 0x00, 0x00, 0x00, 0x00, 0x00, 0x00, 0x00, 0x00,
    0x00, 0x00, 0x00, 0x00, 0x00, 0x00, 0x00, 0x00, 0x00, 0x00, 0x00, 0x00, 0x00, 0x00, 0x00, 0x00,
    0x00, 0x00, 0x00, 0x00, 0x00, 0x00, 0x00, 0x00, 0x00, 0x00, 0x00, 0x00, 0x00, 0x00, 0x00, 0x00,
    0x00, 0x00, 0x00, 0x00, 0x00, 0x00, 0x00, 0x00, 0x00, 0x00, 0x00, 0x00, 0x00, 0x00, 0x00, 0x00,
    0x00, 0x00, 0x00, 0x00, 0x00, 0x00, 0x00, 0x00, 0x00, 0x00, 0x00, 0x00, 0x00, 0x00, 0x00, 0x00,
    0x00, 0x00, 0x00, 0x00, 0x00, 0x00, 0x00, 0x00, 0x00, 0x00, 0x00, 0x00, 0x00, 0x00, 0x00, 0x00,
    0x00, 0x00, 0x00, 0x00, 0x00, 0x00, 0x00, 0x00, 0x00, 0x00, 0x00, 0x00, 0x00, 0x00, 0x00, 0x00,
    0x00, 0x00, 0x00, 0x00, 0x00, 0x00, 0x00, 0x00, 0x00, 0x00, 0x00, 0x00, 0x00, 0x00, 0x00, 0x00,
    0x00, 0x00, 0x00, 0x00, 0x00, 0x00, 0x00, 0x00, 0x00, 0x00, 0x00, 0x00, 0x00, 0x00, 0x00, 0x00,
    0x00, 0x00, 0x00, 0x00, 0x00, 0x00, 0x00, 0x00, 0x00, 0x00, 0x00, 0x00, 0x00, 0x00, 0x00, 0x00,
    0x00, 0x00, 0x00, 0x00, 0x00, 0x00, 0x00, 0x00, 0x00, 0x00, 0x00, 0x00, 0x00, 0x00, 0x00, 0x00,
    0x00, 0x00, 0x00, 0x00, 0x00, 0x00, 0x00, 0x00, 0x00, 0x00, 0x00, 0x00, 0x00, 0x00, 0x00, 0x00,
    0x00, 0x00, 0x00, 0x00, 0x00, 0x00, 0x00, 0x00, 0x00, 0x00, 0x00, 0x00, 0x00, 0x00, 0x00, 0x00,
    0x00, 0x00, 0x00, 0x00, 0x00, 0x00, 0x00, 0x00, 0x00, 0x00, 0x00, 0x00, 0x00, 0x00, 0x00, 0x00,
    0x00, 0x00, 0x00, 0x00, 0x00, 0x00, 0x00, 0x00, 0x00, 0x00, 0x00, 0x00, 0x00, 0x00, 0x00, 0x00,
    0x00, 0x00, 0x00, 0x00, 0x00, 0x00, 0x00, 0x00, 0x00, 0x00, 0x00, 0x00, 0x00, 0x00, 0x00, 0x00,
    0x00, 0x00, 0x00, 0x00, 0x00, 0x00, 0x00, 0x00, 0x00, 0x00, 0x00, 0x00, 0x00, 0x00, 0x00, 0x00,
    0x00, 0x00, 0x00, 0x00, 0x00, 0x00, 0x00, 0x00, 0x00, 0x00, 0x00, 0x00, 0x00, 0x00, 0x00, 0x00,
    0x00, 0x00, 0x00, 0x00, 0x00, 0x00, 0x00, 0x00, 0x00, 0x00, 0x00, 0x00, 0x00, 0x00, 0x00, 0x00,
    0x00, 0x00, 0x00, 0x00, 0x00, 0x00, 0x00, 0x00, 0x00, 0x00, 0x00, 0x00, 0x00, 0x00, 0x00, 0x00,
    0x00, 0x00, 0x00, 0x00, 0x00, 0x00, 0x00, 0x00, 0x00, 0x00, 0x00, 0x00, 0x00, 0x00, 0x00, 0x00,
    0x00, 0x00, 0x00, 0x00, 0x00, 0x00, 0x00, 0x00, 0x00, 0x00, 0x00, 0x00, 0x00, 0x00, 0x00, 0x00,
    0x00, 0x00, 0x00, 0x00, 0x00, 0x00, 0x00, 0x00, 0x00, 0x00, 0x00, 0x00, 0x00, 0x00, 0x00, 0x00,
    0x00, 0x00, 0x00, 0x00, 0x00, 0x00, 0x00, 0x00, 0x00, 0x00, 0x00, 0x00, 0x00, 0x00, 0x00, 0x00,
    0x00, 0x00, 0x00, 0x00, 0x00, 0x00, 0x00, 0x00, 0x00, 0x00, 0x00, 0x00, 0x00, 0x00, 0x00, 0x00,
    0x00, 0x00, 0x00, 0x00, 0x00, 0x00, 0x00, 0x00, 0x00, 0x00, 0x00, 0x00, 0x00, 0x00, 0x00, 0x00,
    0x00, 0x00, 0x00, 0x00, 0x00, 0x00, 0x00, 0x00, 0x00, 0x00, 0x00, 0x00, 0x00, 0x00, 0x00, 0x00,
    0x00, 0x00, 0x00, 0x00, 0x00, 0x00, 0x00, 0x00, 0x00, 0x00, 0x00, 0x00, 0x00, 0x00, 0x00, 0x00,
    0x00, 0x00, 0x00, 0x00, 0x00, 0x00, 0x00, 0x00, 0x00, 0x00, 0x00, 0x00, 0x00, 0x00, 0x00, 0x00,
    0x00, 0x00, 0x00, 0x00, 0x00, 0x00, 0x00, 0x00, 0x00, 0x00, 0x00, 0x00, 0x00, 0x00, 0x00, 0x00,
    0x00, 0x00, 0x00, 0x00, 0x00, 0x00, 0x00, 0x00, 0x00, 0x00, 0x00, 0x00, 0x00, 0x00, 0x00, 0x00,
    0x00, 0x00, 0x00, 0x00, 0x00, 0x00, 0x00, 0x00, 0x00, 0x00, 0x00, 0x00, 0x00, 0x00, 0x00, 0x00,
    0x00, 0x00, 0x00, 0x00, 0x00, 0x00, 0x00, 0x00, 0x00, 0x00, 0x00, 0x00, 0x00, 0x00, 0x00, 0x00,
    0x00, 0x00, 0x00, 0x00, 0x00, 0x00, 0x00, 0x00, 0x00, 0x00, 0x00, 0x00, 0x00, 0x00, 0x00, 0x00,
    0x00, 0x00, 0x00, 0x00, 0x00, 0x00, 0x00, 0x00, 0x00, 0x00, 0x00, 0x00, 0x00, 0x00, 0x00, 0x00,
    0x00, 0x00, 0x00, 0x00, 0x00, 0x00, 0x00, 0x00, 0x00, 0x00, 0x00, 0x00, 0x00, 0x00, 0x00, 0x00,
    0x00, 0x00, 0x00, 0x00, 0x00, 0x00, 0x00, 0x00, 0x00, 0x00, 0x00, 0x00, 0x00, 0x00, 0x00, 0x00,
    0x00, 0x00, 0x00, 0x00, 0x00, 0x00, 0x00, 0x00, 0x00, 0x00, 0x00, 0x00, 0x00, 0x00, 0x00, 0x00,
    0x00, 0x00, 0x00, 0x00, 0x00, 0x00, 0x00, 0x00, 0x00, 0x00, 0x00, 0x00, 0x00, 0x00, 0x00, 0x00,
    0x00, 0x00, 0x00, 0x00, 0x00, 0x00, 0x00, 0x00, 0x00, 0x00, 0x00, 0x00, 0x00, 0x00, 0x00, 0x00,
    0x00, 0x00, 0x00, 0x00, 0x00, 0x00, 0x00, 0x00, 0x00, 0x00, 0x00, 0x00, 0x00, 0x00, 0x00, 0x00,
    0x00, 0x00, 0x00, 0x00, 0x00, 0x00, 0x00, 0x00, 0x00, 0x00, 0x00, 0x00, 0x00, 0x00, 0x00, 0x00,
    0x00, 0x00, 0x00, 0x00, 0x00, 0x00, 0x00, 0x00, 0x00, 0x00, 0x00, 0x00, 0x00, 0x00, 0x00, 0x00,
    0x00, 0x00, 0x00, 0x00, 0x00, 0x00, 0x00, 0x00, 0x00, 0x00, 0x00, 0x00, 0x00, 0x00, 0x00, 0x00,
    0x00, 0x00, 0x00, 0x00, 0x00, 0x00, 0x00, 0x00, 0x00, 0x00, 0x00, 0x00, 0x00, 0x00, 0x00, 0x00,
    0x00, 0x00, 0x00, 0x00, 0x00, 0x00, 0x00, 0x00, 0x00, 0x00, 0x00, 0x00, 0x00, 0x00, 0x00, 0x00,
    0x00, 0x00, 0x00, 0x00, 0x00, 0x00, 0x00, 0x00, 0x00, 0x00, 0x00, 0x00, 0x00, 0x00, 0x00, 0x00,
    0x00, 0x00, 0x00, 0x00, 0x00, 0x00, 0x00, 0x00, 0x00, 0x00, 0x00, 0x00, 0x00, 0x00, 0x00, 0x00,
    0x00, 0x00, 0x00, 0x00, 0x00, 0x00, 0x00, 0x00, 0x00, 0x00, 0x00, 0x00, 0x00, 0x00, 0x00, 0x00,
    0x00, 0x00, 0x00, 0x00, 0x00, 0x00, 0x00, 0x00, 0x00, 0x00, 0x00, 0x00, 0x00, 0x00, 0x00, 0x00,
    0x00, 0x00, 0x00, 0x00, 0x00, 0x00, 0x00, 0x00, 0x00, 0x00, 0x00, 0x00, 0x00, 0x00, 0x00, 0x00,
    0x00, 0x00, 0x00, 0x00, 0x00, 0x00, 0x00, 0x00, 0x00, 0x00, 0x00, 0x00, 0x00, 0x00, 0x00, 0x00,
    0x00, 0x00, 0x00, 0x00, 0x00, 0x00, 0x00, 0x00, 0x00, 0x00, 0x00, 0x00, 0x00, 0x00, 0x00, 0x00,
    0x00, 0x00, 0x00, 0x00, 0x00, 0x00, 0x00, 0x00, 0x00, 0x00, 0x00, 0x00, 0x00, 0x00, 0x00, 0x00,
    0x00, 0x00, 0x00, 0x00, 0x00, 0x00, 0x00, 0x00, 0x00, 0x00, 0x00, 0x00, 0x00, 0x00, 0x00, 0x00,
    0x00, 0x00, 0x00, 0x00, 0x00, 0x00, 0x00, 0x00, 0x00, 0x00, 0x00, 0x00, 0x00, 0x00, 0x00, 0x00,
    0x00, 0x00, 0x00, 0x00, 0x00, 0x00, 0x00, 0x00, 0x00, 0x00, 0x00, 0x00, 0x00, 0x00, 0x00, 0x00,
    0x00, 0x00, 0x00, 0x00, 0x00, 0x00, 0x00, 0x00, 0x00, 0x00, 0x00, 0x00, 0x00, 0x00, 0x00, 0x00,
    0x00, 0x00, 0x00, 0x00, 0x00, 0x00, 0x00, 0x00, 0x00, 0x00, 0x00, 0x00, 0x00, 0x00, 0x00, 0x00,
    0x00, 0x00, 0x00, 0x00, 0x00, 0x00, 0x00, 0x00, 0x00, 0x00, 0x00, 0x00, 0x00, 0x00, 0x00, 0x00,
    0x00, 0x00, 0x00, 0x00, 0x00, 0x00, 0x00, 0x00, 0x00, 0x00, 0x00, 0x00, 0x00, 0x00, 0x00, 0x00,
    0x00, 0x00, 0x00, 0x00, 0x00, 0x00, 0x00, 0x00, 0x00, 0x00, 0x00, 0x00, 0x00, 0x00, 0x00, 0x00,
    0x00, 0x00, 0x00, 0x00, 0x00, 0x00, 0x00, 0x00, 0x00, 0x00, 0x00, 0x00, 0x00, 0x00, 0x00, 0x00,
    0x00, 0x00, 0x00, 0x00, 0x00, 0x00, 0x00, 0x00, 0x00, 0x00, 0x00, 0x00, 0x00, 0x00, 0x00, 0x00,
    0x00, 0x00, 0x00, 0x00, 0x00, 0x00, 0x00, 0x00, 0x00, 0x00, 0x00, 0x00, 0x00, 0x00, 0x00, 0x00,
    0x00, 0x00, 0x00, 0x00, 0x00, 0x00, 0x00, 0x00, 0x00, 0x00, 0x00, 0x00, 0x00, 0x00, 0x00, 0x00,
    0x00, 0x00, 0x00, 0x00, 0x00, 0x00, 0x00, 0x00, 0x00, 0x00, 0x00, 0x00, 0x00, 0x00, 0x00, 0x00,
    0x00, 0x00, 0x00, 0x00, 0x00, 0x00, 0x00, 0x00, 0x00, 0x00, 0x00, 0x00, 0x00, 0x00, 0x00, 0x00,
    0x00, 0x00, 0x00, 0x00, 0x00, 0x00, 0x00, 0x00, 0x00, 0x00, 0x00, 0x00, 0x00, 0x00, 0x00, 0x00,
    0x00, 0x00, 0x00, 0x00, 0x00, 0x00, 0x00, 0x00, 0x00, 0x00, 0x00, 0x00, 0x00, 0x00, 0x00, 0x00,
    0x00, 0x00, 0x00, 0x00, 0x00, 0x00, 0x00, 0x00, 0x00, 0x00, 0x00, 0x00, 0x00, 0x00, 0x00, 0x00,
    0x00, 0x00, 0x00, 0x00, 0x00, 0x00, 0x00, 0x00, 0x00, 0x00, 0x00, 0x00, 0x00, 0x00, 0x00, 0x00,
    0x00, 0x00, 0x00, 0x00, 0x00, 0x00, 0x00, 0x00, 0x00, 0x00, 0x00, 0x00, 0x00, 0x00, 0x00, 0x00,
    0x00, 0x00, 0x00, 0x00, 0x00, 0x00, 0x00, 0x00, 0x00, 0x00, 0x00, 0x00, 0x00, 0x00, 0x00, 0x00,
    0x00, 0x00, 0x00, 0x00, 0x00, 0x00, 0x00, 0x00, 0x00, 0x00, 0x00, 0x00, 0x00, 0x00, 0x00, 0x00,
    0x00, 0x00, 0x00, 0x00, 0x00, 0x00, 0x00, 0x00, 0x00, 0x00, 0x00, 0x00, 0x00, 0x00, 0x00, 0x00,
    0x00, 0x00, 0x00, 0x00, 0x00, 0x00, 0x00, 0x00, 0x00, 0x00, 0x00, 0x00, 0x00, 0x00, 0x00, 0x00,
    0x00, 0x00, 0x00, 0x00, 0x00, 0x00, 0x00, 0x00, 0x00, 0x00, 0x00, 0x00, 0x00, 0x00, 0x00, 0x00,
    0x00, 0x00, 0x00, 0x00, 0x00, 0x00, 0x00, 0x00, 0x00, 0x00, 0x00, 0x00, 0x00, 0x00, 0x00, 0x00,
    0x00, 0x00, 0x00, 0x00, 0x00, 0x00, 0x00, 0x00, 0x00, 0x00, 0x00, 0x00, 0x00, 0x00, 0x00, 0x00,
    0x00, 0x00, 0x00, 0x00, 0x00, 0x00, 0x00, 0x00, 0x00, 0x00, 0x00, 0x00, 0x00, 0x00, 0x00, 0x00,
    0x00, 0x00, 0x00, 0x00, 0x00, 0x00, 0x00, 0x00, 0x00, 0x00, 0x00, 0x00, 0x00, 0x00, 0x00, 0x00,
    0x00, 0x00, 0x00, 0x00, 0x00, 0x00, 0x00, 0x00, 0x00, 0x00, 0x00, 0x00, 0x00, 0x00, 0x00, 0x00,
    0x00, 0x00, 0x00, 0x00, 0x00, 0x00, 0x00, 0x00, 0x00, 0x00, 0x00, 0x00, 0x00, 0x00, 0x00, 0x00,
    0x00, 0x00, 0x00, 0x00, 0x00, 0x00, 0x00, 0x00, 0x00, 0x00, 0x00, 0x00, 0x00, 0x00, 0x00, 0x00,
    0x00, 0x00, 0x00, 0x00, 0x00, 0x00, 0x00, 0x00, 0x00, 0x00, 0x00, 0x00, 0x00, 0x00, 0x00, 0x00,
    0x00, 0x00, 0x00, 0x00, 0x00, 0x00, 0x00, 0x00, 0x00, 0x00, 0x00, 0x00, 0x00, 0x00, 0x00, 0x00,
    0x00, 0x00, 0x00, 0x00, 0x00, 0x00, 0x00, 0x00, 0x00, 0x00, 0x00, 0x00, 0x00, 0x00, 0x00, 0x00,
    0x00, 0x00, 0x00, 0x00, 0x00, 0x00, 0x00, 0x00, 0x00, 0x00, 0x00, 0x00, 0x00, 0x00, 0x00, 0x00,
    0x00, 0x00, 0x00, 0x00, 0x00, 0x00, 0x00, 0x00, 0x00, 0x00, 0x00, 0x00, 0x00, 0x00, 0x00, 0x00,
    0x00, 0x00, 0x00, 0x00, 0x00, 0x00, 0x00, 0x00, 0x00, 0x00, 0x00, 0x00, 0x00, 0x00, 0x00, 0x00,
    0x00, 0x00, 0x00, 0x00, 0x00, 0x00, 0x00, 0x00, 0x00, 0x00, 0x00, 0x00, 0x00, 0x00, 0x00, 0x00,
    0x00, 0x00, 0x00, 0x00, 0x00, 0x00, 0x00, 0x00, 0x00, 0x00, 0x00, 0x00, 0x00, 0x00, 0x00, 0x00,
    0x00, 0x00, 0x00, 0x00, 0x00, 0x00, 0x00, 0x00, 0x00, 0x00, 0x00, 0x00, 0x00, 0x00, 0x00, 0x00,
    0x00, 0x00, 0x00, 0x00, 0x00, 0x00, 0x00, 0x00, 0x00, 0x00, 0x00, 0x00, 0x00, 0x00, 0x00, 0x00,
    0x00, 0x00, 0x00, 0x00, 0x00, 0x00, 0x00, 0x00, 0x00, 0x00, 0x00, 0x00, 0x00, 0x00, 0x00, 0x00,
    0x00, 0x00, 0x00, 0x00, 0x00, 0x00, 0x00, 0x00, 0x00, 0x00, 0x00, 0x00, 0x00, 0x00, 0x00, 0x00,
    0x00, 0x00, 0x00, 0x00, 0x00, 0x00, 0x00, 0x00, 0x00, 0x00, 0x00, 0x00, 0x00, 0x00, 0x00, 0x00,
    0x00, 0x00, 0x00, 0x00, 0x00, 0x00, 0x00, 0x00, 0x00, 0x00, 0x00, 0x00, 0x00, 0x00, 0x00, 0x00,
    0x00, 0x00, 0x00, 0x00, 0x00, 0x00, 0x00, 0x00, 0x00, 0x00, 0x00, 0x00, 0x00, 0x38, 0x1E, 0x3F,
    0x00, 0x00, 0x00, 0x00, 0x00, 0x80, 0x7D, 0x3F, 0x00, 0x00, 0x20, 0x3C, 0xFA, 0x01, 0x00, 0x00,
    0x30, 0x00, 0x00, 0x00, 0x00, 0x00, 0xFA, 0x45, 0xE4, 0x38, 0x4E, 0xBF, 0x0C, 0x01, 0x00, 0x00,
    0x49, 0x03, 0x00, 0x00, 0x55, 0x04, 0x00, 0x00, 0x4F, 0x49, 0xC9, 0x3D, 0xB7, 0x64, 0xD1, 0x3C,
    0xA6, 0x22, 0x9A, 0x3D, 0xFB, 0xD1, 0x02, 0x3E, 0x7D, 0x06, 0x8A, 0x3E, 0xFB, 0xD1, 0x02, 0x3E,
    0xA6, 0x22, 0x9A, 0x3D, 0xB7, 0x64, 0xD1, 0x3C, 0x24, 0x01, 0x00, 0x00, 0xAA, 0x03, 0x00, 0x00,
    0xCE, 0x04, 0x00, 0x00, 0xAF, 0x8F, 0xDA, 0x3D, 0xEE, 0x52, 0xD1, 0x3C, 0x8F, 0x15, 0x9A, 0x3D,
    0xDF, 0xC6, 0x02, 0x3E, 0x2C, 0xBC, 0x7A, 0x3E, 0xDF, 0xC6, 0x02, 0x3E, 0x8F, 0x15, 0x9A, 0x3D,
    0xEE, 0x52, 0xD1, 0x3C, 0x3E, 0x01, 0x00, 0x00, 0xCD, 0x03, 0x00, 0x00, 0x0B, 0x05, 0x00, 0x00,
    0xF8, 0xF6, 0xE2, 0x3D, 0x3F, 0xB5, 0xD0, 0x3C, 0x80, 0xA1, 0x99, 0x3D, 0x5E, 0x64, 0x02, 0x3E,
    0x84, 0x9A, 0x6F, 0x3E, 0x5E, 0x64, 0x02, 0x3E, 0x80, 0xA1, 0x99, 0x3D, 0x3F, 0xB5, 0xD0, 0x3C,
    0x47, 0x01, 0x00, 0x00, 0xE0, 0x03, 0x00, 0x00, 0x27, 0x05, 0x00, 0x00, 0x3C, 0xC1, 0xE6, 0x3D,
    0x75, 0x50, 0xD0, 0x3C, 0x4C, 0x57, 0x99, 0x3D, 0x64, 0x25, 0x02, 0x3E, 0xC7, 0xD0, 0x6A, 0x3E,
    0x64, 0x25, 0x02, 0x3E, 0x4C, 0x57, 0x99, 0x3D, 0x75, 0x50, 0xD0, 0x3C, 0x4F, 0x01, 0x00, 0x00,
    0xDA, 0x03, 0x00, 0x00, 0x29, 0x05, 0x00, 0x00, 0x28, 0x06, 0xE7, 0x3D, 0x9D, 0x48, 0xD0, 0x3C,
    0x87, 0x51, 0x99, 0x3D, 0x7E, 0x20, 0x02, 0x3E, 0x18, 0x7B, 0x6A, 0x3E, 0x7E, 0x20, 0x02, 0x3E,
    0x87, 0x51, 0x99, 0x3D, 0x9D, 0x48, 0xD0, 0x3C, 0x53, 0x01, 0x00, 0x00, 0x10, 0x04, 0x00, 0x00,
    0x63, 0x05, 0x00, 0x00, 0x98, 0xBC, 0xEE, 0x3D, 0xB3, 0x42, 0xCF, 0x3C, 0xBB, 0x90, 0x98, 0x3D,
    0xDC, 0x7C, 0x01, 0x3E, 0x6C, 0x2D, 0x61, 0x3E, 0xDC, 0x7C, 0x01, 0x3E, 0xBB, 0x90, 0x98, 0x3D,
    0xB3, 0x42, 0xCF, 0x3C, 0x60, 0x01, 0x00, 0x00, 0x3B, 0x04, 0x00, 0x00, 0x9B, 0x05, 0x00, 0x00,
    0x44, 0x04, 0xF6, 0x3D, 0xCC, 0x0B, 0xCE, 0x3C, 0xDF, 0xAB, 0x97, 0x3D, 0x9F, 0xBA, 0x00, 0x3E,
    0x33, 0xE2, 0x58, 0x3E, 0x9F, 0xBA, 0x00, 0x3E, 0xDF, 0xAB, 0x97, 0x3D, 0xCC, 0x0B, 0xCE, 0x3C,
    0x65, 0x01, 0x00, 0x00, 0x44, 0x04, 0x00, 0x00, 0xA9, 0x05, 0x00, 0x00, 0xB4, 0xCF, 0xF7, 0x3D,
    0x0C, 0xB6, 0xCD, 0x3C, 0xC0, 0x6C, 0x97, 0x3D, 0x0A, 0x85, 0x00, 0x3E, 0x6F, 0xE8, 0x56, 0x3E,
    0x0A, 0x85, 0x00, 0x3E, 0xC0, 0x6C, 0x97, 0x3D, 0x0C, 0xB6, 0xCD, 0x3C, 0x69, 0x01, 0x00, 0x00,
    0x5E, 0x04, 0x00, 0x00, 0xC7, 0x05, 0x00, 0x00, 0x9B, 0x9F, 0xFB, 0x3D, 0x45, 0xF4, 0xCC, 0x3C,
    0x1C, 0xDE, 0x96, 0x3D, 0xFC, 0x0B, 0x00, 0x3E, 0x6C, 0xCC, 0x52, 0x3E, 0xFC, 0x0B, 0x00, 0x3E,
    0x1C, 0xDE, 0x96, 0x3D, 0x45, 0xF4, 0xCC, 0x3C, 0x7B, 0x01, 0x00, 0x00, 0xBA, 0x04, 0x00, 0x00,
    0x35, 0x06, 0x00, 0x00, 0x72, 0x9B, 0x04, 0x3E, 0xE9, 0xC6, 0xC9, 0x3C, 0x66, 0x87, 0x94, 0x3D,
    0xAB, 0x1F, 0xFC, 0x3D, 0x69, 0x0D, 0x45, 0x3E, 0xAB, 0x1F, 0xFC, 0x3D, 0x66, 0x87, 0x94, 0x3D,
    0xE9, 0xC6, 0xC9, 0x3C, 0x9B, 0x01, 0x00, 0x00, 0xE3, 0x04, 0x00, 0x00, 0x7E, 0x06, 0x00, 0x00,
    0xEA, 0xF3, 0x08, 0x3E, 0x92, 0x60, 0xC7, 0x3C, 0x2D, 0xC3, 0x92, 0x3D, 0x09, 0x20, 0xF9, 0x3D,
    0xF0, 0xF0, 0x3C, 0x3E, 0x09, 0x20, 0xF9, 0x3D, 0x2D, 0xC3, 0x92, 0x3D, 0x92, 0x60, 0xC7, 0x3C,
    0xB4, 0x01, 0x00, 0x00, 0xFB, 0x04, 0x00, 0x00, 0xAF, 0x06, 0x00, 0x00, 0x46, 0xCC, 0x0B, 0x3E,
    0x17, 0xA9, 0xC5, 0x3C, 0xAD, 0x7F, 0x91, 0x3D, 0xE8, 0xFA, 0xF6, 0x3D, 0x0F, 0xE4, 0x37, 0x3E,
    0xE8, 0xFA, 0xF6, 0x3D, 0xAD, 0x7F, 0x91, 0x3D, 0x17, 0xA9, 0xC5, 0x3C, 0xBD, 0x01, 0x00, 0x00,
    0x1A, 0x05, 0x00, 0x00, 0xD7, 0x06, 0x00, 0x00, 0x1C, 0x14, 0x0E, 0x3E, 0x78, 0x34, 0xC4, 0x3C,
    0x63, 0x6D, 0x90, 0x3D, 0x4B, 0x29, 0xF5, 0x3D, 0x4C, 0xFB, 0x33, 0x3E, 0x4B, 0x29, 0xF5, 0x3D,
    0x63, 0x6D, 0x90, 0x3D, 0x78, 0x34, 0xC4, 0x3C, 0xD3, 0x01, 0x00, 0x00, 0x95, 0x05, 0x00, 0x00,
    0x68, 0x07, 0x00, 0x00, 0x62, 0x09, 0x16, 0x3E, 0x6A, 0x9A, 0xBE, 0x3C, 0xC7, 0x4D, 0x8C, 0x3D,
    0x6D, 0x29, 0xEE, 0x3D, 0xF6, 0x37, 0x27, 0x3E, 0x6D, 0x29, 0xEE, 0x3D, 0xC7, 0x4D, 0x8C, 0x3D,
    0x6A, 0x9A, 0xBE, 0x3C, 0xF0, 0x01, 0x00, 0x00, 0xB3, 0x05, 0x00, 0x00, 0xA3, 0x07, 0x00, 0x00,
    0xBA, 0x23, 0x19, 0x3E, 0x17, 0x36, 0xBC, 0x3C, 0x0C, 0x8B, 0x8A, 0x3D, 0x54, 0x2C, 0xEB, 0x3D,
    0x43, 0x93, 0x22, 0x3E, 0x54, 0x2C, 0xEB, 0x3D, 0x0C, 0x8B, 0x8A, 0x3D, 0x17, 0x36, 0xBC, 0x3C,
    0x12, 0x02, 0x00, 0x00, 0xF9, 0x05, 0x00, 0x00, 0x0B, 0x08, 0x00, 0x00, 0xBA, 0x6C, 0x1E, 0x3E,
    0xF0, 0xE2, 0xB7, 0x3C, 0x0E, 0x5C, 0x87, 0x3D, 0xE7, 0xC4, 0xE5, 0x3D, 0x88, 0x0A, 0x1B, 0x3E,
    0xE7, 0xC4, 0xE5, 0x3D, 0x0E, 0x5C, 0x87, 0x3D, 0xF0, 0xE2, 0xB7, 0x3C, 0x74, 0x5A, 0xBB, 0x3C,
    0xCB, 0xB1, 0xC3, 0x3C, 0xC8, 0xA9, 0xC7, 0x3C, 0x9B, 0x6F, 0xC9, 0x3C, 0xBC, 0x8F, 0xC9, 0x3C,
    0xE9, 0x22, 0xCD, 0x3C, 0xA5, 0x79, 0xD0, 0x3C, 0x11, 0x4B, 0xD1, 0x3C, 0x52, 0x06, 0xD3, 0xBC,
    0x0B, 0x22, 0xD9, 0xBC, 0xCD, 0xFD, 0xDC, 0xBC, 0xED, 0x7F, 0xDF, 0xBC, 0x3D, 0x80, 0xE1, 0xBC,
    0x7D, 0x6D, 0xE8, 0xBC, 0xB2, 0x1B, 0xEB, 0xBC, 0x48, 0xA7, 0xEF, 0xBC, 0x74, 0x5A, 0xBB, 0x3C,
    0xCB, 0xB1, 0xC3, 0x3C, 0xC8, 0xA9, 0xC7, 0x3C, 0x9B, 0x6F, 0xC9, 0x3C, 0xBC, 0x8F, 0xC9, 0xBC,
    0xE9, 0x22, 0xCD, 0xBC, 0xA5, 0x79, 0xD0, 0xBC, 0x11, 0x4B, 0xD1, 0xBC, 0x52, 0x06, 0xD3, 0x3C,
    0x0B, 0x22, 0xD9, 0x3C, 0xCD, 0xFD, 0xDC, 0x3C, 0xED, 0x7F, 0xDF, 0x3C, 0x3D, 0x80, 0xE1, 0xBC,
    0x7D, 0x6D, 0xE8, 0xBC, 0xB2, 0x1B, 0xEB, 0xBC, 0x48, 0xA7, 0xEF, 0xBC, 0x74, 0x5A, 0xBB, 0xBC,
    0xCB, 0xB1, 0xC3, 0xBC, 0xC8, 0xA9, 0xC7, 0xBC, 0x9B, 0x6F, 0xC9, 0xBC, 0xBC, 0x8F, 0xC9, 0x3C,
    0xE9, 0x22, 0xCD, 0x3C, 0xA5, 0x79, 0xD0, 0x3C, 0x11, 0x4B, 0xD1, 0x3C, 0x52, 0x06, 0xD3, 0x3C,
    0x0B, 0x22, 0xD9, 0x3C, 0xCD, 0xFD, 0xDC, 0x3C, 0xED, 0x7F, 0xDF, 0x3C, 0x3D, 0x80, 0xE1, 0xBC,
    0x7D, 0x6D, 0xE8, 0xBC, 0xB2, 0x1B, 0xEB, 0xBC, 0x48, 0xA7, 0xEF, 0xBC, 0x74, 0x5A, 0xBB, 0x3C,
    0xCB, 0xB1, 0xC3, 0x3C, 0xC8, 0xA9, 0xC7, 0xBC, 0x9B, 0x6F, 0xC9, 0xBC, 0xBC, 0x8F, 0xC9, 0x3C,
    0xE9, 0x22, 0xCD, 0x3C, 0xA5, 0x79, 0xD0, 0xBC, 0x11, 0x4B, 0xD1, 0xBC, 0x52, 0x06, 0xD3, 0x3C,
    0x0B, 0x22, 0xD9, 0x3C, 0xCD, 0xFD, 0xDC, 0xBC, 0xED, 0x7F, 0xDF, 0xBC, 0x3D, 0x80, 0xE1, 0x3C,
    0x7D, 0x6D, 0xE8, 0x3C, 0xB2, 0x1B, 0xEB, 0xBC, 0x48, 0xA7, 0xEF, 0xBC, 0x74, 0x5A, 0xBB, 0xBC,
    0xCB, 0xB1, 0xC3, 0xBC, 0xC8, 0xA9, 0xC7, 0x3C, 0x9B, 0x6F, 0xC9, 0x3C, 0xBC, 0x8F, 0xC9, 0xBC,
    0xE9, 0x22, 0xCD, 0xBC, 0xA5, 0x79, 0xD0, 0x3C, 0x11, 0x4B, 0xD1, 0x3C, 0x52, 0x06, 0xD3, 0x3C,
    0x0B, 0x22, 0xD9, 0x3C, 0xCD, 0xFD, 0xDC, 0xBC, 0xED, 0x7F, 0xDF, 0xBC, 0x3D, 0x80, 0xE1, 0x3C,
    0x7D, 0x6D, 0xE8, 0x3C, 0xB2, 0x1B, 0xEB, 0xBC, 0x48, 0xA7, 0xEF, 0xBC, 0x74, 0x5A, 0xBB, 0xBC,
    0xCB, 0xB1, 0xC3, 0xBC, 0xC8, 0xA9, 0xC7, 0x3C, 0x9B, 0x6F, 0xC9, 0x3C, 0xBC, 0x8F, 0xC9, 0x3C,
    0xE9, 0x22, 0xCD, 0x3C, 0xA5, 0x79, 0xD0, 0xBC, 0x11, 0x4B, 0xD1, 0xBC, 0x52, 0x06, 0xD3, 0xBC,
    0x0B, 0x22, 0xD9, 0xBC, 0xCD, 0xFD, 0xDC, 0x3C, 0xED, 0x7F, 0xDF, 0x3C, 0x3D, 0x80, 0xE1, 0x3C,
    0x7D, 0x6D, 0xE8, 0x3C, 0xB2, 0x1B, 0xEB, 0xBC, 0x48, 0xA7, 0xEF, 0xBC, 0x74, 0x5A, 0xBB, 0x3C,
    0xCB, 0xB1, 0xC3, 0x3C, 0xC8, 0xA9, 0xC7, 0xBC, 0x9B, 0x6F, 0xC9, 0xBC, 0xBC, 0x8F, 0xC9, 0xBC,
    0xE9, 0x22, 0xCD, 0xBC, 0xA5, 0x79, 0xD0, 0x3C, 0x11, 0x4B, 0xD1, 0x3C, 0x52, 0x06, 0xD3, 0xBC,
    0x0B, 0x22, 0xD9, 0xBC, 0xCD, 0xFD, 0xDC, 0x3C, 0xED, 0x7F, 0xDF, 0x3C, 0x3D, 0x80, 0xE1, 0x3C,
    0x7D, 0x6D, 0xE8, 0x3C, 0xB2, 0x1B, 0xEB, 0xBC, 0x48, 0xA7, 0xEF, 0xBC, 0x74, 0x5A, 0xBB, 0xBC,
    0xCB, 0xB1, 0xC3, 0x3C, 0xC8, 0xA9, 0xC7, 0x3C, 0x9B, 0x6F, 0xC9, 0xBC, 0xBC, 0x8F, 0xC9, 0xBC,
    0xE9, 0x22, 0xCD, 0x3C, 0xA5, 0x79, 0xD0, 0x3C, 0x11, 0x4B, 0xD1, 0xBC, 0x52, 0x06, 0xD3, 0xBC,
    0x0B, 0x22, 0xD9, 0x3C, 0xCD, 0xFD, 0xDC, 0x3C, 0xED, 0x7F, 0xDF, 0xBC, 0x3D, 0x80, 0xE1, 0xBC,
    0x7D, 0x6D, 0xE8, 0x3C, 0xB2, 0x1B, 0xEB, 0x3C, 0x48, 0xA7, 0xEF, 0xBC, 0x89, 0x01, 0x00, 0x00,
    0x93, 0x00, 0x00, 0x00, 0xA1, 0x02, 0x00, 0x00, 0x30, 0x00, 0x00, 0x00, 0xFA, 0x36, 0x00, 0xC1,
    0x00, 0x00, 0x00, 0x00, 0x00, 0x00, 0x00, 0x00, 0xD7, 0x74, 0x8C, 0xC0, 0x00, 0x00, 0x00, 0x00,
    0x4C, 0x41, 0xF2, 0x3F, 0xA7, 0xA6, 0xA3, 0xC0, 0x67, 0x71, 0x46, 0x40, 0x00, 0x00, 0x50, 0x40,
    0x00, 0x00, 0x00, 0x00, 0x00, 0x00, 0x00, 0x00, 0x00, 0x00, 0x00, 0x00, 0x00, 0x00, 0x00, 0x00,
    0x00, 0x00, 0x00, 0x00, 0x00, 0x00, 0x00, 0x00, 0x00, 0x00, 0x00, 0x00, 0xE4, 0x38, 0x1F, 0xC1,
    0x00, 0x00, 0x40, 0xC0, 0x00, 0x00, 0xB8, 0xC1, 0x00, 0x00, 0x40, 0xC0, 0x00, 0x00, 0x00, 0x00,
    0x00, 0x00, 0xA0, 0xC1, 0x00, 0x00, 0x68, 0xC1, 0x00, 0x00, 0x40, 0xC0, 0x00, 0x00, 0xF0, 0xC0,
    0x00, 0x00, 0x40, 0xC0, 0x00, 0x00, 0xB0, 0xC0, 0x00, 0x00, 0x40, 0xC0, 0x00, 0x00, 0xC0, 0xBF,
    0x00, 0x00, 0xC0, 0xC0, 0x00, 0x00, 0x00, 0x00, 0x00, 0x00, 0x00, 0x00, 0x00, 0x00, 0x00, 0x00,
}};

constexpr const std::array<std::uint8_t, 7568>* kXinnSpreset2in6Portable[4] = {
    &kXinnSpreset_2in6_1, &kXinnSpreset_2in6_2, &kXinnSpreset_2in6_3, &kXinnSpreset_2in6_4,
};
constexpr const std::array<std::uint8_t, 7568>* kXinnSpreset5inNPortable[4] = {
    &kXinnSpreset_5inN_1, &kXinnSpreset_5inN_2, &kXinnSpreset_5inN_3, &kXinnSpreset_5inN_4,
};

} // namespace
